ride_id,date,hour,city,pickup_area,drop_area,ride_type,rider,driver,distance_km,duration_mins,weather,surge,fare,payment_mode,status,cancelled_by,driver_rating,tip
RD25000,30-06-2024,18,Mumbai,Bandra,CST,Mini,Nikhil S.,Vijay Naik,20.7,117,Rainy,N,360,UPI,Completed,,4,10
RD24999,30-06-2024,15,Mumbai,Mumbai Airport,Bandra,Mini,Aarav K.,Vijay Naik,30.6,150,Rainy,N,509,Wallet,Completed,,4,50
RD24998,30-06-2024,12,Pune,Hadapsar,Hinjewadi,Bike,Riya S.,Rajesh Kumar,12.6,45,Rainy,Y,167,UPI,Completed,,5,0
RD24997,30-06-2024,9,Hyderabad,HITEC City,Gachibowli,Sedan,Rohan A.,Venkat Raju,1.2,8,Rainy,Y,144,Card,Completed,,,10
RD24996,30-06-2024,9,Mumbai,Dadar,Mumbai Airport,Auto,Nikhil K.,Vijay Naik,20.7,102,Sunny,N,278,Card,Completed,,4,20
RD24995,30-06-2024,6,Mumbai,Powai,Andheri,Mini,Pranav A.,Prakash Singh,5.7,21,Sunny,N,,UPI,Cancelled,Rider,,0
RD24994,29-06-2024,23,Delhi,Karol Bagh,Dwarka,Sedan,Gauri K.,Deepak Chauhan,9.3,35,Rainy,N,237,Card,Completed,,4,50
RD24993,29-06-2024,21,Pune,Viman Nagar,Kothrud,Mini,Rahul K.,Ramesh Pawar,4.4,18,Sunny,N,116,UPI,Completed,,5,50
RD24992,29-06-2024,21,Delhi,New Delhi Station,Lajpat Nagar,Mini,Kabir K.,Deepak Chauhan,2.7,15,Rainy,Y,136,UPI,Completed,,5,50
RD24991,29-06-2024,17,Delhi,Dwarka,Karol Bagh,Mini,Meera A.,Kiran More,1.6,11,Rainy,Y,97,UPI,Completed,,5,0
RD24990,29-06-2024,10,Delhi,Lajpat Nagar,Dwarka,Sedan,Meera K.,Sachin Kale,2.1,13,Rainy,N,108,Card,Completed,,4,0
RD24989,29-06-2024,10,Hyderabad,Ameerpet,Gachibowli,Auto,Kavya K.,Pradeep Mishra,2.9,22,Sunny,N,65,UPI,Completed,,4,0
RD24988,29-06-2024,9,Mumbai,Mumbai Airport,Bandra,Sedan,Sneha S.,Prakash Singh,15.4,86,Sunny,Y,563,UPI,Completed,,3,0
RD24987,29-06-2024,1,Delhi,Saket,Lajpat Nagar,Sedan,Nikhil K.,Deepak Chauhan,4.4,17,Cloudy,N,149,Cash,Completed,,5,30
RD24986,28-06-2024,23,Bengaluru,Whitefield,Koramangala,Mini,Kabir A.,Manoj Verma,6.5,33,Rainy,N,148,UPI,Completed,,5,0
RD24985,28-06-2024,22,Delhi,New Delhi Station,Connaught Place,Auto,Priya A.,Kiran More,5.2,26,Sunny,N,92,Cash,Completed,,4,50
RD24984,28-06-2024,20,Pune,Hadapsar,Kothrud,Mini,Nidhi S.,Ramesh Pawar,2.9,18,Sunny,N,94,UPI,Completed,,4,50
RD24983,28-06-2024,19,Mumbai,Andheri,Bandra,Auto,Harsh S.,Dinesh Gowda,5.4,33,Rainy,Y,,Cash,Cancelled,Driver,,0
RD24982,28-06-2024,13,Mumbai,Colaba,Bandra,Auto,Nikhil K.,Dinesh Gowda,14,60,Cloudy,N,198,UPI,Completed,,3,0
RD24981,28-06-2024,12,Pune,Baner,Pune Airport,Auto,Varun S.,Ganesh Reddy,26.2,127,Rainy,Y,496,Cash,Completed,,3,0
RD24980,28-06-2024,10,Mumbai,Powai,Andheri,Mini,Omkar A.,Santosh Jadhav,4.3,28,Sunny,Y,176,UPI,Completed,,4,30
RD24979,28-06-2024,9,Bengaluru,HSR Layout,MG Road,Bike,Nikhil S.,Ravi Rao,10.4,57,Cloudy,N,93,UPI,Completed,,4,0
RD24978,27-06-2024,20,Bengaluru,Bengaluru Airport,MG Road,Mini,Aditya A.,Salim Khan,20,108,Rainy,N,350,Wallet,Completed,,5,0
RD24977,27-06-2024,18,Pune,Baner,Hinjewadi,Auto,Riya K.,Mahesh Shinde,9.1,51,Rainy,Y,229,Cash,Completed,,4,50
RD24976,27-06-2024,9,Mumbai,Powai,CST,Auto,Kavya S.,Vijay Naik,13.7,81,Rainy,Y,,Cash,Cancelled,Rider,,0
RD24975,26-06-2024,22,Mumbai,Mumbai Airport,Dadar,Sedan,Rohan A.,Anil Sharma,30.2,150,Sunny,N,614,Cash,Completed,,4,10
RD24974,26-06-2024,18,Delhi,Dwarka,Saket,Mini,Isha S.,Sachin Kale,5.4,35,Rainy,Y,,Wallet,Cancelled,Driver,,0
RD24973,26-06-2024,9,Pune,Hadapsar,Viman Nagar,Auto,Ananya K.,Rajesh Kumar,10.6,61,Rainy,Y,254,UPI,Completed,,4,0
RD24972,26-06-2024,8,Delhi,Connaught Place,Saket,Mini,Neha K.,Sachin Kale,22.4,120,Rainy,Y,606,Wallet,Completed,,3,0
RD24971,26-06-2024,8,Mumbai,Bandra,Colaba,Sedan,Diya S.,Vijay Naik,3.9,26,Rainy,Y,,UPI,Cancelled,Driver,,0
RD24970,25-06-2024,21,Mumbai,Thane,Andheri,Sedan,Tanvi A.,Santosh Jadhav,11.9,41,Cloudy,N,284,UPI,Completed,,3,10
RD24969,25-06-2024,20,Pune,Baner,Hinjewadi,SUV,Aisha K.,Suresh Yadav,11.9,68,Rainy,Y,,UPI,Cancelled,Driver,,0
RD24968,25-06-2024,18,Bengaluru,Koramangala,Whitefield,Sedan,Rahul S.,Salim Khan,2.4,17,Rainy,Y,,UPI,Cancelled,Driver,,0
RD24967,25-06-2024,18,Mumbai,CST,Powai,Auto,Siddharth K.,Prakash Singh,9.3,35,Sunny,Y,215,UPI,Completed,,5,0
RD24966,25-06-2024,17,Pune,Pune Station,Baner,Bike,Siddharth A.,Mahesh Shinde,1.6,10,Sunny,Y,50,UPI,Completed,,5,0
RD24965,25-06-2024,15,Pune,Pune Airport,Hadapsar,Auto,Ananya S.,Ramesh Pawar,24.7,79,Rainy,N,,UPI,Cancelled,Driver,,0
RD24964,25-06-2024,12,Mumbai,Colaba,Andheri,Mini,Riya S.,Anil Sharma,14.8,62,Sunny,N,272,Wallet,Completed,,4,0
RD24963,25-06-2024,6,Mumbai,Mumbai Airport,Colaba,Mini,Pooja S.,Anil Sharma,22.1,66,Sunny,N,382,UPI,Completed,,4,10
RD24962,24-06-2024,20,Pune,Hadapsar,Shivajinagar,Sedan,Aisha S.,Mahesh Shinde,3,16,Rainy,N,124,Cash,Completed,,5,10
RD24961,24-06-2024,16,Delhi,New Delhi Station,Lajpat Nagar,Mini,Karan K.,Deepak Chauhan,6.5,29,Rainy,Y,253,UPI,Completed,,4,30
RD24960,24-06-2024,16,Hyderabad,Gachibowli,Hyderabad Airport,Auto,Sneha A.,Harish Bhat,22.3,122,Rainy,N,298,Cash,Completed,,4,0
RD24959,24-06-2024,5,Bengaluru,Koramangala,Electronic City,Bike,Nikhil S.,Salim Khan,9.7,34,Rainy,Y,123,Wallet,Completed,,5,0
RD24958,23-06-2024,22,Bengaluru,Indiranagar,Majestic,Auto,Karan A.,Salim Khan,5.1,20,Sunny,N,,UPI,Cancelled,Rider,,0
RD24957,23-06-2024,19,Hyderabad,Secunderabad,Gachibowli,Sedan,Sneha S.,Venkat Raju,1.6,13,Rainy,Y,143,UPI,Completed,,5,0
RD24956,23-06-2024,17,Hyderabad,Hyderabad Airport,Ameerpet,Sedan,Sneha S.,Babu Pillai,23,127,Rainy,Y,630,Cash,Completed,,4,30
RD24955,23-06-2024,10,Pune,Pune Station,Viman Nagar,Mini,Ananya A.,Suresh Yadav,9.1,56,Rainy,Y,258,UPI,Completed,,5,50
RD24954,22-06-2024,17,Pune,Pune Airport,Pune Station,Mini,Harsh K.,Mahesh Shinde,22.3,91,Sunny,N,384,Wallet,Completed,,4,0
RD24953,22-06-2024,15,Bengaluru,Indiranagar,Koramangala,SUV,Meera S.,Imran Shaikh,13.7,42,Sunny,N,429,Wallet,Completed,,4,0
RD24952,21-06-2024,20,Mumbai,Dadar,CST,Sedan,Kavya A.,Santosh Jadhav,11.4,60,Sunny,Y,519,Wallet,Completed,,4,20
RD24951,21-06-2024,19,Pune,Hinjewadi,Pune Station,Mini,Rohan K.,Suresh Yadav,18.3,82,Rainy,Y,,Cash,Cancelled,Rider,,0
RD24950,21-06-2024,16,Bengaluru,MG Road,HSR Layout,Bike,Gauri A.,Imran Shaikh,10.5,44,Rainy,Y,177,UPI,Completed,,4,0
RD24949,21-06-2024,14,Mumbai,Dadar,Mumbai Airport,Bike,Nikhil S.,Prakash Singh,19.2,69,Rainy,N,154,UPI,Completed,,4,0
RD24948,21-06-2024,12,Pune,Pune Station,Baner,Sedan,Neha A.,Ramesh Pawar,12.4,65,Rainy,Y,500,Cash,Completed,,4,0
RD24947,21-06-2024,8,Bengaluru,HSR Layout,Bengaluru Airport,Auto,Omkar K.,Ravi Rao,17.5,96,Sunny,N,240,Cash,Completed,,,0
RD24946,20-06-2024,18,Pune,Kothrud,Hinjewadi,Auto,Pooja S.,Suresh Yadav,7,41,Cloudy,Y,194,Cash,Completed,,4,0
RD24945,20-06-2024,17,Mumbai,CST,Bandra,Bike,Aisha S.,Dinesh Gowda,2.5,16,Rainy,Y,55,UPI,Completed,,4,10
RD24944,20-06-2024,16,Delhi,Saket,Karol Bagh,Mini,Aditya S.,Arun Nair,2.7,15,Sunny,N,90,UPI,Completed,,4,0
RD24943,20-06-2024,13,Pune,Pune Airport,Shivajinagar,Auto,Pooja S.,Ganesh Reddy,28.3,87,Sunny,N,370,Wallet,Completed,,4,0
RD24942,20-06-2024,9,Mumbai,Mumbai Airport,Colaba,Bike,Nikhil S.,Santosh Jadhav,16.5,95,Rainy,Y,229,UPI,Completed,,4,10
RD24941,20-06-2024,9,Hyderabad,Hyderabad Airport,Charminar,Sedan,Sana K.,Venkat Raju,20.6,108,Rainy,Y,737,Cash,Completed,,5,0
RD24940,19-06-2024,23,Hyderabad,Gachibowli,Kukatpally,SUV,Sana K.,Harish Bhat,14.4,57,Sunny,N,446,Cash,Completed,,4,0
RD24939,19-06-2024,20,Pune,Baner,Hadapsar,Mini,Meera K.,Mahesh Shinde,5.9,28,Rainy,Y,217,UPI,Completed,,5,0
RD24938,19-06-2024,19,Mumbai,Dadar,Andheri,Bike,Aditya S.,Santosh Jadhav,4.9,19,Rainy,N,,Card,Cancelled,Rider,,0
RD24937,19-06-2024,17,Pune,Hinjewadi,Viman Nagar,Bike,Nikhil K.,Mahesh Shinde,13,60,Rainy,N,111,UPI,Completed,,4,0
RD24936,19-06-2024,17,Hyderabad,Charminar,Banjara Hills,Bike,Meera A.,Pradeep Mishra,4.8,24,Rainy,Y,85,UPI,Completed,,4,10
RD24935,19-06-2024,15,Mumbai,CST,Powai,Mini,Varun S.,Prakash Singh,9.8,28,Cloudy,N,197,Card,Completed,,5,0
RD24934,19-06-2024,13,Hyderabad,Gachibowli,Charminar,Bike,Nikhil S.,Harish Bhat,11.2,48,Rainy,Y,,Cash,Cancelled,Driver,,0
RD24933,19-06-2024,11,Delhi,New Delhi Station,Delhi Airport,Mini,Yash K.,Kiran More,26.6,116,Rainy,N,449,Cash,Completed,,5,0
RD24932,18-06-2024,21,Pune,Viman Nagar,Pune Station,Mini,Diya A.,Rajesh Kumar,5.9,20,Sunny,Y,215,UPI,Completed,,4,50
RD24931,18-06-2024,20,Delhi,Saket,Dwarka,Sedan,Rohan S.,Deepak Chauhan,8.6,47,Rainy,N,225,Wallet,Completed,,5,30
RD24930,18-06-2024,20,Pune,Pune Airport,Hadapsar,Auto,Rohan A.,Suresh Yadav,19,75,Sunny,Y,362,UPI,Completed,,,0
RD24929,18-06-2024,17,Delhi,Karol Bagh,Noida Sec 18,Bike,Pooja K.,Kiran More,4,24,Rainy,Y,,UPI,Cancelled,Rider,,0
RD24928,18-06-2024,14,Mumbai,Colaba,Thane,Mini,Aisha K.,Santosh Jadhav,1.6,10,Rainy,N,,UPI,Cancelled,Rider,,0
RD24927,18-06-2024,8,Pune,Hadapsar,Hinjewadi,Auto,Gauri A.,Suresh Yadav,9.6,38,Cloudy,N,145,Cash,Completed,,5,20
RD24926,18-06-2024,8,Bengaluru,MG Road,Indiranagar,Mini,Aditya K.,Ravi Rao,1.4,7,Rainy,Y,108,UPI,Completed,,,0
RD24925,18-06-2024,8,Bengaluru,MG Road,Indiranagar,Auto,Rahul A.,Sunil Patil,10.2,59,Sunny,N,152,Card,Completed,,4,50
RD24924,18-06-2024,7,Mumbai,Mumbai Airport,Colaba,Sedan,Gauri A.,Vijay Naik,22.6,91,Sunny,N,477,Cash,Completed,,4,0
RD24923,18-06-2024,6,Mumbai,Mumbai Airport,Colaba,Sedan,Kavya K.,Vijay Naik,18.6,71,Rainy,N,405,UPI,Completed,,4,10
RD24922,18-06-2024,4,Pune,Baner,Hadapsar,Bike,Neha K.,Ramesh Pawar,3,11,Rainy,Y,,Cash,Cancelled,Rider,,0
RD24921,17-06-2024,22,Mumbai,Powai,CST,Auto,Tanvi K.,Dinesh Gowda,4.2,18,Sunny,Y,138,UPI,Completed,,4,0
RD24920,17-06-2024,20,Bengaluru,Koramangala,Indiranagar,SUV,Kabir K.,Salim Khan,13.1,45,Sunny,N,414,Card,Completed,,4,20
RD24919,17-06-2024,12,Pune,Hadapsar,Viman Nagar,SUV,Neha A.,Suresh Yadav,6.8,24,Sunny,N,263,UPI,Completed,,4,10
RD24918,17-06-2024,11,Pune,Pune Airport,Hinjewadi,Mini,Sneha K.,Suresh Yadav,20.9,59,Sunny,N,364,UPI,Completed,,4,10
RD24917,17-06-2024,10,Mumbai,CST,Andheri,Auto,Nidhi K.,Dinesh Gowda,8.6,45,Cloudy,Y,243,Cash,Completed,,4,50
RD24916,17-06-2024,10,Mumbai,Mumbai Airport,Thane,Bike,Priya K.,Santosh Jadhav,17,92,Sunny,Y,,UPI,Cancelled,Driver,,0
RD24915,17-06-2024,9,Mumbai,Dadar,Bandra,Mini,Nikhil S.,Vijay Naik,6.4,35,Rainy,Y,226,Card,Completed,,4,0
RD24914,17-06-2024,7,Mumbai,Colaba,Mumbai Airport,Sedan,Karan A.,Anil Sharma,29.3,112,Rainy,Y,1112,UPI,Completed,,4,10
RD24913,17-06-2024,6,Pune,Viman Nagar,Kothrud,Sedan,Omkar K.,Ganesh Reddy,3.3,17,Rainy,N,129,UPI,Completed,,4,0
RD24912,16-06-2024,20,Bengaluru,Whitefield,MG Road,Mini,Nidhi K.,Imran Shaikh,5.4,31,Rainy,N,131,UPI,Completed,,4,0
RD24911,16-06-2024,17,Pune,Viman Nagar,Shivajinagar,Auto,Vihaan S.,Rajesh Kumar,10.1,58,Sunny,N,151,UPI,Completed,,4,30
RD24910,16-06-2024,15,Bengaluru,Whitefield,Majestic,Mini,Isha S.,Sunil Patil,19.1,71,Rainy,Y,580,Cash,Completed,,3,0
RD24909,15-06-2024,21,Pune,Pune Airport,Hinjewadi,Mini,Kabir A.,Mahesh Shinde,20.8,115,Rainy,N,362,Cash,Completed,,4,30
RD24908,15-06-2024,19,Delhi,Saket,Connaught Place,Bike,Varun A.,Joseph Dsouza,1.2,7,Rainy,Y,37,UPI,Completed,,,0
RD24907,15-06-2024,17,Delhi,Connaught Place,Lajpat Nagar,Bike,Diya K.,Sachin Kale,3.8,19,Rainy,Y,70,Wallet,Completed,,4,10
RD24906,13-06-2024,21,Mumbai,Colaba,Andheri,Mini,Aarav K.,Prakash Singh,9.7,34,Rainy,Y,282,Cash,Completed,,,0
RD24905,13-06-2024,20,Pune,Viman Nagar,Pune Station,Mini,Vihaan A.,Rajesh Kumar,13.4,64,Rainy,Y,435,UPI,Completed,,4,10
RD24904,13-06-2024,19,Bengaluru,Koramangala,HSR Layout,SUV,Meera K.,Imran Shaikh,4.1,22,Sunny,N,198,UPI,Completed,,5,20
RD24903,13-06-2024,17,Bengaluru,Bengaluru Airport,Whitefield,Bike,Nikhil K.,Manoj Verma,25.6,99,Rainy,Y,352,UPI,Completed,,4,0
RD24902,13-06-2024,15,Bengaluru,Indiranagar,Whitefield,Auto,Pooja K.,Ravi Rao,4.1,23,Rainy,Y,122,UPI,Completed,,3,0
RD24901,13-06-2024,9,Pune,Baner,Pune Station,Bike,Harsh S.,Ramesh Pawar,10.8,63,Rainy,Y,140,Card,Completed,,,0
RD24900,12-06-2024,18,Bengaluru,Koramangala,HSR Layout,Auto,Harsh K.,Salim Khan,1.7,15,Rainy,Y,83,UPI,Completed,,5,0
RD24899,12-06-2024,16,Pune,Shivajinagar,Pune Station,Mini,Sana K.,Mahesh Shinde,4.7,23,Sunny,N,120,UPI,Completed,,5,30
RD24898,12-06-2024,15,Bengaluru,Electronic City,Whitefield,Auto,Diya A.,Salim Khan,17.6,91,Rainy,Y,362,UPI,Completed,,5,0
RD24897,12-06-2024,12,Mumbai,CST,Powai,Mini,Kavya S.,Prakash Singh,1.2,4,Sunny,N,68,UPI,Completed,,5,0
RD24896,12-06-2024,9,Bengaluru,Koramangala,Bengaluru Airport,Bike,Siddharth K.,Salim Khan,20.5,63,Sunny,N,164,Wallet,Completed,,5,10
RD24895,11-06-2024,19,Mumbai,Mumbai Airport,Bandra,Mini,Nidhi K.,Anil Sharma,18.4,105,Rainy,Y,505,UPI,Completed,,5,0
RD24894,11-06-2024,13,Bengaluru,Indiranagar,MG Road,SUV,Diya K.,Salim Khan,5,22,Rainy,N,,UPI,Cancelled,Rider,,0
RD24893,11-06-2024,12,Bengaluru,HSR Layout,MG Road,Mini,Omkar A.,Manoj Verma,3.8,13,Sunny,N,107,Wallet,Completed,,5,50
RD24892,11-06-2024,12,Bengaluru,Indiranagar,Bengaluru Airport,Sedan,Diya K.,Imran Shaikh,39,150,Rainy,N,772,UPI,Completed,,5,20
RD24891,11-06-2024,11,Delhi,Connaught Place,Saket,Auto,Kavya K.,Arun Nair,7.6,30,Sunny,N,121,UPI,Completed,,5,10
RD24890,11-06-2024,7,Delhi,Noida Sec 18,New Delhi Station,Auto,Yash A.,Kiran More,3.9,26,Sunny,N,77,UPI,Completed,,,0
RD24889,11-06-2024,6,Mumbai,Dadar,Andheri,Auto,Nikhil S.,Prakash Singh,11.4,35,Sunny,N,167,UPI,Completed,,5,0
RD24888,11-06-2024,6,Bengaluru,Bengaluru Airport,HSR Layout,SUV,Aditya K.,Manoj Verma,24.2,92,Cloudy,N,681,Cash,Completed,,4,0
RD24887,11-06-2024,5,Bengaluru,Koramangala,Whitefield,Sedan,Tanvi K.,Sunil Patil,2.2,14,Sunny,N,110,Cash,Completed,,5,50
RD24886,10-06-2024,19,Delhi,Delhi Airport,Noida Sec 18,Sedan,Gauri K.,Joseph Dsouza,15.6,72,Sunny,N,351,UPI,Completed,,,20
RD24885,10-06-2024,18,Mumbai,Mumbai Airport,Andheri,Bike,Harsh S.,Anil Sharma,16.3,58,Rainy,Y,242,UPI,Completed,,4,0
RD24884,10-06-2024,14,Delhi,Noida Sec 18,New Delhi Station,Bike,Vihaan S.,Arun Nair,1.4,9,Rainy,Y,51,Card,Completed,,5,0
RD24883,10-06-2024,13,Bengaluru,Indiranagar,Koramangala,Mini,Siddharth A.,Manoj Verma,12.7,53,Cloudy,N,240,Cash,Completed,,,30
RD24882,10-06-2024,10,Delhi,Lajpat Nagar,Connaught Place,Mini,Yash A.,Sachin Kale,3.1,19,Rainy,Y,147,UPI,Completed,,4,0
RD24881,10-06-2024,9,Hyderabad,Charminar,HITEC City,SUV,Rohan S.,Babu Pillai,12.4,47,Sunny,N,398,UPI,Completed,,4,0
RD24880,10-06-2024,6,Delhi,New Delhi Station,Saket,Mini,Pranav S.,Arun Nair,2.4,14,Rainy,Y,136,UPI,Completed,,,0
RD24879,09-06-2024,21,Delhi,Delhi Airport,Noida Sec 18,Mini,Sana A.,Joseph Dsouza,31.2,98,Sunny,N,518,UPI,Completed,,4,10
RD24878,09-06-2024,20,Mumbai,Powai,Colaba,Mini,Isha A.,Anil Sharma,5.4,36,Rainy,Y,174,UPI,Completed,,5,30
RD24877,09-06-2024,20,Bengaluru,Electronic City,MG Road,Mini,Tanvi A.,Sunil Patil,2.5,16,Sunny,Y,152,Cash,Completed,,4,0
RD24876,09-06-2024,17,Bengaluru,Whitefield,Indiranagar,Bike,Pranav S.,Imran Shaikh,1.8,11,Sunny,N,33,UPI,Completed,,4,0
RD24875,09-06-2024,16,Delhi,Dwarka,Lajpat Nagar,Mini,Isha K.,Sachin Kale,16.7,93,Rainy,N,,Cash,Cancelled,Driver,,0
RD24874,09-06-2024,12,Bengaluru,Indiranagar,Bengaluru Airport,Sedan,Riya S.,Manoj Verma,22.8,123,Rainy,N,480,UPI,Completed,,5,30
RD24873,09-06-2024,8,Pune,Shivajinagar,Pune Station,Bike,Kavya A.,Rajesh Kumar,8,42,Rainy,Y,121,UPI,Completed,,4,0
RD24872,09-06-2024,7,Delhi,New Delhi Station,Connaught Place,Mini,Harsh A.,Kiran More,11.4,44,Rainy,N,221,Cash,Completed,,5,50
RD24871,08-06-2024,21,Hyderabad,Kukatpally,Charminar,SUV,Nidhi S.,Babu Pillai,21.4,88,Rainy,N,,UPI,Cancelled,Rider,,0
RD24870,08-06-2024,12,Bengaluru,Electronic City,HSR Layout,Auto,Aisha K.,Manoj Verma,12.3,63,Rainy,N,178,UPI,Completed,,5,30
RD24869,08-06-2024,1,Bengaluru,Electronic City,HSR Layout,Auto,Meera K.,Manoj Verma,17.7,74,Rainy,N,242,UPI,Completed,,4,0
RD24868,07-06-2024,17,Bengaluru,Majestic,Electronic City,Bike,Sneha A.,Manoj Verma,2.5,12,Cloudy,Y,71,UPI,Completed,,,10
RD24867,07-06-2024,13,Pune,Baner,Shivajinagar,SUV,Sneha S.,Mahesh Shinde,3.1,12,Rainy,Y,300,UPI,Completed,,4,0
RD24866,07-06-2024,6,Bengaluru,Majestic,Whitefield,Sedan,Omkar S.,Ravi Rao,2.1,9,Sunny,N,108,UPI,Completed,,4,10
RD24865,07-06-2024,5,Bengaluru,Whitefield,Bengaluru Airport,Sedan,Priya A.,Imran Shaikh,21.2,64,Cloudy,N,452,Cash,Completed,,4,0
RD24864,06-06-2024,19,Mumbai,Bandra,Dadar,Sedan,Gauri A.,Dinesh Gowda,33.9,150,Sunny,Y,1096,UPI,Completed,,3,50
RD24863,06-06-2024,18,Hyderabad,Kukatpally,Ameerpet,SUV,Nidhi A.,Pradeep Mishra,8.8,49,Rainy,Y,492,Cash,Completed,,4,0
RD24862,06-06-2024,17,Bengaluru,Bengaluru Airport,Majestic,Sedan,Priya K.,Salim Khan,24.5,137,Rainy,Y,948,UPI,Completed,,5,10
RD24861,06-06-2024,15,Pune,Pune Station,Hinjewadi,Bike,Gauri A.,Rajesh Kumar,11.6,33,Sunny,Y,180,UPI,Completed,,,0
RD24860,06-06-2024,8,Delhi,New Delhi Station,Noida Sec 18,Mini,Pranav A.,Deepak Chauhan,10.2,57,Rainy,Y,347,UPI,Completed,,5,10
RD24859,05-06-2024,22,Bengaluru,Indiranagar,Bengaluru Airport,Bike,Harsh S.,Manoj Verma,23.6,69,Sunny,N,,UPI,Cancelled,Rider,,0
RD24858,05-06-2024,19,Mumbai,Thane,CST,SUV,Kavya S.,Prakash Singh,3.4,20,Sunny,N,182,UPI,Completed,,3,30
RD24857,05-06-2024,16,Bengaluru,HSR Layout,Majestic,Auto,Neha S.,Ravi Rao,3.2,17,Rainy,Y,109,Cash,Completed,,4,0
RD24856,05-06-2024,12,Mumbai,Thane,Colaba,Sedan,Siddharth S.,Prakash Singh,4.5,17,Sunny,N,,Card,Cancelled,Rider,,0
RD24855,05-06-2024,10,Mumbai,Powai,CST,Mini,Pooja S.,Santosh Jadhav,4.2,25,Sunny,N,113,UPI,Completed,,4,10
RD24854,04-06-2024,21,Hyderabad,Charminar,Ameerpet,Auto,Nikhil S.,Venkat Raju,6,26,Rainy,N,102,UPI,Completed,,4,0
RD24853,04-06-2024,21,Delhi,Delhi Airport,New Delhi Station,Mini,Neha K.,Deepak Chauhan,29.4,132,Cloudy,N,491,UPI,Completed,,4,0
RD24852,04-06-2024,19,Delhi,Karol Bagh,Saket,Auto,Siddharth A.,Joseph Dsouza,3.1,16,Cloudy,N,67,Cash,Completed,,4,30
RD24851,04-06-2024,16,Hyderabad,Secunderabad,HITEC City,Mini,Siddharth A.,Naveen Murthy,2.2,8,Rainy,N,83,Card,Completed,,5,20
RD24850,04-06-2024,15,Pune,Baner,Kothrud,Auto,Kavya K.,Mahesh Shinde,6.4,34,Rainy,N,107,Card,Completed,,4,50
RD24849,04-06-2024,9,Mumbai,Dadar,Mumbai Airport,Auto,Rohan S.,Dinesh Gowda,22.7,129,Rainy,Y,564,UPI,Completed,,4,20
RD24848,04-06-2024,9,Delhi,Karol Bagh,Dwarka,Auto,Riya K.,Sachin Kale,9.1,45,Rainy,Y,264,UPI,Completed,,4,30
RD24847,04-06-2024,9,Mumbai,Colaba,Thane,Bike,Siddharth A.,Vijay Naik,12.6,65,Rainy,Y,,UPI,Cancelled,Rider,,0
RD24846,04-06-2024,8,Mumbai,Thane,Colaba,Auto,Nidhi A.,Santosh Jadhav,35,150,Cloudy,N,450,Cash,Completed,,4,0
RD24845,03-06-2024,20,Bengaluru,Bengaluru Airport,Majestic,Mini,Riya S.,Ravi Rao,14.9,83,Rainy,Y,494,UPI,Completed,,4,50
RD24844,03-06-2024,14,Mumbai,Colaba,Mumbai Airport,Auto,Rohan S.,Santosh Jadhav,16,91,Rainy,Y,398,UPI,Completed,,,20
RD24843,03-06-2024,13,Hyderabad,Gachibowli,Hyderabad Airport,Sedan,Neha A.,Harish Bhat,21.1,73,Cloudy,N,450,Cash,Completed,,,30
RD24842,03-06-2024,10,Delhi,Lajpat Nagar,Dwarka,Mini,Nikhil A.,Kiran More,3.3,21,Sunny,Y,168,UPI,Completed,,4,20
RD24841,03-06-2024,7,Hyderabad,Kukatpally,Secunderabad,Auto,Arjun K.,Harish Bhat,10.5,47,Sunny,N,156,UPI,Completed,,,50
RD24840,02-06-2024,19,Bengaluru,Bengaluru Airport,Koramangala,Sedan,Pooja K.,Manoj Verma,14.8,66,Sunny,Y,591,Cash,Completed,,5,0
RD24839,02-06-2024,17,Mumbai,Thane,CST,Mini,Neha K.,Prakash Singh,10.5,55,Rainy,N,208,Wallet,Completed,,3,10
RD24838,02-06-2024,12,Pune,Pune Station,Pune Airport,Bike,Harsh S.,Suresh Yadav,17.4,75,Rainy,Y,206,UPI,Completed,,4,0
RD24837,02-06-2024,10,Mumbai,Thane,Powai,Sedan,Priya A.,Santosh Jadhav,2.2,15,Cloudy,N,110,Cash,Completed,,,50
RD24836,02-06-2024,9,Pune,Baner,Shivajinagar,Mini,Aditya A.,Mahesh Shinde,1.9,13,Rainy,Y,103,UPI,Completed,,4,50
RD24835,02-06-2024,8,Hyderabad,Charminar,Gachibowli,Mini,Neha A.,Naveen Murthy,4.2,23,Rainy,Y,189,UPI,Completed,,5,0
RD24834,02-06-2024,6,Pune,Baner,Pune Station,SUV,Aditya K.,Mahesh Shinde,5.1,18,Cloudy,N,222,Cash,Completed,,5,10
RD24833,02-06-2024,1,Hyderabad,HITEC City,Kukatpally,Sedan,Neha A.,Pradeep Mishra,1.2,7,Rainy,N,92,UPI,Completed,,,0
RD24832,01-06-2024,7,Pune,Hadapsar,Kothrud,SUV,Aditya S.,Ganesh Reddy,2.6,12,Sunny,N,162,UPI,Completed,,5,0
RD24831,01-06-2024,5,Bengaluru,Whitefield,Indiranagar,Mini,Sana S.,Ravi Rao,7.8,36,Sunny,N,167,Wallet,Completed,,4,50
RD24830,31-05-2024,17,Bengaluru,Indiranagar,Majestic,Sedan,Nidhi S.,Ravi Rao,7.7,48,Rainy,N,209,UPI,Completed,,4,0
RD24829,31-05-2024,16,Bengaluru,HSR Layout,Electronic City,Mini,Sneha K.,Ravi Rao,11.9,67,Sunny,Y,351,Card,Completed,,4,30
RD24828,31-05-2024,10,Pune,Pune Airport,Shivajinagar,Bike,Riya K.,Mahesh Shinde,17,78,Sunny,N,139,UPI,Completed,,,0
RD24827,31-05-2024,8,Hyderabad,Banjara Hills,HITEC City,Bike,Meera K.,Venkat Raju,15.3,44,Cloudy,N,127,UPI,Completed,,4,0
RD24826,31-05-2024,8,Mumbai,Powai,Mumbai Airport,Mini,Nidhi S.,Vijay Naik,23.7,116,Sunny,Y,,UPI,Cancelled,Driver,,0
RD24825,31-05-2024,2,Delhi,New Delhi Station,Connaught Place,Sedan,Yash K.,Sachin Kale,4.2,18,Sunny,N,146,UPI,Completed,,,0
RD24824,30-05-2024,22,Hyderabad,Kukatpally,Ameerpet,Sedan,Gauri S.,Naveen Murthy,10.4,42,Sunny,N,,UPI,Cancelled,Driver,,0
RD24823,30-05-2024,21,Mumbai,CST,Colaba,Bike,Sneha S.,Dinesh Gowda,3.8,14,Sunny,N,47,Cash,Completed,,4,0
RD24822,30-05-2024,21,Bengaluru,MG Road,Koramangala,Sedan,Sneha A.,Ravi Rao,5.8,18,Sunny,N,174,UPI,Completed,,,0
RD24821,30-05-2024,20,Mumbai,Colaba,Mumbai Airport,Auto,Sana K.,Prakash Singh,26.3,103,Sunny,Y,636,Cash,Completed,,4,10
RD24820,30-05-2024,19,Hyderabad,Gachibowli,Banjara Hills,Mini,Aisha S.,Naveen Murthy,9,34,Cloudy,N,185,Card,Completed,,4,50
RD24819,30-05-2024,19,Pune,Hadapsar,Pune Airport,Auto,Meera K.,Mahesh Shinde,23.8,84,Sunny,N,316,UPI,Completed,,3,0
RD24818,30-05-2024,12,Pune,Kothrud,Pune Airport,Mini,Riya K.,Rajesh Kumar,16.3,50,Sunny,N,294,UPI,Completed,,4,0
RD24817,30-05-2024,4,Pune,Hinjewadi,Shivajinagar,Bike,Priya A.,Mahesh Shinde,3.9,10,Sunny,N,47,UPI,Completed,,4,10
RD24816,30-05-2024,2,Pune,Shivajinagar,Pune Station,Sedan,Aarav A.,Suresh Yadav,7.4,26,Sunny,N,203,UPI,Completed,,,0
RD24815,29-05-2024,21,Mumbai,Andheri,CST,Auto,Gauri A.,Anil Sharma,6.6,20,Sunny,N,109,UPI,Completed,,3,10
RD24814,29-05-2024,14,Mumbai,Thane,Andheri,Mini,Pooja A.,Dinesh Gowda,6.8,28,Cloudy,N,,Cash,Cancelled,Rider,,0
RD24813,29-05-2024,10,Bengaluru,HSR Layout,Whitefield,Bike,Yash A.,Imran Shaikh,3.3,15,Sunny,Y,56,UPI,Completed,,5,10
RD24812,29-05-2024,9,Mumbai,Colaba,Andheri,Auto,Riya S.,Prakash Singh,4.8,32,Sunny,N,88,Wallet,Completed,,5,50
RD24811,29-05-2024,9,Pune,Viman Nagar,Baner,Mini,Nidhi S.,Mahesh Shinde,3.1,23,Cloudy,Y,175,Cash,Completed,,5,30
RD24810,28-05-2024,20,Pune,Shivajinagar,Pune Airport,Sedan,Diya K.,Ramesh Pawar,23.2,93,Cloudy,N,488,Cash,Completed,,4,0
RD24809,28-05-2024,19,Mumbai,Mumbai Airport,Powai,Bike,Nidhi S.,Anil Sharma,21.3,74,Cloudy,N,169,Cash,Completed,,5,10
RD24808,28-05-2024,19,Delhi,Saket,Delhi Airport,Sedan,Nikhil S.,Sachin Kale,21.5,120,Cloudy,N,457,Wallet,Completed,,5,20
RD24807,28-05-2024,18,Delhi,Saket,Lajpat Nagar,Mini,Nikhil A.,Joseph Dsouza,1.2,10,Cloudy,N,68,UPI,Completed,,4,0
RD24806,28-05-2024,18,Mumbai,CST,Andheri,SUV,Vihaan A.,Prakash Singh,3.9,17,Sunny,Y,365,Card,Completed,,4,30
RD24805,28-05-2024,12,Mumbai,CST,Dadar,Bike,Harsh S.,Anil Sharma,7.1,18,Sunny,N,70,Cash,Completed,,5,0
RD24804,28-05-2024,11,Delhi,Karol Bagh,Delhi Airport,Bike,Aditya K.,Arun Nair,16.1,46,Sunny,N,133,Card,Completed,,4,0
RD24803,28-05-2024,8,Pune,Hadapsar,Hinjewadi,Auto,Meera K.,Mahesh Shinde,8.3,38,Sunny,N,130,Card,Completed,,4,50
RD24802,28-05-2024,7,Mumbai,Powai,Bandra,Auto,Varun S.,Vijay Naik,4.4,16,Sunny,N,83,UPI,Completed,,5,20
RD24801,27-05-2024,20,Hyderabad,Gachibowli,HITEC City,Sedan,Ananya S.,Harish Bhat,8.7,36,Sunny,N,227,Cash,Completed,,4,30
RD24800,27-05-2024,16,Delhi,Lajpat Nagar,Dwarka,Mini,Isha K.,Joseph Dsouza,10.5,32,Sunny,N,208,Wallet,Completed,,4,0
RD24799,27-05-2024,14,Delhi,Saket,Lajpat Nagar,Auto,Sana K.,Deepak Chauhan,19,82,Cloudy,N,258,UPI,Completed,,5,0
RD24798,27-05-2024,12,Bengaluru,Koramangala,Majestic,SUV,Diya K.,Sunil Patil,4.5,20,Cloudy,N,208,Card,Completed,,5,0
RD24797,27-05-2024,10,Pune,Hadapsar,Baner,SUV,Isha S.,Ramesh Pawar,7.1,38,Cloudy,Y,,UPI,Cancelled,Driver,,0
RD24796,27-05-2024,8,Delhi,Noida Sec 18,Lajpat Nagar,Mini,Karan S.,Arun Nair,10.1,38,Sunny,N,202,Cash,Completed,,5,30
RD24795,26-05-2024,21,Pune,Baner,Kothrud,Mini,Kabir S.,Mahesh Shinde,4.6,18,Cloudy,Y,199,Cash,Completed,,,20
RD24794,26-05-2024,19,Mumbai,CST,Mumbai Airport,Sedan,Harsh K.,Anil Sharma,25,138,Sunny,Y,,Card,Cancelled,Rider,,0
RD24793,26-05-2024,17,Mumbai,Mumbai Airport,Thane,Bike,Kavya A.,Anil Sharma,15.6,57,Sunny,Y,186,Wallet,Completed,,,0
RD24792,26-05-2024,10,Bengaluru,Indiranagar,MG Road,Mini,Kabir S.,Salim Khan,1.7,9,Sunny,Y,143,Cash,Completed,,4,30
RD24791,26-05-2024,6,Delhi,Karol Bagh,Noida Sec 18,Auto,Harsh S.,Kiran More,19.3,58,Sunny,N,262,UPI,Completed,,,20
RD24790,25-05-2024,12,Mumbai,CST,Colaba,Mini,Kavya K.,Anil Sharma,2.5,11,Sunny,N,88,Cash,Completed,,4,10
RD24789,25-05-2024,11,Hyderabad,Secunderabad,Charminar,Auto,Priya K.,Venkat Raju,2.5,12,Cloudy,N,60,Cash,Completed,,5,0
RD24788,25-05-2024,7,Delhi,New Delhi Station,Lajpat Nagar,Mini,Aisha S.,Joseph Dsouza,10.4,31,Cloudy,N,206,UPI,Completed,,4,30
RD24787,24-05-2024,18,Bengaluru,Electronic City,Koramangala,Sedan,Meera K.,Imran Shaikh,4.1,26,Sunny,Y,239,Cash,Completed,,5,0
RD24786,23-05-2024,15,Bengaluru,Whitefield,Majestic,SUV,Rohan A.,Imran Shaikh,5.2,30,Sunny,N,225,Card,Completed,,5,30
RD24785,23-05-2024,6,Mumbai,Andheri,Mumbai Airport,Auto,Nidhi K.,Prakash Singh,15.1,56,Sunny,Y,347,Cash,Completed,,5,20
RD24784,23-05-2024,1,Pune,Baner,Pune Station,Sedan,Meera K.,Ramesh Pawar,18.9,61,Cloudy,N,410,UPI,Completed,,5,0
RD24783,22-05-2024,21,Bengaluru,Majestic,Bengaluru Airport,Auto,Meera S.,Manoj Verma,23.4,66,Sunny,Y,471,UPI,Completed,,5,0
RD24782,22-05-2024,17,Mumbai,Dadar,Mumbai Airport,Auto,Yash S.,Prakash Singh,19.8,62,Sunny,N,268,Cash,Completed,,4,0
RD24781,22-05-2024,16,Pune,Shivajinagar,Kothrud,Mini,Omkar K.,Suresh Yadav,1.2,7,Sunny,N,68,Wallet,Completed,,,50
RD24780,22-05-2024,13,Pune,Hinjewadi,Kothrud,Sedan,Vihaan S.,Suresh Yadav,14.3,48,Sunny,N,,UPI,Cancelled,Driver,,0
RD24779,22-05-2024,7,Hyderabad,Banjara Hills,Charminar,Auto,Meera K.,Harish Bhat,5.3,21,Sunny,Y,176,UPI,Completed,,4,10
RD24778,22-05-2024,4,Bengaluru,HSR Layout,Bengaluru Airport,Sedan,Sneha A.,Sunil Patil,21.5,80,Sunny,N,457,UPI,Completed,,4,0
RD24777,22-05-2024,0,Delhi,Karol Bagh,Noida Sec 18,Mini,Neha S.,Kiran More,7.3,34,Sunny,N,160,Card,Completed,,4,0
RD24776,21-05-2024,22,Hyderabad,HITEC City,Secunderabad,Mini,Tanvi K.,Naveen Murthy,10.3,43,Sunny,Y,363,UPI,Completed,,4,0
RD24775,21-05-2024,20,Mumbai,CST,Dadar,Auto,Kavya A.,Santosh Jadhav,2.8,18,Sunny,N,64,Cash,Completed,,4,10
RD24774,21-05-2024,19,Delhi,Connaught Place,Dwarka,Mini,Nikhil A.,Sachin Kale,2.2,11,Rainy,Y,157,Card,Completed,,5,30
RD24773,21-05-2024,17,Bengaluru,Koramangala,Whitefield,Mini,Varun K.,Manoj Verma,11.4,42,Sunny,N,221,UPI,Completed,,5,0
RD24772,21-05-2024,9,Hyderabad,HITEC City,Charminar,Sedan,Karan A.,Babu Pillai,7.7,41,Cloudy,Y,,UPI,Cancelled,Rider,,0
RD24771,20-05-2024,19,Mumbai,CST,Thane,Sedan,Pranav K.,Vijay Naik,6.4,37,Sunny,N,185,Cash,Completed,,,30
RD24770,20-05-2024,16,Hyderabad,Hyderabad Airport,Secunderabad,Mini,Isha A.,Babu Pillai,29.3,102,Sunny,N,490,UPI,Completed,,,0
RD24769,20-05-2024,11,Pune,Shivajinagar,Pune Airport,Sedan,Diya S.,Mahesh Shinde,15,55,Cloudy,N,340,UPI,Completed,,4,20
RD24768,20-05-2024,11,Mumbai,Colaba,Dadar,Sedan,Neha S.,Dinesh Gowda,8.6,44,Sunny,N,225,UPI,Completed,,4,10
RD24767,19-05-2024,19,Hyderabad,Banjara Hills,Hyderabad Airport,Sedan,Rahul S.,Naveen Murthy,24.7,121,Sunny,N,,Card,Cancelled,Driver,,0
RD24766,19-05-2024,18,Delhi,Lajpat Nagar,New Delhi Station,Auto,Rohan A.,Sachin Kale,11.9,66,Cloudy,N,,Wallet,Cancelled,Driver,,0
RD24765,19-05-2024,12,Delhi,Connaught Place,Lajpat Nagar,Auto,Sneha S.,Deepak Chauhan,6.4,21,Cloudy,Y,150,Cash,Completed,,4,0
RD24764,19-05-2024,9,Hyderabad,Kukatpally,Hyderabad Airport,Mini,Omkar S.,Harish Bhat,19,109,Rainy,Y,629,Card,Completed,,4,0
RD24763,19-05-2024,9,Mumbai,CST,Mumbai Airport,Mini,Priya S.,Anil Sharma,28.7,120,Sunny,Y,685,UPI,Completed,,4,0
RD24762,18-05-2024,21,Pune,Baner,Hadapsar,Auto,Aditya S.,Rajesh Kumar,1.6,14,Cloudy,N,49,Card,Completed,,4,10
RD24761,18-05-2024,19,Mumbai,CST,Thane,SUV,Harsh A.,Anil Sharma,7.7,38,Cloudy,Y,422,UPI,Completed,,5,50
RD24760,17-05-2024,22,Pune,Pune Airport,Baner,Mini,Rohan K.,Suresh Yadav,16.8,52,Sunny,Y,433,Cash,Completed,,4,0
RD24759,17-05-2024,18,Mumbai,Bandra,Thane,Auto,Priya S.,Prakash Singh,13.8,81,Sunny,N,196,Cash,Completed,,4,0
RD24758,17-05-2024,8,Pune,Pune Station,Hinjewadi,Auto,Neha A.,Mahesh Shinde,17.9,66,Cloudy,N,245,UPI,Completed,,4,10
RD24757,17-05-2024,8,Pune,Pune Airport,Shivajinagar,Sedan,Siddharth K.,Ganesh Reddy,20.1,97,Cloudy,N,432,UPI,Completed,,5,30
RD24756,16-05-2024,17,Mumbai,Bandra,Andheri,Bike,Diya A.,Dinesh Gowda,13.3,45,Sunny,Y,186,UPI,Completed,,4,0
RD24755,16-05-2024,15,Pune,Shivajinagar,Baner,SUV,Aisha K.,Suresh Yadav,1.2,7,Sunny,Y,170,UPI,Completed,,4,0
RD24754,16-05-2024,12,Mumbai,CST,Mumbai Airport,Bike,Aditya A.,Anil Sharma,17.4,47,Sunny,N,142,Cash,Completed,,5,0
RD24753,16-05-2024,12,Delhi,Noida Sec 18,Connaught Place,Mini,Pooja A.,Deepak Chauhan,17.6,93,Sunny,N,314,Cash,Completed,,5,10
RD24752,16-05-2024,8,Bengaluru,Majestic,Whitefield,Sedan,Pranav A.,Ravi Rao,4.5,24,Sunny,Y,,Cash,Cancelled,Driver,,0
RD24751,15-05-2024,22,Mumbai,Thane,Mumbai Airport,Sedan,Gauri A.,Dinesh Gowda,17.5,65,Cloudy,N,385,Cash,Completed,,4,10
RD24750,15-05-2024,18,Bengaluru,HSR Layout,Bengaluru Airport,Mini,Aisha K.,Imran Shaikh,18.6,89,Sunny,N,329,Cash,Completed,,4,30
RD24749,14-05-2024,22,Pune,Baner,Viman Nagar,Mini,Kavya S.,Ganesh Reddy,4.9,22,Cloudy,N,124,UPI,Completed,,4,0
RD24748,14-05-2024,13,Delhi,Delhi Airport,Noida Sec 18,Mini,Pooja S.,Arun Nair,15.1,62,Cloudy,N,276,Cash,Completed,,5,0
RD24747,14-05-2024,11,Bengaluru,HSR Layout,Whitefield,Mini,Sana S.,Manoj Verma,18.8,71,Sunny,Y,527,Card,Completed,,5,0
RD24746,14-05-2024,7,Mumbai,Mumbai Airport,Bandra,Auto,Isha S.,Dinesh Gowda,23.6,85,Cloudy,N,,UPI,Cancelled,Driver,,0
RD24745,13-05-2024,19,Bengaluru,Whitefield,Majestic,Mini,Pooja A.,Manoj Verma,14.1,83,Rainy,Y,428,Cash,Completed,,5,0
RD24744,13-05-2024,12,Pune,Hadapsar,Shivajinagar,Mini,Yash S.,Rajesh Kumar,12,46,Sunny,Y,,UPI,Cancelled,Rider,,0
RD24743,13-05-2024,12,Bengaluru,Bengaluru Airport,MG Road,Auto,Nidhi K.,Salim Khan,20,66,Sunny,Y,482,Wallet,Completed,,4,0
RD24742,13-05-2024,10,Mumbai,Andheri,Powai,Mini,Aditya A.,Anil Sharma,8.3,46,Sunny,Y,272,Card,Completed,,5,10
RD24741,13-05-2024,10,Pune,Pune Station,Baner,Bike,Yash S.,Ganesh Reddy,3.8,16,Sunny,Y,65,UPI,Completed,,5,0
RD24740,13-05-2024,8,Mumbai,Andheri,Thane,Sedan,Sana S.,Vijay Naik,8,41,Sunny,N,214,UPI,Completed,,4,20
RD24739,13-05-2024,8,Mumbai,CST,Mumbai Airport,SUV,Diya S.,Anil Sharma,21.9,123,Rainy,Y,1034,UPI,Completed,,4,20
RD24738,13-05-2024,5,Mumbai,Mumbai Airport,Powai,SUV,Tanvi S.,Vijay Naik,20,64,Sunny,N,580,UPI,Completed,,4,30
RD24737,12-05-2024,19,Mumbai,Thane,CST,SUV,Varun K.,Santosh Jadhav,6.1,28,Sunny,N,246,UPI,Completed,,,20
RD24736,12-05-2024,19,Mumbai,Powai,Bandra,Auto,Nikhil K.,Dinesh Gowda,6.9,31,Cloudy,Y,148,UPI,Completed,,,10
RD24735,12-05-2024,18,Mumbai,Mumbai Airport,CST,SUV,Neha A.,Vijay Naik,22.6,127,Rainy,Y,989,Wallet,Completed,,,50
RD24734,12-05-2024,17,Pune,Baner,Pune Airport,Sedan,Riya S.,Ganesh Reddy,16.4,97,Sunny,N,365,UPI,Completed,,4,10
RD24733,12-05-2024,17,Bengaluru,Whitefield,MG Road,Mini,Meera S.,Salim Khan,5.3,22,Sunny,Y,210,Card,Completed,,5,10
RD24732,12-05-2024,14,Mumbai,Mumbai Airport,Bandra,Auto,Pranav S.,Anil Sharma,15.5,48,Cloudy,N,216,UPI,Completed,,4,20
RD24731,12-05-2024,10,Pune,Viman Nagar,Shivajinagar,Bike,Pranav A.,Ganesh Reddy,3.5,20,Sunny,Y,,Cash,Cancelled,Driver,,0
RD24730,12-05-2024,10,Mumbai,Mumbai Airport,CST,Mini,Rohan A.,Vijay Naik,19,75,Sunny,N,335,Cash,Completed,,4,10
RD24729,12-05-2024,7,Pune,Hadapsar,Hinjewadi,SUV,Ananya K.,Suresh Yadav,3.2,13,Sunny,N,177,UPI,Completed,,5,0
RD24728,11-05-2024,19,Hyderabad,Ameerpet,Gachibowli,SUV,Aarav A.,Harish Bhat,2.9,20,Cloudy,Y,294,UPI,Completed,,,0
RD24727,11-05-2024,18,Pune,Pune Airport,Pune Station,Auto,Sneha S.,Mahesh Shinde,24.9,129,Sunny,N,329,UPI,Completed,,5,0
RD24726,11-05-2024,14,Pune,Hinjewadi,Kothrud,Auto,Nikhil S.,Ganesh Reddy,3.9,18,Sunny,N,77,UPI,Completed,,5,50
RD24725,11-05-2024,12,Delhi,Noida Sec 18,Delhi Airport,Auto,Nikhil A.,Joseph Dsouza,23.6,62,Cloudy,N,,UPI,Cancelled,Rider,,0
RD24724,11-05-2024,11,Mumbai,Dadar,Mumbai Airport,Bike,Yash A.,Vijay Naik,24.1,136,Rainy,Y,248,UPI,Completed,,4,0
RD24723,11-05-2024,9,Pune,Hinjewadi,Baner,Sedan,Tanvi A.,Ganesh Reddy,8.4,44,Cloudy,N,221,UPI,Completed,,5,50
RD24722,11-05-2024,9,Bengaluru,Koramangala,Indiranagar,Mini,Yash K.,Sunil Patil,9.4,55,Sunny,Y,,Cash,Cancelled,Driver,,0
RD24721,11-05-2024,8,Hyderabad,Hyderabad Airport,Secunderabad,Sedan,Vihaan A.,Venkat Raju,15.7,66,Sunny,Y,623,UPI,Completed,,4,20
RD24720,11-05-2024,6,Bengaluru,Electronic City,MG Road,Sedan,Ananya K.,Manoj Verma,9.7,28,Cloudy,Y,440,Card,Completed,,,0
RD24719,11-05-2024,6,Bengaluru,MG Road,Electronic City,Mini,Yash A.,Sunil Patil,12.9,56,Cloudy,N,244,UPI,Completed,,4,50
RD24718,10-05-2024,21,Bengaluru,Indiranagar,MG Road,Mini,Nidhi A.,Ravi Rao,19.5,70,Sunny,N,342,UPI,Completed,,2,0
RD24717,10-05-2024,18,Pune,Baner,Viman Nagar,Sedan,Nikhil A.,Suresh Yadav,2.7,20,Cloudy,N,,Cash,Cancelled,Driver,,0
RD24716,10-05-2024,13,Mumbai,Andheri,Mumbai Airport,Mini,Siddharth S.,Santosh Jadhav,30.1,123,Sunny,N,502,UPI,Completed,,5,30
RD24715,10-05-2024,12,Bengaluru,HSR Layout,Majestic,Mini,Ananya A.,Sunil Patil,9.6,35,Sunny,N,194,Cash,Completed,,,30
RD24714,10-05-2024,9,Mumbai,Thane,Dadar,Sedan,Neha S.,Vijay Naik,4.3,24,Cloudy,N,147,UPI,Completed,,4,50
RD24713,10-05-2024,9,Pune,Pune Station,Baner,SUV,Diya K.,Mahesh Shinde,9.4,38,Sunny,Y,435,UPI,Completed,,4,0
RD24712,10-05-2024,8,Pune,Hadapsar,Hinjewadi,Mini,Isha A.,Ramesh Pawar,8.1,42,Sunny,Y,235,UPI,Completed,,4,0
RD24711,10-05-2024,6,Mumbai,Dadar,Mumbai Airport,Auto,Rahul S.,Dinesh Gowda,20.8,84,Sunny,N,280,Cash,Completed,,3,0
RD24710,09-05-2024,18,Mumbai,CST,Bandra,Sedan,Harsh S.,Vijay Naik,7.1,42,Cloudy,N,198,Cash,Completed,,4,50
RD24709,09-05-2024,8,Mumbai,CST,Andheri,Mini,Tanvi S.,Dinesh Gowda,1.2,10,Sunny,N,68,UPI,Completed,,4,30
RD24708,09-05-2024,8,Pune,Pune Station,Baner,Sedan,Omkar A.,Ganesh Reddy,20,114,Rainy,Y,752,UPI,Completed,,4,10
RD24707,08-05-2024,16,Hyderabad,Ameerpet,Gachibowli,Bike,Diya A.,Harish Bhat,8.7,29,Sunny,N,81,UPI,Completed,,4,0
RD24706,07-05-2024,23,Pune,Pune Station,Shivajinagar,Bike,Yash S.,Ramesh Pawar,5.3,16,Cloudy,N,,UPI,Cancelled,Driver,,0
RD24705,07-05-2024,21,Mumbai,Dadar,Thane,Mini,Priya K.,Dinesh Gowda,2.2,12,Sunny,N,,Wallet,Cancelled,Rider,,0
RD24704,07-05-2024,17,Pune,Pune Airport,Hadapsar,Mini,Aarav S.,Rajesh Kumar,21.2,93,Sunny,Y,654,Cash,Completed,,4,0
RD24703,07-05-2024,17,Bengaluru,Whitefield,Electronic City,Auto,Sneha A.,Manoj Verma,2.6,9,Sunny,N,61,UPI,Completed,,5,0
RD24702,07-05-2024,11,Bengaluru,MG Road,Bengaluru Airport,Sedan,Nikhil S.,Sunil Patil,17.4,72,Sunny,N,383,Wallet,Completed,,,20
RD24701,07-05-2024,7,Bengaluru,Whitefield,Electronic City,Auto,Pooja A.,Manoj Verma,6.6,25,Cloudy,N,109,UPI,Completed,,5,0
RD24700,07-05-2024,3,Hyderabad,Secunderabad,Hyderabad Airport,Mini,Pooja S.,Venkat Raju,14.3,40,Sunny,Y,374,UPI,Completed,,4,0
RD24699,06-05-2024,23,Pune,Kothrud,Pune Station,Sedan,Aisha K.,Rajesh Kumar,19.4,61,Sunny,N,419,UPI,Completed,,5,10
RD24698,06-05-2024,23,Hyderabad,Secunderabad,Charminar,Mini,Diya K.,Babu Pillai,8.4,37,Sunny,N,176,UPI,Completed,,4,10
RD24697,06-05-2024,12,Mumbai,Mumbai Airport,Powai,Mini,Priya K.,Santosh Jadhav,20.8,55,Sunny,N,,UPI,Cancelled,Driver,,0
RD24696,06-05-2024,10,Pune,Hinjewadi,Baner,Mini,Diya K.,Rajesh Kumar,5.2,30,Cloudy,N,128,Cash,Completed,,4,20
RD24695,06-05-2024,7,Pune,Hinjewadi,Pune Station,Mini,Vihaan A.,Ganesh Reddy,4.7,17,Sunny,N,,Wallet,Cancelled,Driver,,0
RD24694,05-05-2024,23,Mumbai,Colaba,Mumbai Airport,Mini,Rohan K.,Vijay Naik,27.7,115,Cloudy,N,466,Cash,Completed,,4,30
RD24693,05-05-2024,19,Mumbai,Powai,CST,Auto,Sana K.,Santosh Jadhav,3.7,23,Sunny,Y,118,UPI,Completed,,4,30
RD24692,05-05-2024,18,Pune,Viman Nagar,Pune Station,Mini,Pranav K.,Ramesh Pawar,8.2,31,Sunny,Y,284,Cash,Completed,,5,10
RD24691,05-05-2024,8,Pune,Kothrud,Pune Airport,SUV,Karan A.,Suresh Yadav,19.7,82,Cloudy,Y,1088,Wallet,Completed,,4,0
RD24690,05-05-2024,3,Pune,Baner,Shivajinagar,Auto,Vihaan K.,Ganesh Reddy,9.4,26,Sunny,N,143,UPI,Completed,,4,20
RD24689,04-05-2024,21,Bengaluru,Bengaluru Airport,HSR Layout,Bike,Priya S.,Imran Shaikh,21.5,79,Sunny,N,170,UPI,Completed,,5,10
RD24688,04-05-2024,17,Pune,Viman Nagar,Hadapsar,Auto,Nidhi A.,Ganesh Reddy,25,143,Cloudy,Y,596,UPI,Completed,,4,0
RD24687,04-05-2024,8,Delhi,Delhi Airport,New Delhi Station,Mini,Nikhil K.,Arun Nair,19.5,112,Cloudy,N,342,Cash,Completed,,4,0
RD24686,03-05-2024,21,Bengaluru,Electronic City,Majestic,Mini,Pooja S.,Salim Khan,12.5,45,Sunny,N,238,UPI,Completed,,5,0
RD24685,03-05-2024,20,Hyderabad,Gachibowli,HITEC City,Bike,Meera A.,Babu Pillai,5.9,27,Sunny,Y,87,Cash,Completed,,3,0
RD24684,03-05-2024,13,Bengaluru,HSR Layout,Koramangala,Auto,Ananya K.,Sunil Patil,5.9,21,Sunny,N,101,Cash,Completed,,4,0
RD24683,03-05-2024,10,Pune,Baner,Shivajinagar,Bike,Aditya K.,Ganesh Reddy,1.8,12,Rainy,Y,49,Card,Completed,,5,0
RD24682,03-05-2024,8,Pune,Kothrud,Hinjewadi,SUV,Aisha K.,Ganesh Reddy,7.1,35,Sunny,N,270,UPI,Completed,,5,20
RD24681,03-05-2024,8,Mumbai,Bandra,Colaba,Mini,Aditya S.,Vijay Naik,16.4,91,Cloudy,Y,440,UPI,Completed,,4,50
RD24680,02-05-2024,19,Pune,Shivajinagar,Kothrud,SUV,Priya K.,Rajesh Kumar,15,63,Sunny,N,460,Cash,Completed,,4,20
RD24679,02-05-2024,14,Delhi,Dwarka,Lajpat Nagar,Mini,Sneha A.,Deepak Chauhan,18.5,72,Cloudy,N,328,Card,Completed,,5,50
RD24678,02-05-2024,9,Mumbai,Thane,Colaba,SUV,Siddharth A.,Prakash Singh,3.1,19,Cloudy,N,174,UPI,Completed,,4,0
RD24677,02-05-2024,7,Pune,Kothrud,Baner,Bike,Nidhi S.,Suresh Yadav,8.1,28,Rainy,N,77,Cash,Completed,,4,0
RD24676,01-05-2024,22,Delhi,Dwarka,New Delhi Station,Sedan,Varun A.,Arun Nair,18.9,66,Cloudy,N,410,Cash,Completed,,,0
RD24675,01-05-2024,22,Mumbai,CST,Powai,SUV,Rahul S.,Anil Sharma,4.3,17,Sunny,N,203,Wallet,Completed,,5,10
RD24674,01-05-2024,22,Mumbai,Bandra,Thane,Sedan,Priya A.,Prakash Singh,11.7,38,Sunny,N,281,UPI,Completed,,4,20
RD24673,01-05-2024,18,Pune,Hadapsar,Baner,Mini,Diya K.,Ganesh Reddy,6,39,Sunny,Y,,UPI,Cancelled,Rider,,0
RD24672,01-05-2024,18,Mumbai,Powai,Mumbai Airport,Auto,Siddharth S.,Prakash Singh,23.4,89,Sunny,N,311,UPI,Completed,,5,0
RD24671,01-05-2024,15,Hyderabad,HITEC City,Charminar,Auto,Kabir A.,Babu Pillai,15.6,72,Sunny,N,217,Wallet,Completed,,4,30
RD24670,01-05-2024,11,Bengaluru,Bengaluru Airport,Electronic City,Mini,Ananya K.,Ravi Rao,28.1,114,Cloudy,N,472,UPI,Completed,,,50
RD24669,30-04-2024,10,Delhi,Saket,Connaught Place,Mini,Pranav A.,Sachin Kale,13.2,61,Sunny,N,248,UPI,Completed,,4,0
RD24668,29-04-2024,21,Pune,Kothrud,Pune Station,Sedan,Siddharth S.,Mahesh Shinde,13,36,Cloudy,N,304,Cash,Completed,,4,0
RD24667,29-04-2024,17,Delhi,Karol Bagh,Lajpat Nagar,Auto,Sana K.,Joseph Dsouza,12,69,Cloudy,Y,246,UPI,Completed,,4,0
RD24666,29-04-2024,13,Mumbai,Andheri,Mumbai Airport,Sedan,Harsh S.,Anil Sharma,17.1,66,Sunny,N,378,UPI,Completed,,4,0
RD24665,29-04-2024,8,Delhi,Lajpat Nagar,Karol Bagh,SUV,Kavya A.,Deepak Chauhan,3.9,23,Sunny,N,194,UPI,Completed,,5,20
RD24664,29-04-2024,8,Mumbai,Dadar,Powai,Sedan,Pooja K.,Prakash Singh,3.3,19,Rainy,N,129,Cash,Completed,,5,10
RD24663,29-04-2024,7,Bengaluru,HSR Layout,MG Road,Mini,Neha S.,Ravi Rao,10,54,Rainy,Y,,Cash,Cancelled,Driver,,0
RD24662,29-04-2024,7,Bengaluru,Majestic,Bengaluru Airport,Mini,Nidhi S.,Sunil Patil,15.2,51,Cloudy,N,278,UPI,Completed,,,0
RD24661,29-04-2024,7,Mumbai,CST,Thane,Auto,Sneha K.,Anil Sharma,8.9,29,Cloudy,N,137,Wallet,Completed,,4,50
RD24660,29-04-2024,7,Pune,Hadapsar,Viman Nagar,SUV,Sneha A.,Ramesh Pawar,4.3,15,Sunny,N,203,UPI,Completed,,4,20
RD24659,28-04-2024,19,Delhi,Noida Sec 18,Karol Bagh,Sedan,Aditya S.,Sachin Kale,7.5,41,Rainy,Y,373,Cash,Completed,,4,0
RD24658,28-04-2024,19,Hyderabad,Hyderabad Airport,Kukatpally,Mini,Siddharth A.,Naveen Murthy,31.6,150,Sunny,N,524,Wallet,Completed,,4,50
RD24657,28-04-2024,18,Mumbai,Dadar,Powai,Mini,Pooja A.,Anil Sharma,20.9,94,Sunny,N,364,UPI,Completed,,,50
RD24656,28-04-2024,8,Delhi,Saket,Delhi Airport,SUV,Tanvi A.,Deepak Chauhan,24.9,108,Cloudy,N,698,UPI,Completed,,5,30
RD24655,27-04-2024,23,Mumbai,Colaba,Powai,Sedan,Pooja S.,Prakash Singh,2.6,13,Sunny,N,117,UPI,Completed,,3,0
RD24654,27-04-2024,15,Delhi,Connaught Place,Dwarka,Auto,Sneha K.,Sachin Kale,1.6,9,Cloudy,N,49,UPI,Completed,,3,30
RD24653,27-04-2024,8,Pune,Pune Station,Hinjewadi,Mini,Siddharth A.,Suresh Yadav,10.9,61,Rainy,Y,,UPI,Cancelled,Driver,,0
RD24652,27-04-2024,8,Bengaluru,MG Road,HSR Layout,Mini,Varun A.,Imran Shaikh,5.8,36,Sunny,N,137,Cash,Completed,,4,0
RD24651,27-04-2024,8,Mumbai,Bandra,Powai,SUV,Sana S.,Anil Sharma,3.4,18,Sunny,Y,265,UPI,Completed,,4,10
RD24650,27-04-2024,7,Pune,Kothrud,Hadapsar,Mini,Varun S.,Rajesh Kumar,4.3,13,Sunny,N,114,Cash,Completed,,,10
RD24649,26-04-2024,20,Mumbai,Dadar,Bandra,Mini,Sneha A.,Prakash Singh,24.5,127,Sunny,Y,758,Cash,Completed,,,20
RD24648,26-04-2024,18,Mumbai,Powai,Dadar,Mini,Yash S.,Anil Sharma,5.7,39,Cloudy,N,136,Cash,Completed,,,30
RD24647,26-04-2024,18,Bengaluru,Whitefield,Indiranagar,Mini,Gauri A.,Ravi Rao,18.4,90,Sunny,Y,542,UPI,Completed,,4,30
RD24646,26-04-2024,14,Bengaluru,MG Road,HSR Layout,Auto,Siddharth K.,Imran Shaikh,17.4,77,Sunny,Y,379,UPI,Completed,,4,10
RD24645,26-04-2024,13,Mumbai,Andheri,Mumbai Airport,Mini,Neha S.,Prakash Singh,15.8,60,Cloudy,Y,388,UPI,Completed,,,10
RD24644,26-04-2024,10,Pune,Hinjewadi,Kothrud,SUV,Ananya K.,Rajesh Kumar,15.2,76,Sunny,Y,735,UPI,Completed,,4,0
RD24643,26-04-2024,5,Bengaluru,MG Road,Koramangala,Auto,Pranav S.,Ravi Rao,5.2,27,Cloudy,N,92,Cash,Completed,,3,0
RD24642,25-04-2024,21,Mumbai,Dadar,Thane,Auto,Vihaan K.,Santosh Jadhav,1.2,5,Cloudy,N,44,UPI,Completed,,4,0
RD24641,25-04-2024,17,Pune,Pune Station,Baner,SUV,Vihaan A.,Mahesh Shinde,7.9,38,Cloudy,Y,464,UPI,Completed,,5,30
RD24640,25-04-2024,13,Bengaluru,HSR Layout,Koramangala,Auto,Diya S.,Manoj Verma,9.1,28,Sunny,N,139,Wallet,Completed,,5,10
RD24639,25-04-2024,12,Pune,Pune Airport,Hadapsar,Mini,Riya S.,Ramesh Pawar,16.3,92,Rainy,N,294,Cash,Completed,,4,0
RD24638,25-04-2024,10,Pune,Viman Nagar,Pune Airport,Sedan,Meera K.,Ramesh Pawar,14.9,72,Cloudy,Y,486,Wallet,Completed,,3,20
RD24637,25-04-2024,9,Pune,Viman Nagar,Pune Station,SUV,Yash S.,Ramesh Pawar,16.4,68,Sunny,N,494,UPI,Completed,,4,20
RD24636,25-04-2024,9,Mumbai,Bandra,Thane,Mini,Isha A.,Anil Sharma,6.6,35,Sunny,N,149,Cash,Completed,,4,0
RD24635,25-04-2024,4,Pune,Shivajinagar,Baner,Auto,Harsh A.,Mahesh Shinde,16.8,59,Sunny,N,232,Wallet,Completed,,4,0
RD24634,24-04-2024,20,Pune,Kothrud,Hadapsar,SUV,Gauri A.,Ramesh Pawar,11.2,55,Cloudy,Y,,Card,Cancelled,Rider,,0
RD24633,24-04-2024,20,Hyderabad,Ameerpet,Charminar,Auto,Meera A.,Naveen Murthy,1.2,11,Cloudy,N,44,UPI,Completed,,5,20
RD24632,24-04-2024,17,Pune,Shivajinagar,Baner,Mini,Aditya A.,Ramesh Pawar,7.3,37,Sunny,N,160,UPI,Completed,,4,50
RD24631,24-04-2024,17,Pune,Shivajinagar,Pune Airport,Mini,Harsh S.,Mahesh Shinde,20,88,Cloudy,N,350,Card,Completed,,5,0
RD24630,24-04-2024,14,Delhi,Connaught Place,Saket,Sedan,Riya S.,Deepak Chauhan,9.7,53,Sunny,N,245,Cash,Completed,,5,10
RD24629,24-04-2024,10,Pune,Baner,Viman Nagar,Mini,Kabir K.,Suresh Yadav,6.1,32,Cloudy,Y,201,Wallet,Completed,,4,0
RD24628,24-04-2024,5,Mumbai,CST,Thane,Sedan,Vihaan S.,Prakash Singh,10.7,41,Cloudy,Y,374,Card,Completed,,5,10
RD24627,23-04-2024,17,Mumbai,Powai,CST,Auto,Isha A.,Santosh Jadhav,4.5,22,Sunny,N,84,UPI,Completed,,3,20
RD24626,23-04-2024,5,Pune,Shivajinagar,Baner,Bike,Kavya K.,Ramesh Pawar,23,60,Sunny,N,181,Card,Completed,,4,0
RD24625,22-04-2024,17,Delhi,Delhi Airport,Karol Bagh,Sedan,Varun S.,Joseph Dsouza,19.4,91,Sunny,N,419,Cash,Completed,,4,50
RD24624,22-04-2024,16,Bengaluru,Bengaluru Airport,MG Road,SUV,Varun A.,Sunil Patil,18.5,50,Sunny,N,544,Cash,Completed,,4,0
RD24623,22-04-2024,11,Pune,Kothrud,Viman Nagar,Auto,Vihaan A.,Ganesh Reddy,9.5,35,Cloudy,N,144,Wallet,Completed,,5,10
RD24622,22-04-2024,8,Delhi,Noida Sec 18,New Delhi Station,Mini,Pooja A.,Joseph Dsouza,4.5,22,Cloudy,Y,219,UPI,Completed,,4,50
RD24621,22-04-2024,7,Delhi,Delhi Airport,New Delhi Station,Auto,Tanvi A.,Deepak Chauhan,19.1,86,Cloudy,N,259,Wallet,Completed,,4,0
RD24620,22-04-2024,2,Mumbai,Powai,Mumbai Airport,Auto,Aisha K.,Vijay Naik,19.4,48,Sunny,N,263,Cash,Completed,,4,10
RD24619,21-04-2024,18,Mumbai,Dadar,Bandra,Sedan,Rohan K.,Anil Sharma,6.6,37,Sunny,N,,UPI,Cancelled,Driver,,0
RD24618,21-04-2024,18,Delhi,Lajpat Nagar,Delhi Airport,Auto,Pooja K.,Joseph Dsouza,24.9,108,Sunny,N,329,UPI,Completed,,4,30
RD24617,21-04-2024,18,Bengaluru,Bengaluru Airport,Whitefield,Sedan,Siddharth K.,Sunil Patil,31.9,150,Sunny,N,644,UPI,Completed,,,0
RD24616,21-04-2024,14,Delhi,Noida Sec 18,Dwarka,Sedan,Meera S.,Deepak Chauhan,3,10,Cloudy,N,124,Cash,Completed,,5,0
RD24615,21-04-2024,8,Mumbai,Mumbai Airport,CST,Mini,Varun S.,Santosh Jadhav,18.6,78,Sunny,Y,595,UPI,Completed,,5,50
RD24614,20-04-2024,23,Mumbai,CST,Thane,Mini,Rohan A.,Anil Sharma,6,25,Sunny,Y,,UPI,Cancelled,Rider,,0
RD24613,20-04-2024,19,Delhi,Connaught Place,Noida Sec 18,Sedan,Aisha K.,Sachin Kale,1.7,12,Sunny,Y,155,UPI,Completed,,4,30
RD24612,20-04-2024,18,Bengaluru,Koramangala,MG Road,Mini,Meera S.,Imran Shaikh,4.4,28,Sunny,Y,207,UPI,Completed,,5,20
RD24611,20-04-2024,16,Hyderabad,Kukatpally,Secunderabad,Auto,Tanvi S.,Harish Bhat,3.5,18,Sunny,N,72,UPI,Completed,,4,50
RD24610,20-04-2024,15,Hyderabad,Secunderabad,Hyderabad Airport,Bike,Varun S.,Harish Bhat,39.2,94,Sunny,N,294,Cash,Completed,,,10
RD24609,20-04-2024,15,Bengaluru,MG Road,Majestic,SUV,Riya S.,Sunil Patil,8.3,30,Cloudy,N,299,UPI,Completed,,4,10
RD24608,20-04-2024,13,Mumbai,Powai,Andheri,Mini,Karan S.,Santosh Jadhav,17.4,53,Sunny,N,311,Cash,Completed,,5,50
RD24607,20-04-2024,9,Delhi,Noida Sec 18,Karol Bagh,Auto,Pranav A.,Kiran More,11.7,41,Cloudy,N,170,Cash,Completed,,4,0
RD24606,19-04-2024,23,Mumbai,Powai,CST,Mini,Kabir S.,Santosh Jadhav,11.5,55,Sunny,N,222,UPI,Completed,,4,50
RD24605,19-04-2024,19,Mumbai,CST,Thane,Auto,Isha A.,Dinesh Gowda,8.4,46,Sunny,N,131,UPI,Completed,,4,0
RD24604,19-04-2024,18,Pune,Kothrud,Pune Airport,Sedan,Rohan A.,Mahesh Shinde,23.4,124,Sunny,Y,923,UPI,Completed,,4,0
RD24603,19-04-2024,14,Hyderabad,Secunderabad,Ameerpet,Bike,Pranav K.,Pradeep Mishra,3.4,13,Cloudy,N,44,UPI,Completed,,,0
RD24602,19-04-2024,11,Bengaluru,HSR Layout,Majestic,Mini,Ananya A.,Salim Khan,6.1,19,Cloudy,N,142,UPI,Completed,,5,0
RD24601,19-04-2024,7,Pune,Kothrud,Pune Airport,Auto,Aarav S.,Ramesh Pawar,24.6,102,Sunny,N,325,Cash,Completed,,4,0
RD24600,19-04-2024,4,Pune,Kothrud,Baner,Sedan,Rohan S.,Rajesh Kumar,6.3,22,Sunny,N,183,UPI,Completed,,5,10
RD24599,18-04-2024,18,Delhi,Lajpat Nagar,Karol Bagh,Mini,Rahul S.,Arun Nair,24.2,134,Sunny,Y,,UPI,Cancelled,Rider,,0
RD24598,18-04-2024,17,Pune,Hadapsar,Kothrud,Sedan,Pranav S.,Rajesh Kumar,6.1,21,Sunny,Y,276,UPI,Completed,,5,50
RD24597,18-04-2024,10,Hyderabad,Kukatpally,Hyderabad Airport,Mini,Kabir A.,Pradeep Mishra,15.1,77,Sunny,Y,508,Cash,Completed,,4,50
RD24596,18-04-2024,10,Mumbai,Colaba,Bandra,Mini,Riya A.,Santosh Jadhav,1.2,7,Sunny,N,68,Cash,Completed,,3,0
RD24595,18-04-2024,8,Pune,Baner,Hinjewadi,Auto,Aditya A.,Rajesh Kumar,11.4,52,Sunny,N,167,Card,Completed,,4,10
RD24594,17-04-2024,21,Pune,Hinjewadi,Baner,SUV,Sneha K.,Mahesh Shinde,19.3,58,Cloudy,N,563,UPI,Completed,,5,20
RD24593,17-04-2024,20,Pune,Hinjewadi,Hadapsar,Auto,Tanvi A.,Mahesh Shinde,4.4,23,Cloudy,N,83,Wallet,Completed,,5,10
RD24592,17-04-2024,19,Bengaluru,Bengaluru Airport,Whitefield,Sedan,Pranav S.,Imran Shaikh,17.4,98,Cloudy,Y,610,Cash,Completed,,5,0
RD24591,17-04-2024,12,Pune,Pune Station,Pune Airport,Bike,Meera K.,Ramesh Pawar,20.7,62,Sunny,N,165,UPI,Completed,,4,0
RD24590,16-04-2024,16,Pune,Shivajinagar,Kothrud,Mini,Meera S.,Suresh Yadav,2.5,19,Rainy,N,,Cash,Cancelled,Rider,,0
RD24589,16-04-2024,14,Hyderabad,Charminar,Secunderabad,Bike,Kabir A.,Naveen Murthy,7.1,20,Sunny,N,70,Wallet,Completed,,4,10
RD24588,16-04-2024,8,Mumbai,Bandra,Mumbai Airport,SUV,Sneha K.,Dinesh Gowda,15.4,60,Cloudy,N,470,Cash,Completed,,,0
RD24587,16-04-2024,0,Pune,Baner,Shivajinagar,Auto,Yash S.,Suresh Yadav,2.8,9,Sunny,N,,UPI,Cancelled,Rider,,0
RD24586,15-04-2024,17,Delhi,Saket,Lajpat Nagar,Auto,Pranav S.,Arun Nair,4.6,25,Cloudy,N,85,Wallet,Completed,,4,20
RD24585,15-04-2024,17,Bengaluru,Bengaluru Airport,Indiranagar,Auto,Aditya K.,Manoj Verma,29.4,112,Cloudy,N,383,UPI,Completed,,5,30
RD24584,15-04-2024,16,Hyderabad,Banjara Hills,Hyderabad Airport,Auto,Nidhi S.,Harish Bhat,15.3,68,Sunny,N,214,Cash,Completed,,3,0
RD24583,15-04-2024,7,Bengaluru,Indiranagar,MG Road,Mini,Varun K.,Ravi Rao,3.4,14,Sunny,N,101,UPI,Completed,,3,10
RD24582,15-04-2024,7,Mumbai,Dadar,Thane,Mini,Sana K.,Vijay Naik,2.7,14,Sunny,N,90,Wallet,Completed,,4,0
RD24581,15-04-2024,6,Pune,Pune Airport,Hadapsar,Mini,Pranav A.,Ganesh Reddy,21.2,84,Sunny,N,368,UPI,Completed,,5,20
RD24580,14-04-2024,23,Bengaluru,Koramangala,MG Road,Bike,Yash A.,Salim Khan,9.1,39,Sunny,N,84,UPI,Completed,,5,0
RD24579,14-04-2024,19,Bengaluru,MG Road,Majestic,Mini,Riya A.,Salim Khan,7.5,39,Sunny,Y,270,Wallet,Completed,,4,10
RD24578,14-04-2024,15,Pune,Kothrud,Hinjewadi,Mini,Aditya A.,Ganesh Reddy,9.2,37,Sunny,N,,Cash,Cancelled,Driver,,0
RD24577,14-04-2024,14,Pune,Pune Station,Baner,SUV,Aarav A.,Ramesh Pawar,6.2,28,Sunny,N,249,UPI,Completed,,4,20
RD24576,14-04-2024,11,Pune,Baner,Hinjewadi,Sedan,Harsh A.,Ganesh Reddy,2.2,10,Cloudy,Y,166,Cash,Completed,,5,0
RD24575,14-04-2024,9,Bengaluru,Koramangala,Whitefield,Bike,Vihaan K.,Salim Khan,7.3,22,Sunny,N,71,UPI,Completed,,4,0
RD24574,14-04-2024,6,Delhi,Saket,Connaught Place,Auto,Pranav A.,Arun Nair,6.1,23,Cloudy,N,103,Cash,Completed,,5,30
RD24573,14-04-2024,6,Pune,Shivajinagar,Baner,Sedan,Yash K.,Ganesh Reddy,8.2,27,Cloudy,N,218,Card,Completed,,5,50
RD24572,13-04-2024,18,Pune,Pune Airport,Shivajinagar,Mini,Meera K.,Ramesh Pawar,15.4,73,Cloudy,Y,,UPI,Cancelled,Rider,,0
RD24571,13-04-2024,18,Mumbai,Thane,Colaba,SUV,Omkar K.,Vijay Naik,8.5,35,Sunny,N,304,Wallet,Completed,,4,0
RD24570,13-04-2024,17,Hyderabad,Kukatpally,Charminar,SUV,Sneha S.,Pradeep Mishra,21.3,103,Sunny,N,611,UPI,Completed,,,30
RD24569,13-04-2024,11,Hyderabad,Ameerpet,Hyderabad Airport,Mini,Meera K.,Naveen Murthy,22.5,75,Cloudy,N,388,UPI,Completed,,4,20
RD24568,13-04-2024,9,Bengaluru,Bengaluru Airport,Indiranagar,Sedan,Omkar S.,Imran Shaikh,20.3,79,Sunny,N,435,UPI,Completed,,4,30
RD24567,13-04-2024,8,Hyderabad,Kukatpally,Ameerpet,Mini,Rohan S.,Harish Bhat,3.2,21,Sunny,N,98,UPI,Completed,,4,20
RD24566,12-04-2024,21,Pune,Hinjewadi,Viman Nagar,Sedan,Aisha A.,Rajesh Kumar,13.5,46,Sunny,N,313,UPI,Completed,,4,20
RD24565,12-04-2024,18,Hyderabad,Charminar,Banjara Hills,Mini,Varun S.,Venkat Raju,9.7,44,Sunny,Y,364,Wallet,Completed,,4,30
RD24564,12-04-2024,17,Pune,Hinjewadi,Viman Nagar,Mini,Aditya K.,Ganesh Reddy,16.4,68,Sunny,Y,483,Cash,Completed,,,50
RD24563,12-04-2024,16,Delhi,Saket,New Delhi Station,Sedan,Pooja S.,Kiran More,7.4,31,Rainy,N,,UPI,Cancelled,Rider,,0
RD24562,12-04-2024,14,Pune,Kothrud,Shivajinagar,SUV,Tanvi A.,Suresh Yadav,18.7,68,Sunny,N,549,UPI,Completed,,5,0
RD24561,12-04-2024,13,Mumbai,Thane,Mumbai Airport,Bike,Isha S.,Dinesh Gowda,29,90,Sunny,N,223,UPI,Completed,,3,0
RD24560,12-04-2024,9,Pune,Pune Station,Viman Nagar,Mini,Kabir A.,Suresh Yadav,12.1,69,Rainy,N,232,Cash,Completed,,4,10
RD24559,12-04-2024,9,Bengaluru,Majestic,Electronic City,Mini,Aarav S.,Imran Shaikh,5.3,25,Sunny,Y,232,UPI,Completed,,4,0
RD24558,12-04-2024,4,Mumbai,CST,Powai,Bike,Siddharth A.,Prakash Singh,9.4,25,Cloudy,N,86,UPI,Completed,,5,10
RD24557,11-04-2024,18,Bengaluru,MG Road,Koramangala,Auto,Priya K.,Sunil Patil,4.8,24,Sunny,N,88,Card,Completed,,4,10
RD24556,11-04-2024,14,Delhi,Saket,Lajpat Nagar,Mini,Priya S.,Sachin Kale,5.1,23,Sunny,Y,204,Card,Completed,,,0
RD24555,11-04-2024,12,Pune,Pune Airport,Kothrud,Mini,Gauri S.,Rajesh Kumar,20.4,67,Cloudy,N,356,Cash,Completed,,4,30
RD24554,11-04-2024,11,Pune,Viman Nagar,Shivajinagar,Mini,Ananya K.,Rajesh Kumar,1.2,6,Sunny,N,68,UPI,Completed,,4,0
RD24553,11-04-2024,3,Bengaluru,Bengaluru Airport,Majestic,Auto,Diya A.,Imran Shaikh,20.8,77,Sunny,N,280,Cash,Completed,,5,30
RD24552,10-04-2024,18,Pune,Shivajinagar,Baner,Sedan,Varun A.,Mahesh Shinde,7.2,38,Sunny,Y,281,UPI,Completed,,5,50
RD24551,10-04-2024,15,Bengaluru,Bengaluru Airport,Koramangala,Sedan,Pooja K.,Manoj Verma,15.3,55,Cloudy,N,345,UPI,Completed,,5,20
RD24550,10-04-2024,12,Delhi,Lajpat Nagar,Dwarka,SUV,Kabir K.,Sachin Kale,6.8,32,Sunny,Y,485,UPI,Completed,,3,20
RD24549,10-04-2024,11,Pune,Viman Nagar,Kothrud,Sedan,Tanvi K.,Ramesh Pawar,18.2,61,Sunny,N,398,Cash,Completed,,4,50
RD24548,10-04-2024,10,Pune,Pune Station,Baner,SUV,Nikhil A.,Rajesh Kumar,4.5,29,Sunny,Y,325,Cash,Completed,,4,10
RD24547,10-04-2024,9,Mumbai,CST,Colaba,Auto,Nidhi K.,Anil Sharma,3.8,23,Sunny,Y,130,Card,Completed,,,50
RD24546,10-04-2024,9,Mumbai,Thane,Colaba,Bike,Ananya A.,Prakash Singh,1.4,11,Cloudy,N,30,Cash,Completed,,5,0
RD24545,10-04-2024,6,Mumbai,Andheri,Dadar,Auto,Omkar K.,Anil Sharma,9.1,26,Sunny,N,139,UPI,Completed,,4,0
RD24544,10-04-2024,2,Mumbai,Thane,Bandra,Bike,Neha A.,Anil Sharma,7.1,26,Sunny,N,70,UPI,Completed,,4,10
RD24543,09-04-2024,20,Hyderabad,Ameerpet,Kukatpally,SUV,Gauri K.,Naveen Murthy,12.4,65,Sunny,N,398,UPI,Completed,,4,20
RD24542,09-04-2024,19,Delhi,Lajpat Nagar,Karol Bagh,Mini,Yash S.,Sachin Kale,5.1,25,Sunny,N,126,Cash,Completed,,4,20
RD24541,09-04-2024,19,Bengaluru,Electronic City,HSR Layout,Sedan,Kavya K.,Ravi Rao,1.3,9,Sunny,N,93,Wallet,Completed,,4,0
RD24540,09-04-2024,3,Mumbai,Thane,Powai,Auto,Harsh K.,Vijay Naik,10.2,32,Cloudy,N,152,UPI,Completed,,4,50
RD24539,08-04-2024,18,Mumbai,Mumbai Airport,Dadar,Sedan,Neha K.,Santosh Jadhav,17.7,87,Sunny,N,389,UPI,Completed,,4,0
RD24538,08-04-2024,14,Pune,Kothrud,Viman Nagar,Auto,Diya S.,Rajesh Kumar,5.4,26,Sunny,N,95,Card,Completed,,4,10
RD24537,08-04-2024,8,Delhi,Karol Bagh,Saket,Auto,Kavya S.,Arun Nair,3.8,25,Cloudy,N,76,Cash,Completed,,4,0
RD24536,07-04-2024,20,Pune,Hinjewadi,Pune Airport,Mini,Riya A.,Ramesh Pawar,22.9,129,Sunny,N,394,UPI,Completed,,4,50
RD24535,07-04-2024,17,Delhi,Connaught Place,Lajpat Nagar,Mini,Diya A.,Arun Nair,6.3,40,Sunny,Y,274,UPI,Completed,,4,0
RD24534,07-04-2024,14,Bengaluru,Koramangala,Bengaluru Airport,Sedan,Priya S.,Sunil Patil,19.2,67,Cloudy,N,416,UPI,Completed,,4,20
RD24533,07-04-2024,10,Pune,Pune Airport,Hadapsar,Auto,Pooja S.,Suresh Yadav,24,96,Cloudy,N,318,Cash,Completed,,4,0
RD24532,07-04-2024,8,Hyderabad,HITEC City,Kukatpally,Auto,Vihaan S.,Babu Pillai,7.9,39,Sunny,N,125,UPI,Completed,,4,20
RD24531,07-04-2024,7,Hyderabad,Hyderabad Airport,Secunderabad,Sedan,Pranav A.,Venkat Raju,24.8,140,Rainy,N,516,Cash,Completed,,4,0
RD24530,06-04-2024,19,Delhi,Lajpat Nagar,Connaught Place,Sedan,Karan A.,Kiran More,6.2,36,Sunny,N,182,Cash,Completed,,4,0
RD24529,06-04-2024,15,Hyderabad,Secunderabad,Ameerpet,Bike,Omkar A.,Babu Pillai,1.7,7,Sunny,N,32,UPI,Completed,,4,0
RD24528,06-04-2024,8,Mumbai,Mumbai Airport,Andheri,Auto,Nikhil K.,Santosh Jadhav,15.4,81,Sunny,N,215,UPI,Completed,,4,0
RD24527,06-04-2024,7,Pune,Baner,Pune Station,Sedan,Meera A.,Ramesh Pawar,7.8,30,Sunny,N,210,Cash,Completed,,4,0
RD24526,06-04-2024,6,Pune,Pune Airport,Hinjewadi,Auto,Rahul K.,Ganesh Reddy,31.7,145,Sunny,N,410,UPI,Completed,,4,10
RD24525,05-04-2024,20,Pune,Hadapsar,Hinjewadi,Bike,Vihaan S.,Rajesh Kumar,1.2,11,Sunny,Y,43,UPI,Completed,,4,0
RD24524,05-04-2024,13,Delhi,Connaught Place,Lajpat Nagar,Mini,Karan K.,Sachin Kale,14.3,42,Sunny,N,264,UPI,Completed,,4,50
RD24523,05-04-2024,10,Bengaluru,Koramangala,Electronic City,Sedan,Ananya S.,Sunil Patil,4.9,30,Sunny,N,158,UPI,Completed,,4,0
RD24522,05-04-2024,9,Pune,Baner,Pune Station,Mini,Sneha S.,Ganesh Reddy,5.1,26,Sunny,N,126,UPI,Completed,,5,0
RD24521,05-04-2024,8,Hyderabad,Kukatpally,Secunderabad,Auto,Sneha K.,Harish Bhat,10.4,60,Cloudy,N,155,UPI,Completed,,4,50
RD24520,05-04-2024,8,Bengaluru,Whitefield,Majestic,SUV,Pooja K.,Imran Shaikh,6.3,40,Rainy,Y,335,UPI,Completed,,5,10
RD24519,05-04-2024,7,Delhi,Lajpat Nagar,New Delhi Station,SUV,Sneha A.,Deepak Chauhan,8.3,39,Sunny,N,299,UPI,Completed,,5,0
RD24518,05-04-2024,6,Pune,Shivajinagar,Pune Airport,Auto,Aditya K.,Rajesh Kumar,20.4,79,Sunny,N,275,UPI,Completed,,4,0
RD24517,04-04-2024,21,Pune,Viman Nagar,Hinjewadi,Sedan,Aditya K.,Suresh Yadav,15.4,49,Cloudy,N,347,Cash,Completed,,4,0
RD24516,04-04-2024,20,Bengaluru,Bengaluru Airport,Electronic City,Mini,Kavya A.,Salim Khan,34.7,150,Sunny,N,570,UPI,Completed,,4,10
RD24515,04-04-2024,17,Mumbai,Mumbai Airport,Dadar,Mini,Priya A.,Prakash Singh,14.9,78,Sunny,N,274,Card,Completed,,4,10
RD24514,04-04-2024,7,Pune,Shivajinagar,Kothrud,Mini,Diya K.,Ganesh Reddy,14.8,84,Rainy,N,272,Cash,Completed,,4,50
RD24513,03-04-2024,23,Pune,Shivajinagar,Hadapsar,Bike,Karan A.,Ganesh Reddy,5.2,15,Cloudy,N,,Cash,Cancelled,Rider,,0
RD24512,03-04-2024,16,Pune,Viman Nagar,Hadapsar,Auto,Aarav K.,Rajesh Kumar,8.8,34,Sunny,N,136,UPI,Completed,,4,30
RD24511,03-04-2024,16,Delhi,Noida Sec 18,Lajpat Nagar,Mini,Harsh S.,Kiran More,12.1,36,Sunny,N,232,UPI,Completed,,4,30
RD24510,03-04-2024,12,Mumbai,Powai,Colaba,Auto,Aisha S.,Vijay Naik,12,48,Sunny,N,174,Cash,Completed,,4,20
RD24509,03-04-2024,11,Pune,Viman Nagar,Pune Station,Sedan,Diya K.,Mahesh Shinde,4.7,16,Cloudy,N,155,Cash,Completed,,4,50
RD24508,03-04-2024,10,Hyderabad,HITEC City,Gachibowli,Mini,Kavya A.,Babu Pillai,3.9,20,Sunny,Y,182,Cash,Completed,,5,0
RD24507,03-04-2024,9,Mumbai,CST,Bandra,Mini,Tanvi S.,Dinesh Gowda,1.5,10,Sunny,Y,134,Wallet,Completed,,4,0
RD24506,03-04-2024,8,Delhi,Connaught Place,Saket,Mini,Karan A.,Arun Nair,16.4,70,Sunny,N,296,UPI,Completed,,4,50
RD24505,03-04-2024,3,Bengaluru,Koramangala,Electronic City,Sedan,Aditya S.,Sunil Patil,2.1,12,Rainy,N,,UPI,Cancelled,Rider,,0
RD24504,02-04-2024,14,Bengaluru,Majestic,HSR Layout,SUV,Meera K.,Manoj Verma,2.1,9,Cloudy,N,,UPI,Cancelled,Rider,,0
RD24503,02-04-2024,14,Mumbai,Colaba,Dadar,Bike,Priya S.,Santosh Jadhav,5.6,18,Sunny,N,59,UPI,Completed,,4,0
RD24502,02-04-2024,14,Mumbai,Colaba,Thane,Bike,Nikhil S.,Vijay Naik,9.1,24,Cloudy,N,84,Cash,Completed,,,10
RD24501,02-04-2024,7,Mumbai,Bandra,Dadar,Auto,Isha S.,Vijay Naik,8.4,30,Sunny,N,131,UPI,Completed,,,50
RD24500,01-04-2024,20,Bengaluru,Electronic City,Bengaluru Airport,Auto,Aisha S.,Manoj Verma,22.9,121,Sunny,N,305,Cash,Completed,,5,0
RD24499,01-04-2024,17,Bengaluru,Indiranagar,Majestic,Auto,Diya S.,Imran Shaikh,4.5,27,Sunny,Y,147,Card,Completed,,,0
RD24498,01-04-2024,11,Mumbai,Powai,Colaba,Mini,Aarav K.,Vijay Naik,2.4,9,Sunny,N,86,Cash,Completed,,5,20
RD24497,01-04-2024,7,Pune,Shivajinagar,Pune Station,Mini,Gauri K.,Ramesh Pawar,2.7,19,Sunny,N,90,Cash,Completed,,4,20
RD24496,01-04-2024,3,Pune,Kothrud,Shivajinagar,Auto,Rahul A.,Suresh Yadav,4.1,20,Sunny,N,79,UPI,Completed,,4,50
RD24495,31-03-2024,18,Delhi,Karol Bagh,Lajpat Nagar,Auto,Gauri S.,Arun Nair,7.5,30,Sunny,N,120,Card,Completed,,,0
RD24494,31-03-2024,18,Mumbai,Thane,Powai,Mini,Kavya K.,Vijay Naik,1.2,12,Rainy,Y,127,Card,Completed,,5,30
RD24493,31-03-2024,11,Delhi,Delhi Airport,Saket,Sedan,Diya S.,Arun Nair,19.8,65,Sunny,N,426,Cash,Completed,,4,50
RD24492,31-03-2024,11,Pune,Pune Station,Shivajinagar,Auto,Vihaan S.,Suresh Yadav,2.8,13,Sunny,N,64,Cash,Completed,,5,50
RD24491,30-03-2024,22,Hyderabad,Banjara Hills,Hyderabad Airport,Bike,Sneha A.,Pradeep Mishra,22.8,57,Cloudy,N,180,UPI,Completed,,4,0
RD24490,30-03-2024,21,Pune,Shivajinagar,Pune Airport,Mini,Pooja S.,Mahesh Shinde,31.6,105,Cloudy,N,524,Cash,Completed,,4,0
RD24489,30-03-2024,16,Delhi,New Delhi Station,Dwarka,Auto,Priya K.,Arun Nair,7.1,37,Rainy,Y,167,UPI,Completed,,5,20
RD24488,30-03-2024,14,Pune,Kothrud,Hadapsar,Mini,Pooja A.,Rajesh Kumar,11.3,37,Sunny,N,220,UPI,Completed,,4,30
RD24487,30-03-2024,10,Delhi,Delhi Airport,Dwarka,Mini,Kabir A.,Arun Nair,17.7,66,Sunny,N,316,UPI,Completed,,,50
RD24486,30-03-2024,6,Mumbai,Colaba,Thane,Auto,Siddharth K.,Vijay Naik,2.6,13,Sunny,N,,Wallet,Cancelled,Driver,,0
RD24485,29-03-2024,15,Mumbai,Dadar,CST,SUV,Tanvi A.,Vijay Naik,5.1,17,Cloudy,N,222,UPI,Completed,,5,0
RD24484,29-03-2024,10,Bengaluru,Indiranagar,MG Road,Mini,Tanvi K.,Salim Khan,7.1,38,Cloudy,Y,287,Wallet,Completed,,5,0
RD24483,29-03-2024,9,Bengaluru,MG Road,Indiranagar,Bike,Nidhi A.,Salim Khan,8.6,44,Sunny,N,80,Cash,Completed,,5,0
RD24482,29-03-2024,5,Bengaluru,Whitefield,Koramangala,Sedan,Pranav A.,Imran Shaikh,2.3,8,Sunny,N,111,Cash,Completed,,5,50
RD24481,28-03-2024,9,Hyderabad,Kukatpally,Hyderabad Airport,Sedan,Sneha S.,Venkat Raju,32.3,150,Sunny,N,651,UPI,Completed,,4,0
RD24480,28-03-2024,9,Bengaluru,Whitefield,Electronic City,Auto,Vihaan S.,Imran Shaikh,14.7,86,Cloudy,Y,286,Cash,Completed,,4,10
RD24479,28-03-2024,7,Hyderabad,HITEC City,Secunderabad,Auto,Priya K.,Pradeep Mishra,11.8,44,Cloudy,Y,252,UPI,Completed,,4,0
RD24478,28-03-2024,6,Bengaluru,Majestic,Bengaluru Airport,Auto,Nidhi K.,Imran Shaikh,16.8,63,Cloudy,N,,Cash,Cancelled,Rider,,0
RD24477,27-03-2024,20,Bengaluru,Indiranagar,HSR Layout,Mini,Diya S.,Sunil Patil,9.1,31,Cloudy,N,186,UPI,Completed,,4,0
RD24476,27-03-2024,17,Mumbai,Mumbai Airport,Bandra,Mini,Neha K.,Santosh Jadhav,23.7,89,Cloudy,N,406,UPI,Completed,,4,20
RD24475,27-03-2024,16,Bengaluru,Whitefield,HSR Layout,Mini,Riya K.,Manoj Verma,11.2,50,Sunny,N,218,UPI,Completed,,5,0
RD24474,27-03-2024,15,Pune,Shivajinagar,Pune Station,Sedan,Nidhi S.,Rajesh Kumar,7.9,29,Sunny,N,212,Card,Completed,,5,50
RD24473,27-03-2024,13,Pune,Pune Airport,Baner,Bike,Varun K.,Ramesh Pawar,21.3,57,Sunny,N,169,UPI,Completed,,,0
RD24472,27-03-2024,9,Mumbai,CST,Dadar,SUV,Sneha A.,Dinesh Gowda,2.2,14,Sunny,Y,227,Cash,Completed,,4,30
RD24471,27-03-2024,9,Pune,Baner,Pune Station,Mini,Pranav S.,Rajesh Kumar,9,50,Sunny,N,185,UPI,Completed,,5,0
RD24470,27-03-2024,8,Mumbai,Mumbai Airport,Powai,Mini,Gauri S.,Vijay Naik,16.3,88,Sunny,Y,386,UPI,Completed,,4,0
RD24469,27-03-2024,1,Delhi,Lajpat Nagar,New Delhi Station,Auto,Sana A.,Sachin Kale,7.9,27,Sunny,Y,184,Wallet,Completed,,4,30
RD24468,26-03-2024,21,Bengaluru,Bengaluru Airport,Majestic,Auto,Nidhi K.,Ravi Rao,22,72,Sunny,N,294,Cash,Completed,,2,10
RD24467,26-03-2024,18,Bengaluru,Majestic,Whitefield,Auto,Kavya K.,Imran Shaikh,4.7,31,Sunny,N,86,Card,Completed,,5,0
RD24466,26-03-2024,18,Delhi,Connaught Place,New Delhi Station,Sedan,Nikhil K.,Arun Nair,7,34,Sunny,Y,258,Cash,Completed,,,0
RD24465,26-03-2024,17,Mumbai,Powai,Dadar,Sedan,Pooja A.,Dinesh Gowda,4.4,24,Sunny,Y,235,UPI,Completed,,,0
RD24464,26-03-2024,15,Pune,Shivajinagar,Kothrud,Mini,Yash K.,Ganesh Reddy,6.9,27,Sunny,N,154,UPI,Completed,,5,0
RD24463,26-03-2024,13,Mumbai,CST,Mumbai Airport,Mini,Riya S.,Anil Sharma,20.3,83,Sunny,N,354,Card,Completed,,5,0
RD24462,26-03-2024,11,Bengaluru,Koramangala,Whitefield,Auto,Varun S.,Salim Khan,8.9,38,Sunny,N,137,Cash,Completed,,4,0
RD24461,26-03-2024,1,Pune,Hadapsar,Shivajinagar,Bike,Pooja S.,Ramesh Pawar,6.6,31,Rainy,N,66,UPI,Completed,,5,10
RD24460,25-03-2024,22,Mumbai,Andheri,Dadar,Sedan,Isha K.,Dinesh Gowda,2.8,16,Sunny,N,120,UPI,Completed,,,30
RD24459,25-03-2024,17,Delhi,Saket,Delhi Airport,SUV,Priya A.,Kiran More,19.6,110,Cloudy,Y,844,UPI,Completed,,4,20
RD24458,25-03-2024,16,Bengaluru,Electronic City,Indiranagar,Sedan,Tanvi S.,Salim Khan,4.9,26,Sunny,N,158,UPI,Completed,,3,50
RD24457,25-03-2024,16,Delhi,Dwarka,Delhi Airport,Mini,Karan S.,Deepak Chauhan,24.3,69,Sunny,N,414,UPI,Completed,,4,50
RD24456,25-03-2024,5,Bengaluru,Indiranagar,HSR Layout,Bike,Kavya K.,Sunil Patil,8.4,23,Sunny,N,79,UPI,Completed,,4,10
RD24455,24-03-2024,15,Mumbai,Mumbai Airport,Dadar,Mini,Sneha A.,Vijay Naik,20.2,95,Cloudy,N,353,UPI,Completed,,5,0
RD24454,24-03-2024,9,Mumbai,Colaba,Andheri,Auto,Gauri A.,Dinesh Gowda,2.9,20,Sunny,Y,98,Wallet,Completed,,4,20
RD24453,24-03-2024,8,Hyderabad,Ameerpet,Secunderabad,Auto,Harsh K.,Harish Bhat,18.6,89,Cloudy,N,253,UPI,Completed,,4,0
RD24452,24-03-2024,7,Delhi,Delhi Airport,Lajpat Nagar,SUV,Omkar A.,Arun Nair,27.2,94,Sunny,N,753,UPI,Completed,,5,50
RD24451,23-03-2024,21,Pune,Hadapsar,Pune Airport,Sedan,Harsh A.,Ramesh Pawar,18.9,67,Sunny,N,410,Cash,Completed,,4,0
RD24450,23-03-2024,20,Pune,Viman Nagar,Pune Airport,Auto,Neha S.,Rajesh Kumar,30.8,150,Sunny,N,400,Card,Completed,,4,10
RD24449,23-03-2024,20,Mumbai,Thane,Colaba,Sedan,Aarav A.,Anil Sharma,11.6,47,Cloudy,N,279,UPI,Completed,,4,0
RD24448,23-03-2024,11,Mumbai,Dadar,Colaba,Mini,Pooja A.,Anil Sharma,5.2,18,Sunny,N,128,UPI,Completed,,,50
RD24447,23-03-2024,11,Mumbai,CST,Powai,Sedan,Nikhil K.,Prakash Singh,8,31,Sunny,N,214,Cash,Completed,,5,0
RD24446,23-03-2024,10,Pune,Pune Airport,Hinjewadi,Bike,Rahul A.,Ganesh Reddy,16.5,84,Sunny,Y,,UPI,Cancelled,Driver,,0
RD24445,23-03-2024,7,Pune,Hadapsar,Pune Airport,SUV,Aarav K.,Suresh Yadav,19.2,62,Cloudy,Y,742,UPI,Completed,,4,0
RD24444,22-03-2024,19,Pune,Kothrud,Pune Airport,Auto,Pranav S.,Ramesh Pawar,19.1,81,Cloudy,Y,462,UPI,Completed,,5,0
RD24443,22-03-2024,17,Delhi,Lajpat Nagar,Connaught Place,Sedan,Arjun S.,Arun Nair,1.2,8,Cloudy,N,92,Cash,Completed,,5,10
RD24442,22-03-2024,13,Pune,Baner,Pune Airport,Auto,Aditya S.,Rajesh Kumar,19.5,66,Sunny,N,264,UPI,Completed,,5,50
RD24441,22-03-2024,9,Pune,Hinjewadi,Pune Station,Mini,Pranav A.,Mahesh Shinde,11.8,62,Sunny,N,227,Cash,Completed,,4,0
RD24440,22-03-2024,8,Bengaluru,Indiranagar,MG Road,Auto,Diya K.,Sunil Patil,11.7,66,Sunny,Y,274,UPI,Completed,,4,0
RD24439,22-03-2024,6,Mumbai,Andheri,Powai,Sedan,Kabir S.,Anil Sharma,8.7,40,Sunny,N,227,UPI,Completed,,,0
RD24438,21-03-2024,22,Pune,Pune Airport,Hinjewadi,Auto,Rahul A.,Rajesh Kumar,25.3,102,Cloudy,N,,Card,Cancelled,Driver,,0
RD24437,21-03-2024,21,Hyderabad,HITEC City,Banjara Hills,Bike,Nikhil A.,Naveen Murthy,4.4,17,Cloudy,N,51,UPI,Completed,,5,10
RD24436,21-03-2024,21,Pune,Shivajinagar,Hinjewadi,Mini,Yash A.,Suresh Yadav,5.7,29,Cloudy,Y,216,UPI,Completed,,4,20
RD24435,21-03-2024,15,Pune,Viman Nagar,Kothrud,Mini,Arjun K.,Ramesh Pawar,6.9,23,Cloudy,N,154,Cash,Completed,,3,0
RD24434,21-03-2024,7,Pune,Baner,Pune Airport,Bike,Harsh S.,Suresh Yadav,19.7,66,Sunny,N,158,Cash,Completed,,5,0
RD24433,21-03-2024,7,Mumbai,Dadar,Colaba,SUV,Ananya A.,Vijay Naik,1.2,8,Sunny,N,129,UPI,Completed,,,30
RD24432,20-03-2024,17,Bengaluru,Electronic City,Whitefield,Bike,Omkar A.,Imran Shaikh,13.2,65,Sunny,Y,180,UPI,Completed,,5,0
RD24431,20-03-2024,16,Bengaluru,Electronic City,Bengaluru Airport,Sedan,Kabir S.,Ravi Rao,17.9,53,Rainy,N,392,UPI,Completed,,3,20
RD24430,20-03-2024,16,Pune,Shivajinagar,Hadapsar,Bike,Tanvi A.,Ganesh Reddy,7,24,Sunny,N,69,Card,Completed,,5,10
RD24429,20-03-2024,12,Pune,Shivajinagar,Viman Nagar,Mini,Karan S.,Rajesh Kumar,4.2,15,Sunny,Y,182,UPI,Completed,,5,0
RD24428,20-03-2024,11,Bengaluru,Indiranagar,MG Road,Sedan,Kavya K.,Manoj Verma,4.3,18,Sunny,N,147,Cash,Completed,,5,0
RD24427,20-03-2024,10,Delhi,Delhi Airport,Lajpat Nagar,Sedan,Gauri K.,Joseph Dsouza,22.6,130,Cloudy,Y,789,Wallet,Completed,,5,20
RD24426,20-03-2024,5,Bengaluru,Electronic City,Koramangala,Auto,Aarav A.,Ravi Rao,1.6,13,Rainy,N,49,UPI,Completed,,4,50
RD24425,19-03-2024,21,Hyderabad,Banjara Hills,Hyderabad Airport,Mini,Aisha A.,Pradeep Mishra,18.3,60,Cloudy,Y,434,Cash,Completed,,5,0
RD24424,19-03-2024,20,Delhi,Dwarka,Lajpat Nagar,Sedan,Sneha K.,Deepak Chauhan,9.3,54,Rainy,Y,346,UPI,Completed,,5,30
RD24423,19-03-2024,19,Bengaluru,Majestic,Whitefield,Mini,Arjun S.,Manoj Verma,7.4,39,Cloudy,Y,244,UPI,Completed,,5,20
RD24422,19-03-2024,17,Pune,Kothrud,Pune Station,Mini,Diya S.,Ramesh Pawar,7.2,29,Cloudy,N,158,UPI,Completed,,5,10
RD24421,19-03-2024,16,Pune,Kothrud,Pune Station,Mini,Yash K.,Suresh Yadav,7,27,Sunny,N,155,Cash,Completed,,,30
RD24420,19-03-2024,14,Delhi,Karol Bagh,Saket,Mini,Sana K.,Joseph Dsouza,9.8,33,Cloudy,N,197,UPI,Completed,,5,0
RD24419,19-03-2024,13,Pune,Kothrud,Pune Station,Auto,Nidhi A.,Mahesh Shinde,3.9,16,Sunny,N,77,Cash,Completed,,,0
RD24418,19-03-2024,11,Pune,Pune Airport,Baner,Mini,Nikhil A.,Rajesh Kumar,18.2,75,Sunny,N,323,UPI,Completed,,4,20
RD24417,19-03-2024,6,Mumbai,CST,Dadar,Sedan,Pooja K.,Santosh Jadhav,2.2,11,Cloudy,N,110,Cash,Completed,,4,0
RD24416,18-03-2024,12,Pune,Kothrud,Baner,Auto,Pranav A.,Suresh Yadav,16.5,58,Sunny,N,228,UPI,Completed,,,0
RD24415,18-03-2024,9,Pune,Baner,Hinjewadi,Auto,Yash A.,Rajesh Kumar,5.1,24,Sunny,N,91,Card,Completed,,4,20
RD24414,18-03-2024,7,Delhi,Saket,Connaught Place,Bike,Pooja S.,Deepak Chauhan,7.4,29,Rainy,N,72,Cash,Completed,,5,0
RD24413,18-03-2024,6,Pune,Hinjewadi,Hadapsar,Sedan,Sana K.,Ganesh Reddy,8.6,39,Rainy,N,225,UPI,Completed,,5,50
RD24412,17-03-2024,22,Pune,Pune Airport,Shivajinagar,Sedan,Siddharth K.,Mahesh Shinde,18.6,74,Sunny,N,405,Cash,Completed,,3,10
RD24411,17-03-2024,15,Delhi,Lajpat Nagar,New Delhi Station,Auto,Siddharth A.,Kiran More,16.7,84,Rainy,N,230,UPI,Completed,,4,50
RD24410,17-03-2024,9,Mumbai,Colaba,Thane,Mini,Diya A.,Prakash Singh,12.8,49,Cloudy,N,242,Card,Completed,,4,20
RD24409,16-03-2024,21,Pune,Baner,Viman Nagar,Sedan,Ananya S.,Mahesh Shinde,4,17,Sunny,N,142,UPI,Completed,,4,30
RD24408,16-03-2024,20,Bengaluru,Whitefield,MG Road,Bike,Nikhil K.,Manoj Verma,8.4,29,Sunny,N,79,UPI,Completed,,5,10
RD24407,16-03-2024,18,Mumbai,Colaba,Thane,Bike,Gauri A.,Anil Sharma,3.3,11,Sunny,N,43,Wallet,Completed,,5,0
RD24406,16-03-2024,15,Bengaluru,Electronic City,Bengaluru Airport,Auto,Nidhi K.,Manoj Verma,20.7,72,Sunny,N,278,UPI,Completed,,5,0
RD24405,16-03-2024,13,Bengaluru,MG Road,Indiranagar,Auto,Nikhil S.,Manoj Verma,8.9,33,Sunny,N,137,UPI,Completed,,4,50
RD24404,16-03-2024,13,Hyderabad,Gachibowli,Secunderabad,Sedan,Karan S.,Pradeep Mishra,2.6,14,Sunny,N,117,UPI,Completed,,,0
RD24403,16-03-2024,9,Delhi,New Delhi Station,Connaught Place,Sedan,Kavya K.,Arun Nair,10.9,67,Cloudy,N,266,UPI,Completed,,5,0
RD24402,16-03-2024,4,Delhi,Dwarka,New Delhi Station,Bike,Neha A.,Deepak Chauhan,3.4,15,Sunny,Y,72,UPI,Completed,,5,0
RD24401,15-03-2024,22,Bengaluru,Indiranagar,Whitefield,Mini,Isha K.,Imran Shaikh,5.8,26,Cloudy,Y,194,UPI,Completed,,4,50
RD24400,15-03-2024,14,Hyderabad,Hyderabad Airport,Banjara Hills,Auto,Kavya K.,Venkat Raju,24,74,Sunny,N,318,Cash,Completed,,,10
RD24399,15-03-2024,10,Pune,Viman Nagar,Shivajinagar,SUV,Riya S.,Ganesh Reddy,1.2,10,Sunny,N,129,UPI,Completed,,4,0
RD24398,15-03-2024,10,Mumbai,Andheri,Colaba,Mini,Harsh S.,Prakash Singh,5.6,34,Rainy,Y,230,Cash,Completed,,4,0
RD24397,14-03-2024,19,Pune,Pune Station,Kothrud,Auto,Tanvi S.,Suresh Yadav,17.4,82,Sunny,N,239,Wallet,Completed,,,0
RD24396,14-03-2024,14,Bengaluru,Majestic,Whitefield,Sedan,Meera K.,Imran Shaikh,6.6,27,Sunny,N,189,UPI,Completed,,4,0
RD24395,14-03-2024,14,Mumbai,Bandra,Dadar,Auto,Neha A.,Vijay Naik,26.9,96,Sunny,N,,Cash,Cancelled,Rider,,0
RD24394,14-03-2024,11,Delhi,Saket,Noida Sec 18,Sedan,Riya K.,Sachin Kale,1.2,4,Sunny,N,92,UPI,Completed,,4,10
RD24393,13-03-2024,22,Pune,Pune Airport,Baner,Mini,Pranav A.,Mahesh Shinde,26.1,84,Rainy,Y,697,UPI,Completed,,4,30
RD24392,13-03-2024,13,Bengaluru,MG Road,Whitefield,Bike,Harsh A.,Sunil Patil,3.2,10,Cloudy,N,42,Cash,Completed,,3,0
RD24391,13-03-2024,13,Bengaluru,Electronic City,Bengaluru Airport,Sedan,Arjun A.,Imran Shaikh,19.1,64,Sunny,N,414,UPI,Completed,,5,30
RD24390,12-03-2024,22,Hyderabad,Gachibowli,Kukatpally,Sedan,Sneha S.,Venkat Raju,20.9,67,Sunny,N,446,UPI,Completed,,5,0
RD24389,12-03-2024,20,Delhi,New Delhi Station,Saket,Bike,Diya S.,Sachin Kale,18.8,61,Sunny,Y,226,UPI,Completed,,4,0
RD24388,12-03-2024,16,Pune,Hadapsar,Shivajinagar,Sedan,Aisha A.,Suresh Yadav,10,38,Sunny,Y,463,Cash,Completed,,5,30
RD24387,12-03-2024,15,Delhi,New Delhi Station,Noida Sec 18,Sedan,Priya K.,Joseph Dsouza,15.5,54,Sunny,N,349,UPI,Completed,,4,0
RD24386,12-03-2024,12,Mumbai,Bandra,Thane,Sedan,Riya A.,Anil Sharma,8.2,32,Sunny,N,218,UPI,Completed,,5,0
RD24385,12-03-2024,8,Pune,Viman Nagar,Hadapsar,SUV,Aisha K.,Mahesh Shinde,14.5,68,Sunny,Y,601,Cash,Completed,,4,20
RD24384,12-03-2024,6,Hyderabad,Hyderabad Airport,Banjara Hills,SUV,Arjun S.,Harish Bhat,19,73,Sunny,N,556,UPI,Completed,,4,30
RD24383,12-03-2024,0,Delhi,Connaught Place,Karol Bagh,Mini,Arjun A.,Deepak Chauhan,9.3,29,Cloudy,N,190,UPI,Completed,,5,10
RD24382,11-03-2024,21,Bengaluru,MG Road,HSR Layout,Auto,Diya S.,Manoj Verma,1.8,7,Sunny,N,52,Cash,Completed,,,50
RD24381,11-03-2024,18,Pune,Pune Station,Pune Airport,Bike,Kavya K.,Ganesh Reddy,24.5,67,Sunny,N,192,Cash,Completed,,4,0
RD24380,11-03-2024,10,Pune,Pune Airport,Hadapsar,Mini,Sneha A.,Ganesh Reddy,18.6,71,Cloudy,Y,478,Card,Completed,,3,10
RD24379,11-03-2024,6,Mumbai,Powai,Mumbai Airport,Mini,Aarav A.,Vijay Naik,20,68,Sunny,Y,565,Wallet,Completed,,4,10
RD24378,10-03-2024,20,Pune,Hinjewadi,Hadapsar,Auto,Rahul A.,Ramesh Pawar,9.1,51,Sunny,Y,188,Cash,Completed,,4,0
RD24377,10-03-2024,18,Delhi,New Delhi Station,Lajpat Nagar,Auto,Vihaan S.,Arun Nair,8.7,35,Sunny,N,134,UPI,Completed,,4,50
RD24376,10-03-2024,17,Mumbai,Dadar,CST,SUV,Siddharth K.,Dinesh Gowda,8.7,46,Sunny,N,309,Cash,Completed,,4,10
RD24375,10-03-2024,17,Delhi,Connaught Place,Delhi Airport,Sedan,Sana A.,Joseph Dsouza,19,69,Cloudy,N,412,Card,Completed,,,30
RD24374,10-03-2024,17,Pune,Hinjewadi,Baner,Mini,Sneha K.,Suresh Yadav,6.6,42,Sunny,N,149,UPI,Completed,,4,0
RD24373,10-03-2024,15,Mumbai,Powai,Thane,Auto,Omkar A.,Santosh Jadhav,3,13,Cloudy,N,66,Wallet,Completed,,,10
RD24372,09-03-2024,21,Pune,Baner,Hinjewadi,Auto,Aisha K.,Ramesh Pawar,19.8,70,Cloudy,Y,354,UPI,Completed,,4,20
RD24371,09-03-2024,19,Pune,Pune Airport,Shivajinagar,SUV,Harsh A.,Rajesh Kumar,20.9,78,Cloudy,Y,865,UPI,Completed,,4,50
RD24370,09-03-2024,19,Mumbai,Thane,Dadar,Sedan,Karan A.,Anil Sharma,11.1,45,Sunny,N,270,UPI,Completed,,5,0
RD24369,09-03-2024,18,Pune,Pune Station,Viman Nagar,Bike,Nidhi S.,Mahesh Shinde,6.9,30,Cloudy,N,68,UPI,Completed,,4,0
RD24368,09-03-2024,17,Pune,Hinjewadi,Baner,Bike,Aisha K.,Suresh Yadav,19.7,72,Sunny,N,158,UPI,Completed,,5,0
RD24367,09-03-2024,14,Delhi,Saket,Karol Bagh,Auto,Pranav K.,Arun Nair,8.3,33,Sunny,N,,Cash,Cancelled,Driver,,0
RD24366,09-03-2024,12,Mumbai,Powai,CST,Bike,Isha S.,Santosh Jadhav,4.9,15,Sunny,Y,81,UPI,Completed,,4,10
RD24365,09-03-2024,12,Bengaluru,Whitefield,Koramangala,Sedan,Meera K.,Ravi Rao,2.6,13,Sunny,N,117,UPI,Completed,,3,20
RD24364,09-03-2024,10,Delhi,Noida Sec 18,Saket,Sedan,Priya S.,Deepak Chauhan,1.9,9,Sunny,N,104,UPI,Completed,,5,30
RD24363,09-03-2024,8,Pune,Hinjewadi,Shivajinagar,Auto,Siddharth S.,Ramesh Pawar,3.1,14,Sunny,Y,126,Cash,Completed,,4,50
RD24362,08-03-2024,19,Pune,Shivajinagar,Pune Airport,Mini,Vihaan S.,Ganesh Reddy,21.2,122,Sunny,Y,631,UPI,Completed,,4,0
RD24361,08-03-2024,12,Bengaluru,Koramangala,Indiranagar,Bike,Kavya A.,Manoj Verma,8.3,24,Sunny,N,78,Wallet,Completed,,4,0
RD24360,08-03-2024,10,Pune,Hadapsar,Hinjewadi,SUV,Varun S.,Mahesh Shinde,8.9,49,Sunny,N,314,Wallet,Completed,,5,0
RD24359,08-03-2024,6,Mumbai,Andheri,Bandra,Mini,Yash S.,Anil Sharma,2.5,9,Cloudy,N,88,Wallet,Completed,,5,30
RD24358,07-03-2024,23,Mumbai,Andheri,CST,Bike,Gauri S.,Vijay Naik,10,32,Sunny,N,90,UPI,Completed,,4,10
RD24357,07-03-2024,20,Bengaluru,Electronic City,HSR Layout,Bike,Siddharth A.,Sunil Patil,1.9,13,Rainy,Y,56,UPI,Completed,,5,0
RD24356,07-03-2024,19,Bengaluru,Electronic City,Bengaluru Airport,Auto,Aditya S.,Imran Shaikh,16.9,91,Sunny,N,233,UPI,Completed,,5,30
RD24355,07-03-2024,14,Pune,Baner,Viman Nagar,Sedan,Rohan K.,Ganesh Reddy,4.4,22,Sunny,N,,UPI,Cancelled,Rider,,0
RD24354,07-03-2024,14,Pune,Baner,Viman Nagar,Mini,Vihaan A.,Suresh Yadav,6.6,22,Sunny,N,149,Cash,Completed,,4,0
RD24353,07-03-2024,13,Bengaluru,Bengaluru Airport,MG Road,Bike,Varun A.,Imran Shaikh,25.8,56,Sunny,Y,353,Cash,Completed,,4,10
RD24352,07-03-2024,8,Pune,Hadapsar,Viman Nagar,Auto,Sana A.,Rajesh Kumar,8.1,35,Sunny,Y,183,UPI,Completed,,4,30
RD24351,06-03-2024,19,Mumbai,Dadar,Bandra,Mini,Nidhi K.,Santosh Jadhav,16.7,92,Sunny,N,300,Cash,Completed,,4,50
RD24350,06-03-2024,14,Pune,Viman Nagar,Hadapsar,Sedan,Ananya K.,Rajesh Kumar,5.9,29,Rainy,Y,299,UPI,Completed,,4,20
RD24349,06-03-2024,13,Mumbai,Powai,Mumbai Airport,Mini,Meera K.,Anil Sharma,40.9,117,Sunny,N,664,UPI,Completed,,4,0
RD24348,06-03-2024,10,Mumbai,Mumbai Airport,Bandra,SUV,Kavya K.,Santosh Jadhav,28.7,97,Cloudy,Y,1236,UPI,Completed,,4,0
RD24347,06-03-2024,10,Pune,Baner,Hadapsar,Sedan,Aisha S.,Ganesh Reddy,5.9,30,Sunny,N,176,Cash,Completed,,3,0
RD24346,06-03-2024,10,Delhi,Connaught Place,Delhi Airport,Sedan,Yash A.,Sachin Kale,24.9,112,Sunny,Y,920,UPI,Completed,,4,30
RD24345,06-03-2024,8,Pune,Hinjewadi,Hadapsar,Mini,Varun K.,Rajesh Kumar,5.6,25,Sunny,N,134,Cash,Completed,,5,10
RD24344,05-03-2024,15,Delhi,Saket,Connaught Place,SUV,Neha A.,Kiran More,3.9,14,Cloudy,N,194,Card,Completed,,5,10
RD24343,05-03-2024,14,Mumbai,CST,Powai,Auto,Kavya A.,Prakash Singh,8.6,33,Sunny,N,133,UPI,Completed,,,50
RD24342,05-03-2024,11,Mumbai,Andheri,CST,Sedan,Ananya K.,Dinesh Gowda,3,14,Sunny,N,124,Cash,Completed,,,30
RD24341,05-03-2024,9,Pune,Hadapsar,Shivajinagar,Auto,Aarav S.,Suresh Yadav,3,24,Rainy,Y,114,Cash,Completed,,,50
RD24340,04-03-2024,18,Pune,Kothrud,Shivajinagar,Auto,Sana S.,Mahesh Shinde,1.4,10,Cloudy,Y,62,UPI,Completed,,5,20
RD24339,04-03-2024,17,Mumbai,Dadar,Powai,Bike,Nikhil A.,Vijay Naik,3.8,19,Sunny,Y,71,UPI,Completed,,4,10
RD24338,04-03-2024,16,Delhi,Lajpat Nagar,Delhi Airport,Mini,Aditya K.,Arun Nair,18.8,59,Sunny,N,332,UPI,Completed,,4,10
RD24337,04-03-2024,11,Delhi,Noida Sec 18,Karol Bagh,Mini,Aisha S.,Arun Nair,4.6,20,Cloudy,N,119,UPI,Completed,,4,0
RD24336,04-03-2024,10,Pune,Hinjewadi,Pune Station,Mini,Riya K.,Ganesh Reddy,5.5,25,Sunny,Y,,Cash,Cancelled,Driver,,0
RD24335,04-03-2024,5,Pune,Pune Station,Shivajinagar,SUV,Pranav K.,Mahesh Shinde,4.6,29,Sunny,N,210,UPI,Completed,,4,0
RD24334,03-03-2024,20,Mumbai,Andheri,Thane,Sedan,Ananya K.,Anil Sharma,1.2,7,Sunny,Y,157,UPI,Completed,,4,0
RD24333,03-03-2024,18,Pune,Pune Station,Baner,Bike,Kabir K.,Suresh Yadav,10.6,42,Cloudy,N,,UPI,Cancelled,Rider,,0
RD24332,03-03-2024,17,Pune,Hadapsar,Baner,Mini,Sana K.,Mahesh Shinde,3.8,18,Sunny,Y,178,UPI,Completed,,4,10
RD24331,03-03-2024,9,Pune,Kothrud,Hinjewadi,SUV,Sana K.,Ganesh Reddy,4.3,25,Cloudy,N,203,Cash,Completed,,5,20
RD24330,02-03-2024,18,Bengaluru,Indiranagar,HSR Layout,SUV,Aisha S.,Sunil Patil,7.1,38,Sunny,Y,,Wallet,Cancelled,Driver,,0
RD24329,02-03-2024,16,Pune,Shivajinagar,Viman Nagar,Mini,Nikhil S.,Mahesh Shinde,4.1,21,Sunny,N,112,Cash,Completed,,4,10
RD24328,01-03-2024,21,Pune,Baner,Hadapsar,Mini,Nidhi A.,Ramesh Pawar,11.8,33,Sunny,N,227,Cash,Completed,,5,10
RD24327,01-03-2024,16,Mumbai,Dadar,Thane,Bike,Harsh A.,Santosh Jadhav,11.3,29,Cloudy,N,99,Cash,Completed,,,0
RD24326,01-03-2024,10,Pune,Baner,Hadapsar,Mini,Diya K.,Mahesh Shinde,2.9,15,Sunny,Y,156,Card,Completed,,4,20
RD24325,01-03-2024,9,Bengaluru,HSR Layout,Whitefield,Bike,Rahul K.,Salim Khan,15.3,86,Sunny,Y,,UPI,Cancelled,Rider,,0
RD24324,01-03-2024,8,Hyderabad,Charminar,Gachibowli,SUV,Kabir A.,Babu Pillai,8.1,50,Sunny,Y,414,UPI,Completed,,4,0
RD24323,29-02-2024,18,Pune,Baner,Hadapsar,Sedan,Sana S.,Ramesh Pawar,4.6,27,Sunny,Y,275,Cash,Completed,,4,30
RD24322,29-02-2024,17,Bengaluru,Indiranagar,Electronic City,Mini,Vihaan K.,Sunil Patil,13.8,71,Cloudy,N,257,Cash,Completed,,4,50
RD24321,29-02-2024,17,Mumbai,CST,Colaba,Auto,Nidhi K.,Anil Sharma,6,31,Sunny,N,,UPI,Cancelled,Rider,,0
RD24320,29-02-2024,10,Pune,Hadapsar,Kothrud,Mini,Kabir K.,Mahesh Shinde,2.4,10,Sunny,N,86,UPI,Completed,,,30
RD24319,29-02-2024,9,Mumbai,Thane,CST,Mini,Aisha K.,Santosh Jadhav,6.9,38,Sunny,Y,278,UPI,Completed,,5,0
RD24318,29-02-2024,9,Pune,Shivajinagar,Hinjewadi,SUV,Riya A.,Suresh Yadav,22.3,111,Sunny,N,635,Cash,Completed,,4,0
RD24317,28-02-2024,22,Mumbai,CST,Dadar,Mini,Neha A.,Vijay Naik,15.7,75,Sunny,N,286,UPI,Completed,,4,50
RD24316,28-02-2024,19,Bengaluru,Bengaluru Airport,Whitefield,Bike,Nidhi A.,Salim Khan,15.8,55,Sunny,Y,,UPI,Cancelled,Rider,,0
RD24315,28-02-2024,18,Mumbai,Mumbai Airport,Powai,Bike,Riya S.,Prakash Singh,26.7,96,Sunny,N,207,UPI,Completed,,4,0
RD24314,28-02-2024,5,Bengaluru,Bengaluru Airport,Majestic,Sedan,Sana A.,Sunil Patil,16.3,46,Cloudy,N,363,UPI,Completed,,4,10
RD24313,27-02-2024,17,Mumbai,Bandra,Thane,Sedan,Isha K.,Vijay Naik,8.6,52,Cloudy,Y,353,UPI,Completed,,4,30
RD24312,27-02-2024,16,Delhi,Saket,New Delhi Station,Auto,Sneha A.,Sachin Kale,3.6,13,Sunny,N,73,Wallet,Completed,,4,0
RD24311,27-02-2024,6,Mumbai,Dadar,Mumbai Airport,Auto,Arjun S.,Santosh Jadhav,14.9,46,Sunny,N,209,Card,Completed,,4,50
RD24310,26-02-2024,20,Delhi,Karol Bagh,Saket,Auto,Aditya S.,Kiran More,10.2,58,Rainy,N,152,UPI,Completed,,4,0
RD24309,26-02-2024,17,Bengaluru,Majestic,Bengaluru Airport,Sedan,Vihaan K.,Salim Khan,16.6,85,Sunny,Y,632,UPI,Completed,,,30
RD24308,26-02-2024,13,Bengaluru,Bengaluru Airport,Koramangala,Sedan,Rahul A.,Sunil Patil,17.1,56,Sunny,N,378,Wallet,Completed,,4,30
RD24307,26-02-2024,9,Pune,Pune Station,Baner,Auto,Rohan A.,Rajesh Kumar,3.9,20,Cloudy,Y,107,UPI,Completed,,4,10
RD24306,26-02-2024,8,Mumbai,Mumbai Airport,Powai,Sedan,Aisha A.,Anil Sharma,17.9,80,Sunny,Y,,Card,Cancelled,Driver,,0
RD24305,26-02-2024,5,Bengaluru,Bengaluru Airport,Majestic,Sedan,Sneha K.,Ravi Rao,24.6,96,Sunny,N,513,Cash,Completed,,,0
RD24304,25-02-2024,23,Mumbai,Bandra,Dadar,Auto,Meera K.,Anil Sharma,10.3,38,Sunny,N,154,UPI,Completed,,5,0
RD24303,25-02-2024,22,Mumbai,Thane,Colaba,Bike,Neha K.,Vijay Naik,1.2,7,Cloudy,N,28,UPI,Completed,,4,0
RD24302,25-02-2024,21,Hyderabad,Hyderabad Airport,HITEC City,Bike,Pranav S.,Babu Pillai,24.1,92,Sunny,N,189,UPI,Completed,,4,10
RD24301,25-02-2024,12,Delhi,Saket,Delhi Airport,Sedan,Pranav S.,Sachin Kale,17.4,62,Sunny,N,383,Card,Completed,,4,10
RD24300,25-02-2024,9,Delhi,Karol Bagh,Connaught Place,Mini,Isha K.,Arun Nair,14.8,54,Sunny,Y,514,UPI,Completed,,5,10
RD24299,24-02-2024,20,Delhi,Connaught Place,New Delhi Station,Auto,Karan K.,Deepak Chauhan,2.7,16,Rainy,Y,,UPI,Cancelled,Rider,,0
RD24298,24-02-2024,17,Pune,Hinjewadi,Baner,Bike,Siddharth K.,Ramesh Pawar,5.5,31,Sunny,N,58,Cash,Completed,,4,10
RD24297,24-02-2024,17,Mumbai,Andheri,Thane,SUV,Nikhil A.,Dinesh Gowda,13.6,66,Cloudy,N,426,UPI,Completed,,3,0
RD24296,24-02-2024,16,Pune,Pune Airport,Kothrud,Mini,Karan A.,Ganesh Reddy,31.3,97,Sunny,N,520,Cash,Completed,,4,20
RD24295,24-02-2024,8,Mumbai,Powai,CST,Auto,Priya A.,Santosh Jadhav,1.4,12,Sunny,Y,87,UPI,Completed,,3,0
RD24294,24-02-2024,7,Hyderabad,Ameerpet,Hyderabad Airport,Mini,Kavya A.,Naveen Murthy,19.6,75,Sunny,N,,Cash,Cancelled,Driver,,0
RD24293,24-02-2024,7,Mumbai,Colaba,Powai,Auto,Aisha A.,Vijay Naik,10.1,33,Sunny,N,151,Cash,Completed,,5,30
RD24292,23-02-2024,20,Pune,Hinjewadi,Shivajinagar,Mini,Neha K.,Rajesh Kumar,26.4,82,Sunny,N,,UPI,Cancelled,Driver,,0
RD24291,23-02-2024,17,Mumbai,Powai,Andheri,Auto,Arjun A.,Anil Sharma,6.1,36,Sunny,Y,160,UPI,Completed,,4,0
RD24290,23-02-2024,5,Hyderabad,HITEC City,Kukatpally,Mini,Rohan K.,Harish Bhat,15.6,57,Sunny,N,284,UPI,Completed,,4,0
RD24289,22-02-2024,18,Pune,Pune Airport,Baner,Auto,Arjun A.,Ganesh Reddy,16.6,70,Cloudy,Y,354,UPI,Completed,,5,0
RD24288,22-02-2024,10,Pune,Hinjewadi,Kothrud,Auto,Harsh A.,Ramesh Pawar,8.1,51,Sunny,Y,235,Card,Completed,,4,0
RD24287,21-02-2024,13,Mumbai,Colaba,Powai,Auto,Diya A.,Santosh Jadhav,11.8,46,Cloudy,Y,256,Card,Completed,,4,0
RD24286,21-02-2024,11,Mumbai,Powai,Dadar,Mini,Karan A.,Anil Sharma,14.4,55,Sunny,N,266,Cash,Completed,,4,0
RD24285,21-02-2024,9,Hyderabad,Hyderabad Airport,Charminar,Sedan,Nikhil S.,Pradeep Mishra,20,72,Sunny,N,430,UPI,Completed,,4,0
RD24284,21-02-2024,7,Delhi,Dwarka,New Delhi Station,Bike,Meera K.,Joseph Dsouza,1.2,7,Sunny,N,28,UPI,Completed,,,10
RD24283,21-02-2024,7,Delhi,Saket,New Delhi Station,Auto,Vihaan S.,Arun Nair,4.7,20,Sunny,N,86,Cash,Completed,,4,10
RD24282,21-02-2024,6,Bengaluru,Indiranagar,HSR Layout,Mini,Aarav K.,Imran Shaikh,13.1,46,Cloudy,N,246,Cash,Completed,,4,50
RD24281,21-02-2024,6,Mumbai,Mumbai Airport,Colaba,Mini,Yash K.,Prakash Singh,21.4,85,Cloudy,N,371,UPI,Completed,,3,0
RD24280,20-02-2024,19,Mumbai,Powai,Mumbai Airport,Bike,Yash S.,Santosh Jadhav,14.6,43,Cloudy,N,122,UPI,Completed,,4,0
RD24279,20-02-2024,18,Mumbai,Powai,Bandra,SUV,Kabir K.,Santosh Jadhav,5.8,31,Sunny,N,239,Cash,Completed,,4,20
RD24278,20-02-2024,18,Bengaluru,MG Road,HSR Layout,Bike,Gauri S.,Sunil Patil,12.6,36,Sunny,Y,175,UPI,Completed,,4,0
RD24277,20-02-2024,9,Pune,Shivajinagar,Kothrud,Bike,Karan K.,Rajesh Kumar,7,31,Sunny,N,69,UPI,Completed,,4,10
RD24276,19-02-2024,16,Bengaluru,MG Road,Electronic City,Sedan,Ananya S.,Manoj Verma,21.6,122,Sunny,N,459,UPI,Completed,,5,0
RD24275,18-02-2024,19,Pune,Hinjewadi,Kothrud,Mini,Pranav S.,Ganesh Reddy,11,55,Cloudy,Y,,UPI,Cancelled,Rider,,0
RD24274,18-02-2024,18,Pune,Hinjewadi,Viman Nagar,Mini,Kabir A.,Ganesh Reddy,1.6,10,Sunny,N,74,UPI,Completed,,3,0
RD24273,18-02-2024,17,Mumbai,Mumbai Airport,Thane,SUV,Tanvi K.,Vijay Naik,19,92,Sunny,N,,Cash,Cancelled,Driver,,0
RD24272,18-02-2024,15,Delhi,Lajpat Nagar,Dwarka,Mini,Yash K.,Sachin Kale,7.9,32,Sunny,N,168,UPI,Completed,,3,0
RD24271,18-02-2024,14,Hyderabad,HITEC City,Secunderabad,Auto,Rohan A.,Babu Pillai,15,68,Sunny,N,210,Card,Completed,,4,20
RD24270,18-02-2024,13,Mumbai,Dadar,Thane,Auto,Priya K.,Santosh Jadhav,2,9,Rainy,N,54,Cash,Completed,,3,20
RD24269,18-02-2024,7,Pune,Baner,Hinjewadi,Auto,Rohan A.,Ganesh Reddy,2.7,12,Cloudy,N,62,Card,Completed,,5,30
RD24268,18-02-2024,7,Pune,Pune Station,Kothrud,Bike,Sana K.,Ganesh Reddy,10.7,36,Cloudy,N,95,UPI,Completed,,4,10
RD24267,18-02-2024,6,Mumbai,Andheri,Colaba,Auto,Nikhil S.,Dinesh Gowda,1.5,9,Sunny,N,48,Card,Completed,,4,0
RD24266,17-02-2024,18,Bengaluru,Koramangala,Indiranagar,Mini,Nikhil S.,Ravi Rao,4,17,Sunny,Y,172,Cash,Completed,,4,30
RD24265,17-02-2024,17,Mumbai,Bandra,Dadar,Auto,Kavya S.,Prakash Singh,9.9,58,Sunny,N,149,UPI,Completed,,5,50
RD24264,17-02-2024,17,Pune,Pune Airport,Hadapsar,Auto,Aarav K.,Suresh Yadav,18.4,75,Sunny,N,251,UPI,Completed,,,0
RD24263,17-02-2024,16,Hyderabad,Banjara Hills,Secunderabad,Bike,Nidhi A.,Pradeep Mishra,7.2,24,Sunny,N,70,UPI,Completed,,5,10
RD24262,17-02-2024,12,Mumbai,Bandra,Thane,Auto,Tanvi S.,Dinesh Gowda,3.7,27,Sunny,N,74,UPI,Completed,,4,20
RD24261,17-02-2024,10,Mumbai,Dadar,Colaba,Bike,Rohan S.,Vijay Naik,7.6,31,Sunny,N,73,UPI,Completed,,4,0
RD24260,17-02-2024,7,Mumbai,Thane,Dadar,Mini,Nikhil S.,Santosh Jadhav,2.9,15,Sunny,N,94,Wallet,Completed,,5,20
RD24259,16-02-2024,23,Mumbai,Thane,Andheri,Mini,Riya K.,Vijay Naik,12.7,39,Sunny,N,240,UPI,Completed,,3,10
RD24258,16-02-2024,20,Pune,Pune Airport,Hinjewadi,Auto,Meera A.,Ramesh Pawar,23.3,87,Sunny,N,310,Cash,Completed,,4,10
RD24257,16-02-2024,19,Hyderabad,Secunderabad,Charminar,Mini,Nidhi A.,Naveen Murthy,1.2,8,Sunny,Y,113,Cash,Completed,,5,0
RD24256,16-02-2024,18,Pune,Hadapsar,Pune Station,Mini,Nikhil A.,Suresh Yadav,6.6,26,Sunny,Y,282,Wallet,Completed,,5,30
RD24255,16-02-2024,18,Pune,Viman Nagar,Pune Station,Auto,Yash S.,Suresh Yadav,7.2,43,Cloudy,N,116,Card,Completed,,5,0
RD24254,16-02-2024,10,Bengaluru,MG Road,Electronic City,Bike,Vihaan S.,Salim Khan,14.7,51,Cloudy,N,123,UPI,Completed,,4,10
RD24253,16-02-2024,9,Delhi,Delhi Airport,Lajpat Nagar,Mini,Priya S.,Sachin Kale,29.5,110,Sunny,Y,645,UPI,Completed,,4,20
RD24252,15-02-2024,22,Pune,Kothrud,Hadapsar,Mini,Pranav K.,Ganesh Reddy,1.2,9,Sunny,N,68,Cash,Completed,,5,0
RD24251,15-02-2024,13,Mumbai,Thane,Bandra,SUV,Pranav S.,Anil Sharma,6.5,30,Cloudy,N,256,UPI,Completed,,4,10
RD24250,15-02-2024,10,Delhi,New Delhi Station,Connaught Place,Auto,Riya K.,Joseph Dsouza,2.7,19,Cloudy,N,62,UPI,Completed,,4,0
RD24249,15-02-2024,9,Pune,Hadapsar,Pune Airport,Mini,Sneha K.,Rajesh Kumar,20.6,80,Cloudy,N,359,UPI,Completed,,4,30
RD24248,15-02-2024,9,Pune,Viman Nagar,Shivajinagar,Mini,Ananya K.,Mahesh Shinde,8.2,42,Sunny,Y,,UPI,Cancelled,Rider,,0
RD24247,15-02-2024,8,Bengaluru,Bengaluru Airport,Electronic City,Mini,Priya A.,Imran Shaikh,19,100,Sunny,N,335,UPI,Completed,,4,50
RD24246,14-02-2024,23,Bengaluru,MG Road,Koramangala,Auto,Meera S.,Imran Shaikh,9.6,31,Sunny,N,145,UPI,Completed,,5,0
RD24245,14-02-2024,21,Delhi,Dwarka,Noida Sec 18,Auto,Pooja S.,Sachin Kale,6,23,Cloudy,N,102,Wallet,Completed,,4,20
RD24244,14-02-2024,18,Bengaluru,Bengaluru Airport,MG Road,SUV,Rahul A.,Sunil Patil,29.6,115,Cloudy,N,810,Cash,Completed,,,0
RD24243,14-02-2024,11,Mumbai,Thane,Dadar,Mini,Aditya S.,Anil Sharma,13.4,51,Sunny,N,251,UPI,Completed,,,0
RD24242,14-02-2024,11,Hyderabad,Gachibowli,Banjara Hills,Mini,Aditya K.,Babu Pillai,4.8,27,Rainy,Y,219,Wallet,Completed,,4,30
RD24241,14-02-2024,9,Pune,Kothrud,Hadapsar,Auto,Nidhi A.,Ganesh Reddy,8,37,Sunny,N,126,UPI,Completed,,,10
RD24240,13-02-2024,22,Bengaluru,Bengaluru Airport,MG Road,Auto,Varun A.,Ravi Rao,17,70,Sunny,N,234,UPI,Completed,,3,0
RD24239,13-02-2024,14,Pune,Kothrud,Pune Station,Bike,Kavya A.,Ramesh Pawar,5.6,20,Sunny,Y,111,UPI,Completed,,4,0
RD24238,12-02-2024,22,Mumbai,CST,Colaba,SUV,Tanvi S.,Santosh Jadhav,1.7,10,Cloudy,Y,256,Card,Completed,,5,0
RD24237,12-02-2024,19,Delhi,Delhi Airport,Saket,Bike,Kavya K.,Joseph Dsouza,17.5,61,Sunny,N,142,Card,Completed,,4,0
RD24236,12-02-2024,14,Mumbai,Colaba,CST,Auto,Arjun S.,Anil Sharma,2.6,10,Cloudy,N,61,Card,Completed,,4,50
RD24235,12-02-2024,12,Delhi,Saket,Karol Bagh,Auto,Vihaan A.,Arun Nair,3.1,14,Cloudy,N,67,Wallet,Completed,,5,10
RD24234,12-02-2024,9,Delhi,Lajpat Nagar,Noida Sec 18,Bike,Rahul K.,Arun Nair,10.1,45,Sunny,Y,161,Cash,Completed,,5,0
RD24233,11-02-2024,20,Hyderabad,Ameerpet,Kukatpally,Auto,Vihaan A.,Venkat Raju,8.3,40,Sunny,Y,212,UPI,Completed,,4,10
RD24232,11-02-2024,18,Delhi,Karol Bagh,Delhi Airport,Mini,Omkar K.,Joseph Dsouza,15.7,92,Sunny,N,286,UPI,Completed,,4,0
RD24231,11-02-2024,17,Delhi,Delhi Airport,Karol Bagh,Sedan,Sneha S.,Arun Nair,16.7,92,Sunny,N,371,Cash,Completed,,4,30
RD24230,11-02-2024,16,Mumbai,CST,Powai,Auto,Gauri S.,Prakash Singh,8.5,39,Sunny,Y,197,UPI,Completed,,5,0
RD24229,11-02-2024,13,Pune,Viman Nagar,Shivajinagar,Mini,Nikhil A.,Mahesh Shinde,5.4,24,Sunny,Y,,UPI,Cancelled,Rider,,0
RD24228,11-02-2024,8,Bengaluru,HSR Layout,Majestic,Mini,Rohan S.,Sunil Patil,11.8,61,Sunny,Y,371,Wallet,Completed,,4,50
RD24227,10-02-2024,18,Pune,Pune Airport,Viman Nagar,Mini,Pooja K.,Mahesh Shinde,18.6,63,Sunny,Y,,UPI,Cancelled,Driver,,0
RD24226,10-02-2024,18,Mumbai,Mumbai Airport,Andheri,Bike,Aarav A.,Prakash Singh,17.5,59,Sunny,Y,218,UPI,Completed,,5,10
RD24225,10-02-2024,5,Pune,Kothrud,Baner,Bike,Aarav A.,Suresh Yadav,4.8,18,Cloudy,N,54,UPI,Completed,,5,0
RD24224,09-02-2024,20,Mumbai,Bandra,Andheri,Sedan,Pranav S.,Anil Sharma,9.3,39,Cloudy,Y,,UPI,Cancelled,Driver,,0
RD24223,09-02-2024,19,Mumbai,Powai,Andheri,Mini,Pranav K.,Anil Sharma,2,16,Sunny,Y,125,UPI,Completed,,5,0
RD24222,09-02-2024,18,Hyderabad,Gachibowli,Ameerpet,Mini,Tanvi S.,Venkat Raju,4.9,30,Sunny,N,124,Wallet,Completed,,,50
RD24221,09-02-2024,17,Mumbai,Andheri,Mumbai Airport,Sedan,Varun A.,Santosh Jadhav,19,73,Sunny,N,412,Card,Completed,,4,20
RD24220,09-02-2024,15,Mumbai,Colaba,Powai,Sedan,Rohan A.,Prakash Singh,15.1,55,Rainy,N,342,Card,Completed,,5,0
RD24219,09-02-2024,11,Bengaluru,MG Road,Koramangala,Auto,Aarav A.,Ravi Rao,5.2,16,Sunny,N,92,UPI,Completed,,3,30
RD24218,09-02-2024,9,Pune,Hinjewadi,Hadapsar,Mini,Varun K.,Ramesh Pawar,21.8,95,Sunny,N,377,Card,Completed,,4,50
RD24217,09-02-2024,6,Pune,Pune Station,Hinjewadi,Bike,Nidhi K.,Ramesh Pawar,12.9,48,Cloudy,N,110,UPI,Completed,,,0
RD24216,08-02-2024,9,Pune,Shivajinagar,Pune Airport,SUV,Varun K.,Ganesh Reddy,22.8,126,Sunny,Y,1102,UPI,Completed,,5,50
RD24215,07-02-2024,21,Bengaluru,Whitefield,Majestic,Mini,Priya K.,Sunil Patil,4,21,Sunny,Y,166,Cash,Completed,,4,0
RD24214,07-02-2024,17,Pune,Pune Station,Baner,Bike,Meera K.,Mahesh Shinde,13.7,48,Sunny,N,116,Card,Completed,,,0
RD24213,07-02-2024,8,Bengaluru,Bengaluru Airport,Whitefield,Auto,Yash K.,Imran Shaikh,27,150,Sunny,Y,608,Cash,Completed,,4,0
RD24212,07-02-2024,6,Mumbai,Bandra,Powai,Auto,Isha K.,Santosh Jadhav,4.8,17,Cloudy,N,88,UPI,Completed,,5,20
RD24211,06-02-2024,22,Pune,Kothrud,Pune Station,Mini,Neha K.,Suresh Yadav,5.4,18,Cloudy,N,131,Cash,Completed,,4,50
RD24210,06-02-2024,19,Pune,Hadapsar,Pune Station,Sedan,Aarav K.,Suresh Yadav,8.1,39,Sunny,Y,294,Wallet,Completed,,,10
RD24209,06-02-2024,17,Hyderabad,Gachibowli,Banjara Hills,SUV,Kabir K.,Babu Pillai,11.3,63,Sunny,N,371,Cash,Completed,,4,0
RD24208,06-02-2024,17,Bengaluru,HSR Layout,Bengaluru Airport,Sedan,Sana S.,Ravi Rao,19.5,113,Cloudy,N,421,UPI,Completed,,3,0
RD24207,06-02-2024,8,Bengaluru,Bengaluru Airport,Koramangala,Bike,Aisha S.,Salim Khan,24.3,73,Sunny,Y,257,Cash,Completed,,4,0
RD24206,06-02-2024,6,Mumbai,Colaba,Mumbai Airport,Auto,Priya K.,Prakash Singh,28.8,103,Sunny,N,,Wallet,Cancelled,Driver,,0
RD24205,05-02-2024,19,Pune,Hadapsar,Viman Nagar,Auto,Nikhil K.,Ramesh Pawar,9.3,39,Sunny,N,142,UPI,Completed,,4,0
RD24204,05-02-2024,19,Hyderabad,Secunderabad,Kukatpally,Bike,Vihaan A.,Naveen Murthy,13,54,Sunny,Y,179,UPI,Completed,,4,10
RD24203,05-02-2024,16,Pune,Viman Nagar,Shivajinagar,Mini,Varun K.,Rajesh Kumar,16,48,Sunny,N,290,UPI,Completed,,4,20
RD24202,05-02-2024,16,Pune,Pune Airport,Hadapsar,SUV,Rohan A.,Ganesh Reddy,21.6,86,Cloudy,N,,UPI,Cancelled,Rider,,0
RD24201,05-02-2024,14,Delhi,New Delhi Station,Noida Sec 18,Mini,Ananya A.,Deepak Chauhan,2.7,5,Sunny,N,90,Cash,Completed,,5,0
RD24200,05-02-2024,6,Pune,Pune Station,Viman Nagar,Mini,Yash S.,Ramesh Pawar,6.8,37,Cloudy,N,152,UPI,Completed,,4,30
RD24199,04-02-2024,19,Mumbai,Mumbai Airport,Thane,Mini,Pranav S.,Prakash Singh,16.3,87,Sunny,Y,521,Wallet,Completed,,5,0
RD24198,04-02-2024,18,Mumbai,Powai,Dadar,Mini,Rahul A.,Vijay Naik,3.4,22,Cloudy,N,101,Cash,Completed,,5,50
RD24197,04-02-2024,17,Pune,Hadapsar,Pune Airport,Sedan,Arjun S.,Suresh Yadav,21.1,115,Sunny,N,450,UPI,Completed,,,10
RD24196,04-02-2024,16,Mumbai,Andheri,Powai,Mini,Aarav K.,Santosh Jadhav,1.2,9,Sunny,N,68,Cash,Completed,,4,10
RD24195,04-02-2024,15,Pune,Kothrud,Pune Station,Mini,Nidhi S.,Ganesh Reddy,3.8,16,Cloudy,N,107,UPI,Completed,,5,20
RD24194,04-02-2024,14,Mumbai,Thane,Colaba,Auto,Riya S.,Vijay Naik,5.1,18,Sunny,N,91,UPI,Completed,,,0
RD24193,04-02-2024,14,Bengaluru,Bengaluru Airport,Whitefield,Mini,Yash K.,Manoj Verma,22.2,54,Sunny,N,383,Wallet,Completed,,5,10
RD24192,04-02-2024,6,Pune,Baner,Pune Airport,Mini,Kavya S.,Ganesh Reddy,16,80,Sunny,N,290,Wallet,Completed,,4,20
RD24191,03-02-2024,20,Bengaluru,Electronic City,Whitefield,Bike,Rohan K.,Salim Khan,9.8,33,Sunny,Y,161,UPI,Completed,,5,10
RD24190,03-02-2024,19,Pune,Pune Station,Shivajinagar,Mini,Pranav A.,Mahesh Shinde,3.7,22,Sunny,N,106,UPI,Completed,,5,20
RD24189,03-02-2024,14,Delhi,New Delhi Station,Connaught Place,Auto,Gauri A.,Sachin Kale,5.6,25,Sunny,N,97,Cash,Completed,,4,0
RD24188,03-02-2024,12,Pune,Shivajinagar,Kothrud,Bike,Gauri A.,Rajesh Kumar,4.2,16,Cloudy,N,49,UPI,Completed,,5,10
RD24187,03-02-2024,9,Bengaluru,Majestic,HSR Layout,Mini,Harsh A.,Manoj Verma,8.6,50,Sunny,Y,,Card,Cancelled,Rider,,0
RD24186,03-02-2024,9,Mumbai,Bandra,Colaba,Mini,Diya A.,Dinesh Gowda,4.3,22,Sunny,N,,UPI,Cancelled,Driver,,0
RD24185,03-02-2024,8,Bengaluru,Koramangala,MG Road,Sedan,Rohan K.,Ravi Rao,3.8,17,Sunny,Y,216,UPI,Completed,,5,0
RD24184,02-02-2024,18,Mumbai,CST,Mumbai Airport,Sedan,Yash S.,Dinesh Gowda,22,110,Sunny,N,466,UPI,Completed,,,0
RD24183,02-02-2024,16,Hyderabad,Charminar,Banjara Hills,Auto,Ananya A.,Naveen Murthy,5.3,28,Sunny,N,94,UPI,Completed,,5,0
RD24182,02-02-2024,12,Pune,Hadapsar,Pune Station,Mini,Omkar S.,Ganesh Reddy,8.1,33,Cloudy,N,172,UPI,Completed,,4,30
RD24181,02-02-2024,10,Hyderabad,Ameerpet,Banjara Hills,SUV,Pooja S.,Naveen Murthy,24.4,135,Sunny,N,686,UPI,Completed,,5,20
RD24180,02-02-2024,6,Mumbai,CST,Thane,SUV,Tanvi A.,Santosh Jadhav,12.4,48,Rainy,N,398,Cash,Completed,,4,50
RD24179,01-02-2024,19,Hyderabad,Charminar,Banjara Hills,Sedan,Sneha A.,Naveen Murthy,5.6,31,Rainy,Y,271,Card,Completed,,4,0
RD24178,01-02-2024,18,Mumbai,Andheri,Bandra,Mini,Siddharth K.,Prakash Singh,6.6,43,Cloudy,Y,,Card,Cancelled,Driver,,0
RD24177,01-02-2024,9,Bengaluru,Majestic,Bengaluru Airport,Mini,Yash S.,Imran Shaikh,16.5,86,Sunny,N,298,UPI,Completed,,,0
RD24176,01-02-2024,4,Bengaluru,Indiranagar,Whitefield,Mini,Kavya S.,Manoj Verma,8.4,42,Sunny,Y,307,Cash,Completed,,5,20
RD24175,31-01-2024,17,Pune,Baner,Pune Station,Mini,Aarav A.,Ramesh Pawar,17.9,102,Sunny,N,318,Wallet,Completed,,4,0
RD24174,31-01-2024,16,Bengaluru,Indiranagar,Whitefield,Bike,Diya S.,Salim Khan,9.6,34,Cloudy,N,87,Wallet,Completed,,3,0
RD24173,31-01-2024,15,Mumbai,Andheri,Thane,Sedan,Kavya A.,Anil Sharma,14.5,64,Sunny,N,,Cash,Cancelled,Rider,,0
RD24172,31-01-2024,15,Bengaluru,Electronic City,HSR Layout,Mini,Aisha K.,Imran Shaikh,2.8,13,Sunny,N,92,UPI,Completed,,5,30
RD24171,31-01-2024,11,Pune,Baner,Viman Nagar,Bike,Aditya S.,Ramesh Pawar,7.2,25,Rainy,N,70,Cash,Completed,,4,10
RD24170,31-01-2024,9,Bengaluru,Electronic City,Majestic,Mini,Yash K.,Salim Khan,9.5,47,Cloudy,N,192,UPI,Completed,,5,30
RD24169,31-01-2024,9,Delhi,Connaught Place,Noida Sec 18,Mini,Tanvi A.,Sachin Kale,5.4,20,Cloudy,N,131,UPI,Completed,,4,10
RD24168,31-01-2024,9,Mumbai,Thane,Dadar,Sedan,Varun A.,Prakash Singh,9.6,48,Cloudy,N,243,UPI,Completed,,5,0
RD24167,31-01-2024,8,Mumbai,Thane,Colaba,Mini,Aisha K.,Santosh Jadhav,2.2,15,Sunny,Y,148,UPI,Completed,,4,50
RD24166,31-01-2024,1,Pune,Viman Nagar,Baner,SUV,Arjun A.,Ramesh Pawar,3.9,20,Rainy,N,194,UPI,Completed,,4,0
RD24165,30-01-2024,17,Pune,Hinjewadi,Pune Station,Sedan,Kavya S.,Rajesh Kumar,8.7,34,Cloudy,Y,303,UPI,Completed,,4,20
RD24164,30-01-2024,14,Mumbai,Bandra,Powai,Auto,Rahul S.,Santosh Jadhav,7.8,27,Sunny,Y,224,Cash,Completed,,4,0
RD24163,30-01-2024,10,Delhi,Karol Bagh,New Delhi Station,Auto,Rohan A.,Sachin Kale,5.6,35,Rainy,Y,158,UPI,Completed,,5,20
RD24162,30-01-2024,10,Pune,Hadapsar,Pune Airport,Sedan,Pranav A.,Mahesh Shinde,16.9,82,Sunny,N,374,UPI,Completed,,,0
RD24161,30-01-2024,8,Delhi,New Delhi Station,Noida Sec 18,Mini,Meera A.,Arun Nair,1.5,14,Cloudy,Y,102,UPI,Completed,,,20
RD24160,30-01-2024,8,Delhi,Connaught Place,Karol Bagh,SUV,Yash A.,Sachin Kale,3.4,20,Sunny,Y,244,UPI,Completed,,4,0
RD24159,29-01-2024,21,Pune,Kothrud,Pune Airport,Sedan,Tanvi S.,Ramesh Pawar,21.5,92,Sunny,Y,,Cash,Cancelled,Driver,,0
RD24158,29-01-2024,18,Pune,Hadapsar,Shivajinagar,Auto,Siddharth K.,Ganesh Reddy,6.5,38,Sunny,N,108,UPI,Completed,,5,0
RD24157,29-01-2024,13,Mumbai,CST,Powai,Auto,Kavya K.,Santosh Jadhav,4.9,22,Sunny,N,89,Cash,Completed,,4,10
RD24156,29-01-2024,11,Pune,Pune Station,Kothrud,Auto,Sneha K.,Ramesh Pawar,5.2,21,Cloudy,N,92,Cash,Completed,,4,10
RD24155,29-01-2024,9,Pune,Baner,Shivajinagar,Sedan,Siddharth K.,Rajesh Kumar,4,26,Sunny,Y,225,UPI,Completed,,4,10
RD24154,29-01-2024,7,Pune,Hinjewadi,Shivajinagar,Sedan,Rahul A.,Mahesh Shinde,19.5,65,Sunny,N,421,UPI,Completed,,5,0
RD24153,29-01-2024,6,Delhi,Saket,Delhi Airport,SUV,Aarav S.,Joseph Dsouza,15.4,53,Sunny,N,470,UPI,Completed,,4,20
RD24152,28-01-2024,23,Pune,Baner,Shivajinagar,Auto,Aarav K.,Ganesh Reddy,9.9,37,Sunny,N,149,Cash,Completed,,5,0
RD24151,28-01-2024,18,Delhi,Lajpat Nagar,New Delhi Station,Auto,Nikhil A.,Kiran More,7,39,Sunny,N,114,Wallet,Completed,,4,50
RD24150,28-01-2024,16,Delhi,Connaught Place,Lajpat Nagar,Bike,Neha A.,Kiran More,3.7,16,Cloudy,N,46,UPI,Completed,,3,0
RD24149,28-01-2024,8,Mumbai,Andheri,Powai,Mini,Omkar A.,Anil Sharma,8.1,43,Cloudy,N,,UPI,Cancelled,Driver,,0
RD24148,28-01-2024,7,Pune,Pune Station,Hinjewadi,Mini,Aisha A.,Suresh Yadav,5.1,22,Sunny,Y,212,Cash,Completed,,,0
RD24147,28-01-2024,6,Hyderabad,Hyderabad Airport,Banjara Hills,Mini,Diya S.,Venkat Raju,17.3,67,Sunny,N,310,UPI,Completed,,5,30
RD24146,27-01-2024,21,Mumbai,Powai,Mumbai Airport,Mini,Aisha A.,Anil Sharma,18.3,71,Sunny,Y,583,Cash,Completed,,3,0
RD24145,27-01-2024,20,Mumbai,Powai,CST,Mini,Yash A.,Vijay Naik,7.7,44,Sunny,Y,272,Card,Completed,,4,10
RD24144,27-01-2024,19,Pune,Hadapsar,Pune Station,Mini,Omkar K.,Ramesh Pawar,4.8,27,Rainy,Y,170,Cash,Completed,,4,20
RD24143,27-01-2024,16,Mumbai,Andheri,Bandra,Auto,Aisha A.,Prakash Singh,5,25,Sunny,Y,137,UPI,Completed,,4,0
RD24142,27-01-2024,11,Mumbai,Dadar,Thane,SUV,Yash A.,Anil Sharma,3.7,19,Sunny,N,189,UPI,Completed,,5,0
RD24141,27-01-2024,9,Bengaluru,Whitefield,Majestic,Bike,Sneha A.,Manoj Verma,6.3,25,Sunny,Y,107,UPI,Completed,,5,0
RD24140,27-01-2024,8,Bengaluru,Indiranagar,Electronic City,SUV,Rohan A.,Imran Shaikh,18.4,75,Cloudy,Y,903,UPI,Completed,,4,10
RD24139,26-01-2024,20,Hyderabad,Banjara Hills,Hyderabad Airport,Bike,Diya K.,Naveen Murthy,28.6,97,Sunny,N,220,Cash,Completed,,5,0
RD24138,26-01-2024,16,Pune,Hinjewadi,Hadapsar,Sedan,Sneha K.,Ramesh Pawar,2.3,9,Cloudy,N,111,Cash,Completed,,4,20
RD24137,26-01-2024,9,Pune,Pune Station,Hadapsar,Auto,Diya S.,Ramesh Pawar,6.4,28,Sunny,Y,194,UPI,Completed,,5,50
RD24136,26-01-2024,9,Pune,Viman Nagar,Hadapsar,Bike,Nikhil S.,Ramesh Pawar,8.3,32,Cloudy,N,78,UPI,Completed,,4,10
RD24135,26-01-2024,7,Hyderabad,Gachibowli,Charminar,Auto,Sana S.,Babu Pillai,4.2,28,Cloudy,N,80,UPI,Completed,,4,50
RD24134,26-01-2024,2,Mumbai,Thane,Powai,Bike,Aditya A.,Santosh Jadhav,8.7,25,Sunny,N,81,Card,Completed,,,10
RD24133,25-01-2024,22,Mumbai,CST,Thane,Bike,Yash A.,Anil Sharma,12.7,47,Sunny,N,109,Card,Completed,,4,0
RD24132,25-01-2024,20,Pune,Shivajinagar,Viman Nagar,SUV,Aarav K.,Rajesh Kumar,4.1,24,Sunny,N,198,UPI,Completed,,5,30
RD24131,25-01-2024,17,Bengaluru,Koramangala,Electronic City,Bike,Sana S.,Salim Khan,6.7,30,Cloudy,N,67,Wallet,Completed,,4,10
RD24130,25-01-2024,11,Hyderabad,Ameerpet,Charminar,Bike,Meera K.,Naveen Murthy,4.8,17,Sunny,N,,UPI,Cancelled,Driver,,0
RD24129,25-01-2024,9,Delhi,Delhi Airport,Dwarka,Auto,Isha S.,Sachin Kale,16.6,63,Sunny,Y,353,Cash,Completed,,3,50
RD24128,24-01-2024,18,Bengaluru,Majestic,Indiranagar,Auto,Isha K.,Imran Shaikh,1.2,8,Sunny,Y,74,Wallet,Completed,,4,20
RD24127,24-01-2024,17,Mumbai,Powai,Mumbai Airport,Bike,Kavya K.,Anil Sharma,28.9,90,Sunny,Y,389,Cash,Completed,,4,10
RD24126,24-01-2024,13,Pune,Viman Nagar,Pune Station,Auto,Priya A.,Ganesh Reddy,2.5,14,Sunny,N,60,UPI,Completed,,4,20
RD24125,24-01-2024,13,Pune,Viman Nagar,Baner,Sedan,Rahul A.,Ramesh Pawar,2.2,13,Sunny,N,110,UPI,Completed,,4,10
RD24124,24-01-2024,13,Bengaluru,Indiranagar,HSR Layout,Mini,Kavya S.,Ravi Rao,23.4,77,Cloudy,N,401,UPI,Completed,,3,20
RD24123,24-01-2024,10,Bengaluru,Bengaluru Airport,Electronic City,Mini,Harsh K.,Salim Khan,15.6,75,Sunny,Y,436,UPI,Completed,,5,0
RD24122,24-01-2024,9,Bengaluru,Whitefield,Electronic City,Mini,Yash A.,Manoj Verma,6.1,36,Rainy,N,,UPI,Cancelled,Rider,,0
RD24121,24-01-2024,9,Pune,Kothrud,Hadapsar,Mini,Aditya S.,Ganesh Reddy,5.2,27,Sunny,N,128,UPI,Completed,,5,0
RD24120,23-01-2024,19,Hyderabad,Secunderabad,Banjara Hills,Auto,Aisha A.,Babu Pillai,3.7,25,Rainy,N,74,Cash,Completed,,4,30
RD24119,23-01-2024,19,Mumbai,Dadar,Thane,Mini,Kabir S.,Dinesh Gowda,1.2,9,Sunny,N,68,UPI,Completed,,3,0
RD24118,23-01-2024,16,Hyderabad,Charminar,HITEC City,Sedan,Pranav S.,Harish Bhat,2.3,10,Sunny,N,111,UPI,Completed,,,30
RD24117,23-01-2024,14,Bengaluru,Whitefield,HSR Layout,Bike,Varun K.,Salim Khan,1.3,9,Sunny,N,,UPI,Cancelled,Driver,,0
RD24116,23-01-2024,14,Mumbai,Andheri,Bandra,Sedan,Aarav K.,Anil Sharma,11.7,48,Sunny,N,281,UPI,Completed,,5,10
RD24115,23-01-2024,13,Mumbai,Mumbai Airport,Dadar,Auto,Yash S.,Anil Sharma,26.8,99,Cloudy,N,352,Cash,Completed,,5,0
RD24114,23-01-2024,11,Mumbai,Colaba,Mumbai Airport,Bike,Siddharth A.,Anil Sharma,34,92,Cloudy,N,258,UPI,Completed,,5,10
RD24113,23-01-2024,9,Mumbai,Andheri,Powai,Sedan,Pranav A.,Dinesh Gowda,8.5,50,Sunny,Y,303,Card,Completed,,3,10
RD24112,23-01-2024,8,Mumbai,Powai,Bandra,Bike,Varun A.,Prakash Singh,4,17,Cloudy,Y,88,Card,Completed,,,0
RD24111,22-01-2024,23,Mumbai,Colaba,CST,Sedan,Sneha A.,Vijay Naik,2.7,13,Sunny,N,119,Cash,Completed,,4,0
RD24110,22-01-2024,22,Mumbai,Bandra,CST,Bike,Aisha A.,Anil Sharma,5.1,18,Sunny,N,56,UPI,Completed,,4,10
RD24109,22-01-2024,22,Bengaluru,Electronic City,MG Road,SUV,Diya A.,Manoj Verma,1.2,7,Sunny,N,129,UPI,Completed,,5,30
RD24108,22-01-2024,20,Bengaluru,Koramangala,Electronic City,Sedan,Pooja A.,Manoj Verma,3.9,26,Cloudy,Y,227,UPI,Completed,,5,0
RD24107,22-01-2024,17,Bengaluru,Whitefield,Majestic,Auto,Priya K.,Sunil Patil,6,34,Cloudy,N,102,Cash,Completed,,4,0
RD24106,22-01-2024,10,Mumbai,Dadar,Mumbai Airport,Sedan,Sana S.,Santosh Jadhav,15.7,69,Sunny,Y,579,UPI,Completed,,4,50
RD24105,21-01-2024,17,Delhi,Delhi Airport,Lajpat Nagar,Mini,Kabir A.,Joseph Dsouza,21.6,122,Cloudy,Y,500,UPI,Completed,,4,0
RD24104,21-01-2024,13,Mumbai,Bandra,Powai,Auto,Rohan K.,Santosh Jadhav,1.3,5,Sunny,N,46,UPI,Completed,,4,50
RD24103,21-01-2024,12,Bengaluru,Majestic,HSR Layout,SUV,Aarav S.,Sunil Patil,3.6,18,Cloudy,N,186,Cash,Completed,,5,0
RD24102,21-01-2024,12,Mumbai,Andheri,Colaba,SUV,Riya S.,Prakash Singh,1.5,8,Sunny,N,136,Cash,Completed,,4,0
RD24101,21-01-2024,3,Bengaluru,Koramangala,Bengaluru Airport,Mini,Sneha A.,Manoj Verma,24.9,84,Sunny,N,,UPI,Cancelled,Driver,,0
RD24100,20-01-2024,22,Pune,Pune Station,Viman Nagar,Mini,Isha S.,Mahesh Shinde,6.6,19,Sunny,N,149,UPI,Completed,,5,10
RD24099,20-01-2024,21,Mumbai,Powai,Thane,Auto,Ananya S.,Vijay Naik,8.8,28,Cloudy,N,136,Wallet,Completed,,,0
RD24098,20-01-2024,17,Mumbai,Powai,Colaba,Auto,Varun A.,Prakash Singh,11.7,55,Sunny,N,170,UPI,Completed,,4,50
RD24097,20-01-2024,16,Pune,Kothrud,Baner,Sedan,Meera A.,Ramesh Pawar,15.5,62,Cloudy,N,349,Cash,Completed,,5,0
RD24096,20-01-2024,15,Mumbai,Dadar,Colaba,Bike,Diya S.,Anil Sharma,4.1,17,Sunny,N,49,UPI,Completed,,5,0
RD24095,20-01-2024,15,Mumbai,Andheri,Thane,Mini,Priya K.,Vijay Naik,7.8,31,Cloudy,N,167,UPI,Completed,,4,0
RD24094,20-01-2024,12,Mumbai,Bandra,Thane,Auto,Tanvi S.,Vijay Naik,3.3,13,Sunny,N,70,UPI,Completed,,5,50
RD24093,20-01-2024,11,Delhi,Karol Bagh,New Delhi Station,Auto,Diya S.,Sachin Kale,3.9,16,Cloudy,N,77,UPI,Completed,,,30
RD24092,19-01-2024,20,Pune,Shivajinagar,Kothrud,Mini,Karan S.,Rajesh Kumar,12,49,Sunny,Y,369,UPI,Completed,,3,0
RD24091,19-01-2024,18,Bengaluru,Koramangala,MG Road,SUV,Sneha A.,Ravi Rao,3.8,25,Sunny,Y,,UPI,Cancelled,Rider,,0
RD24090,19-01-2024,14,Hyderabad,HITEC City,Ameerpet,Mini,Nikhil A.,Naveen Murthy,8.2,35,Cloudy,N,173,UPI,Completed,,4,30
RD24089,19-01-2024,14,Bengaluru,Bengaluru Airport,Electronic City,Auto,Diya K.,Sunil Patil,19,67,Rainy,Y,463,Cash,Completed,,4,0
RD24088,19-01-2024,13,Delhi,Karol Bagh,Lajpat Nagar,Bike,Varun K.,Joseph Dsouza,1.7,8,Sunny,N,32,Card,Completed,,,10
RD24087,19-01-2024,9,Pune,Hinjewadi,Baner,Sedan,Rahul K.,Suresh Yadav,6.7,39,Sunny,N,191,UPI,Completed,,5,0
RD24086,18-01-2024,22,Bengaluru,HSR Layout,Majestic,Auto,Karan A.,Imran Shaikh,7.5,33,Sunny,N,120,Card,Completed,,3,20
RD24085,18-01-2024,17,Bengaluru,MG Road,Majestic,Mini,Priya S.,Manoj Verma,1.2,8,Rainy,Y,,UPI,Cancelled,Driver,,0
RD24084,18-01-2024,17,Mumbai,Andheri,Powai,Mini,Varun A.,Vijay Naik,3.7,22,Cloudy,N,106,UPI,Completed,,4,10
RD24083,18-01-2024,11,Delhi,Delhi Airport,Noida Sec 18,Mini,Neha A.,Sachin Kale,18,51,Cloudy,N,320,Cash,Completed,,4,0
RD24082,18-01-2024,9,Bengaluru,MG Road,Bengaluru Airport,Bike,Isha A.,Salim Khan,26.2,84,Sunny,N,203,UPI,Completed,,4,10
RD24081,18-01-2024,8,Delhi,Lajpat Nagar,Karol Bagh,Auto,Kavya K.,Joseph Dsouza,13.1,49,Sunny,N,187,Wallet,Completed,,4,30
RD24080,18-01-2024,7,Delhi,Dwarka,Noida Sec 18,SUV,Sneha A.,Kiran More,12.6,46,Sunny,N,402,Cash,Completed,,4,0
RD24079,17-01-2024,18,Mumbai,Colaba,Bandra,Bike,Aarav K.,Dinesh Gowda,5.4,27,Sunny,N,58,Card,Completed,,3,10
RD24078,17-01-2024,18,Delhi,Saket,Noida Sec 18,Sedan,Siddharth A.,Sachin Kale,16.6,79,Cloudy,N,369,Cash,Completed,,3,0
RD24077,17-01-2024,17,Hyderabad,Hyderabad Airport,Ameerpet,SUV,Priya A.,Babu Pillai,26.6,126,Cloudy,Y,1291,Card,Completed,,5,0
RD24076,17-01-2024,12,Hyderabad,Charminar,Hyderabad Airport,Bike,Isha K.,Pradeep Mishra,15.2,43,Sunny,N,126,Wallet,Completed,,5,0
RD24075,17-01-2024,9,Hyderabad,Charminar,HITEC City,Bike,Meera K.,Venkat Raju,1.8,11,Sunny,N,33,UPI,Completed,,4,0
RD24074,17-01-2024,6,Mumbai,Andheri,Powai,SUV,Meera K.,Anil Sharma,2.9,14,Rainy,N,170,UPI,Completed,,5,0
RD24073,16-01-2024,19,Pune,Pune Station,Kothrud,Auto,Diya K.,Suresh Yadav,7.6,35,Sunny,N,121,Cash,Completed,,4,30
RD24072,16-01-2024,19,Mumbai,Colaba,Mumbai Airport,Auto,Aditya A.,Anil Sharma,14.9,65,Cloudy,N,209,Cash,Completed,,5,10
RD24071,16-01-2024,14,Delhi,Delhi Airport,Lajpat Nagar,Mini,Aarav S.,Deepak Chauhan,42.7,147,Sunny,N,,Cash,Cancelled,Rider,,0
RD24070,15-01-2024,20,Hyderabad,Ameerpet,HITEC City,Mini,Arjun A.,Naveen Murthy,8.8,44,Sunny,N,182,Cash,Completed,,4,0
RD24069,15-01-2024,10,Pune,Baner,Pune Airport,SUV,Neha K.,Suresh Yadav,18.4,84,Sunny,N,542,UPI,Completed,,5,10
RD24068,15-01-2024,10,Bengaluru,HSR Layout,Whitefield,Sedan,Gauri S.,Ravi Rao,12.4,51,Sunny,N,293,UPI,Completed,,4,30
RD24067,14-01-2024,15,Pune,Pune Station,Kothrud,Auto,Arjun S.,Ganesh Reddy,5.9,23,Cloudy,N,101,Cash,Completed,,4,50
RD24066,14-01-2024,12,Pune,Pune Airport,Baner,Bike,Omkar K.,Ramesh Pawar,27.7,111,Sunny,N,214,Wallet,Completed,,4,0
RD24065,14-01-2024,10,Pune,Hinjewadi,Baner,SUV,Diya S.,Ganesh Reddy,5.7,35,Cloudy,Y,325,Cash,Completed,,5,0
RD24064,13-01-2024,7,Pune,Hinjewadi,Hadapsar,Bike,Arjun A.,Suresh Yadav,4.5,18,Sunny,N,52,UPI,Completed,,4,0
RD24063,12-01-2024,18,Bengaluru,HSR Layout,Koramangala,SUV,Aarav K.,Salim Khan,4.5,30,Cloudy,N,208,UPI,Completed,,4,20
RD24062,12-01-2024,18,Pune,Baner,Shivajinagar,Bike,Aditya A.,Ramesh Pawar,4.9,19,Sunny,N,54,Wallet,Completed,,4,0
RD24061,12-01-2024,16,Pune,Shivajinagar,Kothrud,Sedan,Varun K.,Rajesh Kumar,10.7,39,Sunny,Y,406,Cash,Completed,,4,0
RD24060,12-01-2024,15,Bengaluru,Indiranagar,Koramangala,Sedan,Kavya S.,Sunil Patil,5.4,25,Rainy,Y,303,Cash,Completed,,4,0
RD24059,12-01-2024,15,Delhi,Delhi Airport,Saket,Auto,Riya K.,Kiran More,20.8,81,Cloudy,Y,491,UPI,Completed,,4,0
RD24058,12-01-2024,8,Pune,Pune Airport,Pune Station,Auto,Pooja K.,Mahesh Shinde,22.3,94,Sunny,N,298,UPI,Completed,,4,0
RD24057,12-01-2024,8,Mumbai,Dadar,Mumbai Airport,Mini,Aisha S.,Anil Sharma,23.5,125,Sunny,N,402,UPI,Completed,,,10
RD24056,12-01-2024,6,Delhi,Connaught Place,Delhi Airport,Sedan,Omkar A.,Deepak Chauhan,20,73,Sunny,Y,719,Cash,Completed,,5,10
RD24055,12-01-2024,0,Pune,Hadapsar,Hinjewadi,Sedan,Isha S.,Rajesh Kumar,9.8,36,Cloudy,N,246,UPI,Completed,,4,0
RD24054,11-01-2024,19,Pune,Baner,Hinjewadi,Mini,Siddharth A.,Ganesh Reddy,6,31,Cloudy,N,140,UPI,Completed,,5,0
RD24053,11-01-2024,17,Pune,Pune Airport,Kothrud,Sedan,Sana S.,Ramesh Pawar,25.9,110,Cloudy,N,536,Cash,Completed,,4,50
RD24052,11-01-2024,15,Pune,Pune Station,Hadapsar,Mini,Vihaan K.,Rajesh Kumar,1.6,10,Cloudy,N,74,UPI,Completed,,4,50
RD24051,11-01-2024,8,Hyderabad,Ameerpet,Charminar,Auto,Aditya A.,Venkat Raju,4.9,24,Sunny,N,89,UPI,Completed,,4,50
RD24050,10-01-2024,19,Bengaluru,MG Road,Koramangala,SUV,Kabir S.,Imran Shaikh,2.8,23,Sunny,N,167,UPI,Completed,,3,20
RD24049,10-01-2024,14,Bengaluru,MG Road,Majestic,Auto,Kavya A.,Ravi Rao,1.2,10,Cloudy,Y,73,Cash,Completed,,3,30
RD24048,10-01-2024,14,Mumbai,Andheri,Dadar,Sedan,Ananya S.,Santosh Jadhav,18.7,62,Cloudy,N,407,Cash,Completed,,,10
RD24047,10-01-2024,14,Mumbai,Powai,Thane,Mini,Pranav S.,Anil Sharma,5.3,23,Sunny,N,130,Cash,Completed,,5,0
RD24046,10-01-2024,9,Hyderabad,Kukatpally,Banjara Hills,Mini,Kabir S.,Pradeep Mishra,17.9,79,Cloudy,N,318,Cash,Completed,,5,10
RD24045,10-01-2024,8,Mumbai,Dadar,Thane,Sedan,Pooja A.,Vijay Naik,13.1,74,Sunny,N,306,Cash,Completed,,4,0
RD24044,09-01-2024,18,Bengaluru,Whitefield,Bengaluru Airport,Auto,Isha K.,Sunil Patil,37.3,150,Rainy,Y,698,UPI,Completed,,4,10
RD24043,09-01-2024,16,Pune,Kothrud,Pune Airport,Auto,Aisha A.,Ganesh Reddy,24.3,94,Cloudy,N,322,Cash,Completed,,5,50
RD24042,09-01-2024,12,Hyderabad,Gachibowli,Hyderabad Airport,Mini,Karan K.,Venkat Raju,22,76,Cloudy,N,380,UPI,Completed,,4,50
RD24041,09-01-2024,8,Pune,Pune Airport,Kothrud,Bike,Rahul S.,Suresh Yadav,16.5,55,Sunny,N,136,UPI,Completed,,4,0
RD24040,09-01-2024,3,Delhi,New Delhi Station,Dwarka,Mini,Arjun S.,Arun Nair,6.1,28,Sunny,N,142,UPI,Completed,,5,20
RD24039,08-01-2024,18,Pune,Kothrud,Baner,Auto,Kabir A.,Ganesh Reddy,5.2,23,Sunny,N,92,UPI,Completed,,4,0
RD24038,08-01-2024,16,Pune,Kothrud,Pune Airport,Bike,Nikhil K.,Mahesh Shinde,34.4,91,Sunny,N,261,UPI,Completed,,,10
RD24037,08-01-2024,13,Bengaluru,Whitefield,Bengaluru Airport,Sedan,Riya K.,Salim Khan,18.1,55,Sunny,N,396,Cash,Completed,,4,30
RD24036,08-01-2024,9,Pune,Shivajinagar,Hinjewadi,Auto,Aarav S.,Ganesh Reddy,18.7,77,Sunny,Y,336,Cash,Completed,,5,0
RD24035,08-01-2024,8,Pune,Pune Station,Shivajinagar,Mini,Priya K.,Rajesh Kumar,12.2,62,Sunny,N,,UPI,Cancelled,Driver,,0
RD24034,08-01-2024,3,Mumbai,Thane,Andheri,Mini,Meera K.,Dinesh Gowda,5.4,19,Sunny,N,131,Cash,Completed,,3,30
RD24033,07-01-2024,21,Bengaluru,HSR Layout,Koramangala,Sedan,Harsh A.,Ravi Rao,1.8,7,Cloudy,Y,156,UPI,Completed,,4,30
RD24032,07-01-2024,21,Pune,Viman Nagar,Hinjewadi,Sedan,Diya A.,Mahesh Shinde,13.7,54,Sunny,N,317,UPI,Completed,,5,10
RD24031,07-01-2024,20,Hyderabad,Banjara Hills,Secunderabad,Sedan,Siddharth S.,Naveen Murthy,3.3,25,Sunny,N,129,UPI,Completed,,4,0
RD24030,07-01-2024,19,Delhi,New Delhi Station,Delhi Airport,Auto,Siddharth A.,Joseph Dsouza,16.6,66,Sunny,Y,345,UPI,Completed,,4,50
RD24029,07-01-2024,19,Mumbai,Colaba,Andheri,Sedan,Varun S.,Anil Sharma,15.7,85,Cloudy,N,353,Wallet,Completed,,4,0
RD24028,07-01-2024,17,Pune,Hadapsar,Hinjewadi,Mini,Riya A.,Mahesh Shinde,11.8,43,Cloudy,N,227,Cash,Completed,,4,50
RD24027,07-01-2024,16,Mumbai,Bandra,Andheri,Mini,Kavya K.,Prakash Singh,5.7,24,Cloudy,N,136,UPI,Completed,,,20
RD24026,07-01-2024,9,Pune,Viman Nagar,Hadapsar,Mini,Kabir K.,Mahesh Shinde,12.4,70,Sunny,N,236,Cash,Completed,,4,10
RD24025,06-01-2024,20,Pune,Hinjewadi,Pune Airport,SUV,Harsh A.,Mahesh Shinde,28.8,150,Sunny,Y,1337,Cash,Completed,,4,0
RD24024,06-01-2024,18,Mumbai,Bandra,Powai,Mini,Nidhi A.,Anil Sharma,16.5,87,Cloudy,N,298,UPI,Completed,,5,30
RD24023,06-01-2024,9,Hyderabad,Ameerpet,Gachibowli,Bike,Aisha S.,Naveen Murthy,3.6,18,Sunny,N,45,Cash,Completed,,5,0
RD24022,05-01-2024,21,Hyderabad,Secunderabad,HITEC City,Sedan,Nidhi S.,Naveen Murthy,3.6,18,Sunny,N,,UPI,Cancelled,Rider,,0
RD24021,05-01-2024,20,Mumbai,Bandra,Powai,Auto,Ananya S.,Anil Sharma,5.2,26,Sunny,N,92,Card,Completed,,4,10
RD24020,05-01-2024,16,Pune,Shivajinagar,Baner,Auto,Kabir A.,Ganesh Reddy,7.3,29,Sunny,N,118,UPI,Completed,,,30
RD24019,05-01-2024,16,Delhi,Noida Sec 18,New Delhi Station,Bike,Arjun A.,Joseph Dsouza,6.1,20,Sunny,Y,86,UPI,Completed,,4,0
RD24018,05-01-2024,14,Pune,Pune Station,Viman Nagar,Mini,Varun S.,Rajesh Kumar,11.7,46,Cloudy,N,226,UPI,Completed,,4,30
RD24017,05-01-2024,11,Pune,Pune Station,Viman Nagar,Mini,Sneha K.,Rajesh Kumar,10.6,38,Cloudy,N,209,Wallet,Completed,,4,30
RD24016,05-01-2024,10,Delhi,Delhi Airport,New Delhi Station,Mini,Harsh S.,Joseph Dsouza,29.8,150,Cloudy,N,497,Card,Completed,,4,50
RD24015,05-01-2024,8,Pune,Shivajinagar,Hadapsar,Mini,Yash A.,Rajesh Kumar,16,66,Sunny,Y,469,Cash,Completed,,4,0
RD24014,05-01-2024,8,Bengaluru,HSR Layout,Whitefield,Mini,Priya K.,Imran Shaikh,10.2,61,Sunny,N,203,UPI,Completed,,4,10
RD24013,04-01-2024,18,Delhi,Dwarka,Noida Sec 18,Sedan,Aisha A.,Arun Nair,5.6,25,Sunny,N,171,UPI,Completed,,5,50
RD24012,04-01-2024,9,Bengaluru,MG Road,Electronic City,Bike,Yash A.,Sunil Patil,7.9,25,Cloudy,Y,102,UPI,Completed,,4,0
RD24011,03-01-2024,19,Pune,Pune Airport,Shivajinagar,Mini,Karan A.,Ramesh Pawar,16.1,87,Cloudy,N,292,Cash,Completed,,5,30
RD24010,03-01-2024,17,Bengaluru,Koramangala,Electronic City,Auto,Siddharth A.,Salim Khan,1.6,9,Cloudy,N,49,UPI,Completed,,5,0
RD24009,03-01-2024,15,Bengaluru,Bengaluru Airport,Whitefield,Auto,Rahul K.,Ravi Rao,22.7,71,Sunny,N,302,UPI,Completed,,,0
RD24008,03-01-2024,5,Mumbai,Powai,Thane,Auto,Nikhil A.,Vijay Naik,3.6,15,Sunny,N,73,UPI,Completed,,4,30
RD24007,03-01-2024,0,Bengaluru,Electronic City,HSR Layout,Auto,Varun S.,Manoj Verma,2.3,14,Cloudy,Y,87,Wallet,Completed,,5,0
RD24006,02-01-2024,21,Pune,Shivajinagar,Hinjewadi,SUV,Pranav S.,Ganesh Reddy,4.3,16,Sunny,N,203,UPI,Completed,,5,50
RD24005,02-01-2024,2,Bengaluru,MG Road,Whitefield,Auto,Aditya S.,Sunil Patil,3.1,10,Sunny,N,67,UPI,Completed,,4,20
RD24004,02-01-2024,0,Pune,Baner,Shivajinagar,Mini,Ananya A.,Ramesh Pawar,7.5,24,Sunny,N,162,Cash,Completed,,4,0
RD24003,01-01-2024,17,Mumbai,Dadar,Andheri,Sedan,Yash K.,Vijay Naik,1.5,13,Sunny,N,97,UPI,Completed,,4,10
RD24002,01-01-2024,15,Pune,Viman Nagar,Pune Airport,Auto,Varun S.,Rajesh Kumar,20.9,76,Cloudy,N,281,UPI,Completed,,,30
RD24001,01-01-2024,14,Pune,Kothrud,Hadapsar,Auto,Vihaan K.,Ramesh Pawar,3.8,24,Sunny,N,76,UPI,Completed,,5,0
