order_id,order_date,day,order_hour,meal_time,city,area,customer,restaurant,cuisines,dishes,veg_nonveg,quantity,order_value,coupon_code,discount,payment_mode,delivery_mins,customer_rating,review,restaurant_rating,restaurant_votes
FD50000,30-06-2024,Sunday,22,Dinner,Mumbai,Thane,Rahul S.,The Healthy Bowl,Healthy Food|Salads,Protein Bowl|Quinoa Salad|Fruit Smoothie,Veg,3,730,BIRYANI30,150,UPI,35,4,Worth every rupee.,3.8,2100
FD49999,30-06-2024,Sunday,22,Dinner,Mumbai,Andheri,Riya K.,Biryani Junction,Biryani|Hyderabadi|Mughlai,Chicken Biryani|Veg Biryani|Double Ka Meetha,Non-Veg,5,1140,,0,Card,36,5,,4.4,18400
FD49998,30-06-2024,Sunday,20,Dinner,Delhi,Karol Bagh,Pranav A.,Paratha Paradise,North Indian|Breakfast,Paneer Paratha|Aloo Paratha|Lassi,Veg,3,280,,0,Card,49,4,Portion size was great.,4.4,6100
FD49997,30-06-2024,Sunday,20,Dinner,Mumbai,Powai,Meera K.,Biryani Junction,Biryani|Hyderabadi|Mughlai,Mutton Biryani|Chicken Biryani|Veg Biryani|Double Ka Meetha,Non-Veg,6,1660,,0,Cash,34,4,Delivered super fast.,4.4,18400
FD49996,30-06-2024,Sunday,19,Dinner,Delhi,Connaught Place,Meera S.,Paratha Paradise,North Indian|Breakfast,Aloo Paratha|Lassi,Veg,2,160,WELCOME50,80,Cash,25,3,,4.4,6100
FD49995,30-06-2024,Sunday,16,Snacks,Mumbai,Bandra,Siddharth K.,Pav Bhaji Point,Street Food|Maharashtrian,Pav Bhaji,Veg,2,280,BIRYANI30,84,Card,41,,,4.3,9600
FD49994,30-06-2024,Sunday,13,Lunch,Delhi,Connaught Place,Kabir S.,Tandoori Nights,North Indian|Mughlai,Butter Chicken|Paneer Tikka,Non-Veg,3,900,,0,UPI,22,5,Worth every rupee.,4.3,11200
FD49993,30-06-2024,Sunday,12,Lunch,Pune,Hinjewadi,Karan S.,Pav Bhaji Point,Street Food|Maharashtrian,Pav Bhaji|Vada Pav,Veg,2,170,FEAST20,34,UPI,21,4,Perfect for a late-night craving.,4.3,9600
FD49992,30-06-2024,Sunday,12,Lunch,Delhi,Karol Bagh,Aarav A.,Tandoori Nights,North Indian|Mughlai,Butter Chicken|Paneer Tikka|Dal Makhani|Garlic Naan,Non-Veg,4,860,,0,UPI,26,5,,4.3,11200
FD49991,30-06-2024,Sunday,0,Late Night,Pune,Hadapsar,Varun K.,Biryani Junction,Biryani|Hyderabadi|Mughlai,Chicken Biryani|Veg Biryani,Non-Veg,2,490,,0,UPI,47,4,,4.4,18400
FD49990,29-06-2024,Saturday,23,Late Night,Pune,Hadapsar,Siddharth A.,Pav Bhaji Point,Street Food|Maharashtrian,Pav Bhaji|Vada Pav,Veg,2,170,,0,UPI,39,4,,4.3,9600
FD49989,29-06-2024,Saturday,22,Dinner,Pune,Shivajinagar,Arjun K.,Biryani Junction,Biryani|Hyderabadi|Mughlai,Mutton Biryani|Veg Biryani|Double Ka Meetha,Non-Veg,3,660,FEAST20,132,UPI,43,5,,4.4,18400
FD49988,29-06-2024,Saturday,22,Dinner,Bengaluru,Koramangala,Aarav K.,Burger Barn,Fast Food|American,Cheese Burger|Cold Coffee|French Fries,Non-Veg,3,379,,0,Card,43,4,,3.9,15100
FD49987,29-06-2024,Saturday,20,Dinner,Pune,Shivajinagar,Arjun A.,Biryani Junction,Biryani|Hyderabadi|Mughlai,Chicken Biryani|Veg Biryani|Raita,Non-Veg,3,530,BIRYANI30,150,UPI,39,5,Worth every rupee.,4.4,18400
FD49986,29-06-2024,Saturday,16,Snacks,Pune,Baner,Harsh A.,The Healthy Bowl,Healthy Food|Salads,Protein Bowl|Quinoa Salad|Fruit Smoothie,Veg,4,1050,,0,UPI,33,5,Worth every rupee.,3.8,2100
FD49985,29-06-2024,Saturday,16,Snacks,Hyderabad,HITEC City,Pranav K.,Biryani Junction,Biryani|Hyderabadi|Mughlai,Chicken Biryani|Double Ka Meetha|Raita,Non-Veg,4,690,WEEKEND15,103,Card,32,4,Perfect for a late-night craving.,4.4,18400
FD49984,29-06-2024,Saturday,12,Lunch,Mumbai,Powai,Aisha A.,Pav Bhaji Point,Street Food|Maharashtrian,Pav Bhaji|Misal Pav|Masala Chaas|Vada Pav,Veg,6,600,,0,Card,42,5,,4.3,9600
FD49983,29-06-2024,Saturday,7,Breakfast,Mumbai,Colaba,Gauri A.,Dosa Delight,South Indian,Masala Dosa,Veg,3,330,,0,UPI,34,,,4.5,12800
FD49982,29-06-2024,Saturday,1,Late Night,Pune,Kothrud,Pranav K.,Pav Bhaji Point,Street Food|Maharashtrian,Vada Pav,Veg,2,60,WELCOME50,30,UPI,28,,,4.3,9600
FD49981,28-06-2024,Friday,23,Late Night,Hyderabad,Banjara Hills,Priya K.,Pizza Plaza,Pizza|Italian|Fast Food,Farmhouse Pizza|Margherita Pizza|Garlic Bread|Choco Lava Cake,Veg,5,1275,,0,Card,48,4,,4,16800
FD49980,28-06-2024,Friday,22,Dinner,Mumbai,Andheri,Vihaan S.,Burger Barn,Fast Food|American,Chicken Burger|Cheese Burger|Cold Coffee|French Fries,Non-Veg,4,569,,0,UPI,26,5,,3.9,15100
FD49979,28-06-2024,Friday,22,Dinner,Pune,Baner,Meera K.,Biryani Junction,Biryani|Hyderabadi|Mughlai,Chicken Biryani|Veg Biryani|Double Ka Meetha|Raita,Non-Veg,6,1180,,0,UPI,28,4,"Hot and tasty, loved it!",4.4,18400
FD49978,28-06-2024,Friday,21,Dinner,Bengaluru,Electronic City,Riya S.,Dosa Delight,South Indian,Medu Vada,Veg,2,140,BIRYANI30,42,Cash,35,,,4.5,12800
FD49977,28-06-2024,Friday,21,Dinner,Mumbai,Thane,Aditya K.,Pizza Plaza,Pizza|Italian|Fast Food,Farmhouse Pizza|Margherita Pizza|Garlic Bread|Choco Lava Cake,Veg,5,1275,FEAST20,150,Cash,37,5,,4,16800
FD49976,28-06-2024,Friday,21,Dinner,Mumbai,Thane,Aditya S.,Wok & Roll,Chinese|Thai,Chilli Chicken|Hakka Noodles|Fried Rice|Veg Manchurian,Non-Veg,4,720,,0,UPI,50,4,,4,6400
FD49975,28-06-2024,Friday,19,Dinner,Hyderabad,Secunderabad,Karan S.,Burger Barn,Fast Food|American,Chicken Burger|Cheese Burger|Cold Coffee|French Fries,Non-Veg,4,569,,0,Card,35,5,Perfect for a late-night craving.,3.9,15100
FD49974,28-06-2024,Friday,18,Snacks,Pune,Shivajinagar,Harsh S.,Momo Mania,Tibetan|Chinese,Tandoori Momos,Non-Veg,1,170,,0,UPI,29,5,,4.1,7200
FD49973,28-06-2024,Friday,13,Lunch,Mumbai,Bandra,Kabir S.,Tandoori Nights,North Indian|Mughlai,Butter Chicken|Paneer Tikka|Dal Makhani|Garlic Naan,Non-Veg,4,860,,0,UPI,21,5,,4.3,11200
FD49972,28-06-2024,Friday,1,Late Night,Bengaluru,Indiranagar,Harsh K.,Pizza Plaza,Pizza|Italian|Fast Food,Choco Lava Cake,Veg,2,198,FEAST20,39,UPI,34,5,,4,16800
FD49971,28-06-2024,Friday,1,Late Night,Pune,Shivajinagar,Sana S.,Biryani Junction,Biryani|Hyderabadi|Mughlai,Chicken Biryani|Veg Biryani,Non-Veg,3,770,,0,UPI,31,4,Perfect for a late-night craving.,4.4,18400
FD49970,27-06-2024,Thursday,23,Late Night,Delhi,Connaught Place,Aditya K.,Burger Barn,Fast Food|American,Chicken Burger|Cheese Burger|Cold Coffee|French Fries,Non-Veg,6,949,,0,Wallet,23,5,Perfect for a late-night craving.,3.9,15100
FD49969,27-06-2024,Thursday,22,Dinner,Pune,Viman Nagar,Yash A.,Pav Bhaji Point,Street Food|Maharashtrian,Pav Bhaji|Misal Pav|Masala Chaas|Vada Pav,Veg,4,320,,0,Cash,26,5,,4.3,9600
FD49968,27-06-2024,Thursday,20,Dinner,Bengaluru,Indiranagar,Vihaan K.,Wok & Roll,Chinese|Thai,Fried Rice,Non-Veg,3,480,,0,Cash,35,,,4,6400
FD49967,27-06-2024,Thursday,17,Snacks,Pune,Shivajinagar,Kabir K.,Pav Bhaji Point,Street Food|Maharashtrian,Pav Bhaji|Vada Pav,Veg,4,450,FEAST20,90,Cash,13,5,,4.3,9600
FD49966,27-06-2024,Thursday,8,Breakfast,Mumbai,Dadar,Kavya A.,Biryani Junction,Biryani|Hyderabadi|Mughlai,Veg Biryani|Raita,Non-Veg,2,250,,0,Cash,29,,,4.4,18400
FD49965,27-06-2024,Thursday,7,Breakfast,Mumbai,Thane,Sana A.,Dosa Delight,South Indian,Masala Dosa|Medu Vada|Idli Sambar|Filter Coffee,Veg,6,510,,0,UPI,36,4,,4.5,12800
FD49964,27-06-2024,Thursday,0,Late Night,Mumbai,Powai,Priya A.,Pav Bhaji Point,Street Food|Maharashtrian,Pav Bhaji|Misal Pav|Masala Chaas|Vada Pav,Veg,4,320,,0,UPI,46,3,,4.3,9600
FD49963,26-06-2024,Wednesday,22,Dinner,Mumbai,Andheri,Nidhi S.,Pav Bhaji Point,Street Food|Maharashtrian,Pav Bhaji|Misal Pav|Masala Chaas|Vada Pav,Veg,4,320,,0,UPI,37,5,,4.3,9600
FD49962,26-06-2024,Wednesday,22,Dinner,Delhi,Connaught Place,Aditya A.,Wok & Roll,Chinese|Thai,Chilli Chicken|Hakka Noodles|Fried Rice|Veg Manchurian,Non-Veg,4,720,,0,UPI,39,4,"Hot and tasty, loved it!",4,6400
FD49961,26-06-2024,Wednesday,21,Dinner,Delhi,Lajpat Nagar,Yash A.,Burger Barn,Fast Food|American,Cheese Burger|Cold Coffee,Non-Veg,4,600,,0,Card,27,5,,3.9,15100
FD49960,26-06-2024,Wednesday,20,Dinner,Delhi,Dwarka,Harsh A.,Wok & Roll,Chinese|Thai,Chilli Chicken|Hakka Noodles|Veg Manchurian|Fried Rice,Non-Veg,4,720,,0,Cash,37,,,4,6400
FD49959,26-06-2024,Wednesday,20,Dinner,Mumbai,Powai,Rohan A.,Chai & Snacks,Beverages|Snacks,Kanda Bhaji|Bun Maska|Masala Chai|Samosa,Veg,5,215,FEAST20,43,UPI,19,5,,4.1,3900
FD49958,26-06-2024,Wednesday,20,Dinner,Hyderabad,Ameerpet,Kavya S.,Biryani Junction,Biryani|Hyderabadi|Mughlai,Mutton Biryani|Chicken Biryani|Double Ka Meetha,Non-Veg,3,730,,0,UPI,32,5,"Hot and tasty, loved it!",4.4,18400
FD49957,26-06-2024,Wednesday,19,Dinner,Delhi,Saket,Nikhil K.,Tandoori Nights,North Indian|Mughlai,Butter Chicken|Paneer Tikka|Dal Makhani|Garlic Naan,Non-Veg,4,860,FEAST20,150,Wallet,29,5,"Hot and tasty, loved it!",4.3,11200
FD49956,26-06-2024,Wednesday,18,Snacks,Pune,Viman Nagar,Meera A.,Momo Mania,Tibetan|Chinese,Tandoori Momos|Thukpa|Fried Momos|Steamed Momos,Non-Veg,4,590,,0,UPI,26,4,,4.1,7200
FD49955,26-06-2024,Wednesday,17,Snacks,Mumbai,Thane,Yash A.,Biryani Junction,Biryani|Hyderabadi|Mughlai,Chicken Biryani|Veg Biryani,Non-Veg,3,770,,0,Cash,28,,,4.4,18400
FD49954,26-06-2024,Wednesday,17,Snacks,Mumbai,Colaba,Rahul K.,Pav Bhaji Point,Street Food|Maharashtrian,Pav Bhaji|Masala Chaas|Vada Pav,Veg,4,350,FEAST20,70,UPI,16,5,Perfect for a late-night craving.,4.3,9600
FD49953,26-06-2024,Wednesday,16,Snacks,Bengaluru,Whitefield,Sana K.,Momo Mania,Tibetan|Chinese,Thukpa|Steamed Momos,Non-Veg,3,440,,0,Card,35,5,,4.1,7200
FD49952,26-06-2024,Wednesday,14,Lunch,Pune,Baner,Siddharth A.,Tandoori Nights,North Indian|Mughlai,Dal Makhani,Non-Veg,3,660,,0,UPI,36,5,,4.3,11200
FD49951,25-06-2024,Tuesday,23,Late Night,Delhi,Karol Bagh,Sneha A.,Paratha Paradise,North Indian|Breakfast,Aloo Paratha,Veg,1,90,,0,UPI,38,4,,4.4,6100
FD49950,25-06-2024,Tuesday,23,Late Night,Pune,Shivajinagar,Rahul A.,Burger Barn,Fast Food|American,Chicken Burger|Cheese Burger|Cold Coffee|French Fries,Non-Veg,6,949,,0,Cash,33,5,,3.9,15100
FD49949,25-06-2024,Tuesday,21,Dinner,Pune,Viman Nagar,Kavya S.,Biryani Junction,Biryani|Hyderabadi|Mughlai,Veg Biryani,Non-Veg,3,630,,0,Cash,26,5,,4.4,18400
FD49948,25-06-2024,Tuesday,19,Dinner,Pune,Hadapsar,Pranav A.,Biryani Junction,Biryani|Hyderabadi|Mughlai,Veg Biryani|Double Ka Meetha,Non-Veg,2,300,WELCOME50,150,UPI,26,4,,4.4,18400
FD49947,25-06-2024,Tuesday,12,Lunch,Mumbai,Thane,Tanvi S.,Biryani Junction,Biryani|Hyderabadi|Mughlai,Mutton Biryani|Chicken Biryani|Veg Biryani|Double Ka Meetha,Non-Veg,5,1300,,0,Card,35,4,Perfect for a late-night craving.,4.4,18400
FD49946,25-06-2024,Tuesday,9,Breakfast,Pune,Baner,Meera K.,Momo Mania,Tibetan|Chinese,Thukpa|Steamed Momos,Non-Veg,3,440,,0,Wallet,24,4,,4.1,7200
FD49945,25-06-2024,Tuesday,7,Breakfast,Pune,Baner,Gauri A.,Pav Bhaji Point,Street Food|Maharashtrian,Misal Pav|Masala Chaas,Veg,4,370,WELCOME50,150,Cash,19,5,Delivered super fast.,4.3,9600
FD49944,25-06-2024,Tuesday,1,Late Night,Delhi,Connaught Place,Kavya K.,Momo Mania,Tibetan|Chinese,Tandoori Momos|Fried Momos|Steamed Momos,Non-Veg,3,430,,0,UPI,23,3,,4.1,7200
FD49943,24-06-2024,Monday,23,Late Night,Pune,Viman Nagar,Diya K.,Burger Barn,Fast Food|American,Chicken Burger|Cheese Burger|French Fries,Non-Veg,3,449,,0,UPI,28,,,3.9,15100
FD49942,24-06-2024,Monday,16,Snacks,Pune,Kothrud,Aarav K.,The Healthy Bowl,Healthy Food|Salads,Quinoa Salad|Fruit Smoothie,Veg,2,410,,0,UPI,27,5,"Hot and tasty, loved it!",3.8,2100
FD49941,24-06-2024,Monday,12,Lunch,Pune,Viman Nagar,Kavya A.,Tandoori Nights,North Indian|Mughlai,Butter Chicken|Paneer Tikka,Non-Veg,3,900,,0,UPI,40,5,,4.3,11200
FD49940,24-06-2024,Monday,9,Breakfast,Mumbai,Bandra,Aditya A.,Dosa Delight,South Indian,Masala Dosa|Medu Vada|Idli Sambar,Veg,4,360,BIRYANI30,108,UPI,40,5,,4.5,12800
FD49939,24-06-2024,Monday,0,Late Night,Mumbai,Colaba,Sana S.,Pizza Plaza,Pizza|Italian|Fast Food,Margherita Pizza|Choco Lava Cake,Veg,4,846,,0,Cash,37,4,,4,16800
FD49938,23-06-2024,Sunday,22,Dinner,Delhi,Connaught Place,Karan K.,Tandoori Nights,North Indian|Mughlai,Butter Chicken,Non-Veg,1,320,,0,Wallet,40,4,,4.3,11200
FD49937,23-06-2024,Sunday,21,Dinner,Delhi,Connaught Place,Vihaan A.,Pizza Plaza,Pizza|Italian|Fast Food,Margherita Pizza|Garlic Bread|Choco Lava Cake,Veg,5,975,,0,Card,37,4,,4,16800
FD49936,23-06-2024,Sunday,20,Dinner,Pune,Hadapsar,Pranav A.,Pizza Plaza,Pizza|Italian|Fast Food,Choco Lava Cake,Veg,1,99,,0,UPI,38,5,,4,16800
FD49935,23-06-2024,Sunday,20,Dinner,Mumbai,Dadar,Priya A.,Pav Bhaji Point,Street Food|Maharashtrian,Pav Bhaji,Veg,1,140,,0,UPI,38,4,,4.3,9600
FD49934,23-06-2024,Sunday,19,Dinner,Hyderabad,Ameerpet,Harsh A.,Pizza Plaza,Pizza|Italian|Fast Food,Farmhouse Pizza|Margherita Pizza,Veg,3,1047,,0,Card,44,5,Delivered super fast.,4,16800
FD49933,23-06-2024,Sunday,14,Lunch,Hyderabad,HITEC City,Tanvi A.,Chai & Snacks,Beverages|Snacks,Masala Chai,Veg,2,60,,0,Cash,37,3,,4.1,3900
FD49932,23-06-2024,Sunday,13,Lunch,Mumbai,Bandra,Pranav K.,Wok & Roll,Chinese|Thai,Hakka Noodles,Non-Veg,1,170,,0,UPI,40,3,Delivery took too long.,4,6400
FD49931,23-06-2024,Sunday,9,Breakfast,Bengaluru,HSR Layout,Rahul K.,Dosa Delight,South Indian,Masala Dosa,Veg,1,110,,0,Card,37,5,Delivered super fast.,4.5,12800
FD49930,23-06-2024,Sunday,8,Breakfast,Bengaluru,Koramangala,Varun K.,Dosa Delight,South Indian,Masala Dosa|Filter Coffee,Veg,3,260,WEEKEND15,39,Cash,37,3,,4.5,12800
FD49929,23-06-2024,Sunday,8,Breakfast,Bengaluru,Indiranagar,Varun A.,Pizza Plaza,Pizza|Italian|Fast Food,Farmhouse Pizza|Margherita Pizza|Garlic Bread|Choco Lava Cake,Veg,4,876,,0,Cash,39,2,,4,16800
FD49928,22-06-2024,Saturday,20,Dinner,Mumbai,Thane,Sana K.,Thali Express,North Indian|Gujarati,Veg Thali|Jalebi,Veg,3,540,WELCOME50,150,Card,33,5,"Hot and tasty, loved it!",4.2,4700
FD49927,22-06-2024,Saturday,19,Dinner,Pune,Baner,Siddharth A.,Burger Barn,Fast Food|American,Chicken Burger|French Fries,Non-Veg,3,479,BIRYANI30,143,UPI,45,2,Too spicy for me.,3.9,15100
FD49926,22-06-2024,Saturday,18,Snacks,Mumbai,Thane,Omkar K.,Chai & Snacks,Beverages|Snacks,Masala Chai|Samosa,Veg,3,85,WELCOME50,42,UPI,47,5,,4.1,3900
FD49925,22-06-2024,Saturday,16,Snacks,Pune,Viman Nagar,Karan S.,Shawarma Street,Lebanese|Street Food,Chicken Shawarma,Non-Veg,1,140,,0,UPI,34,4,Perfect for a late-night craving.,4.2,5300
FD49924,22-06-2024,Saturday,14,Lunch,Bengaluru,Whitefield,Kabir A.,Dosa Delight,South Indian,Masala Dosa|Idli Sambar,Veg,2,180,,0,UPI,40,4,"Hot and tasty, loved it!",4.5,12800
FD49923,22-06-2024,Saturday,13,Lunch,Delhi,Lajpat Nagar,Diya K.,Paratha Paradise,North Indian|Breakfast,Paneer Paratha|Aloo Paratha|Lassi,Veg,5,520,,0,Cash,25,5,,4.4,6100
FD49922,22-06-2024,Saturday,13,Lunch,Hyderabad,Kukatpally,Riya S.,Biryani Junction,Biryani|Hyderabadi|Mughlai,Chicken Biryani,Non-Veg,1,280,,0,Card,43,3,,4.4,18400
FD49921,22-06-2024,Saturday,12,Lunch,Bengaluru,MG Road,Nikhil K.,Dosa Delight,South Indian,Masala Dosa|Filter Coffee,Veg,2,150,,0,UPI,34,4,,4.5,12800
FD49920,22-06-2024,Saturday,7,Breakfast,Hyderabad,Gachibowli,Yash A.,Dosa Delight,South Indian,Masala Dosa,Veg,2,220,BIRYANI30,66,UPI,36,3,,4.5,12800
FD49919,22-06-2024,Saturday,0,Late Night,Bengaluru,Koramangala,Diya A.,Biryani Junction,Biryani|Hyderabadi|Mughlai,Mutton Biryani|Chicken Biryani,Non-Veg,3,1000,,0,Wallet,45,5,,4.4,18400
FD49918,21-06-2024,Friday,22,Dinner,Pune,Shivajinagar,Meera K.,Pav Bhaji Point,Street Food|Maharashtrian,Pav Bhaji,Veg,1,140,,0,UPI,35,4,,4.3,9600
FD49917,21-06-2024,Friday,21,Dinner,Mumbai,Colaba,Aditya K.,Pav Bhaji Point,Street Food|Maharashtrian,Masala Chaas|Vada Pav,Veg,4,150,,0,UPI,42,,,4.3,9600
FD49916,21-06-2024,Friday,21,Dinner,Pune,Kothrud,Yash A.,Biryani Junction,Biryani|Hyderabadi|Mughlai,Chicken Biryani|Double Ka Meetha,Non-Veg,3,650,,0,UPI,32,5,,4.4,18400
FD49915,21-06-2024,Friday,20,Dinner,Delhi,Connaught Place,Isha A.,Chai & Snacks,Beverages|Snacks,Masala Chai,Veg,3,90,FEAST20,18,Card,37,4,"Hot and tasty, loved it!",4.1,3900
FD49914,21-06-2024,Friday,13,Lunch,Pune,Baner,Gauri S.,Tandoori Nights,North Indian|Mughlai,Butter Chicken|Paneer Tikka,Non-Veg,2,580,FEAST20,116,UPI,36,3,Delivery took too long.,4.3,11200
FD49913,21-06-2024,Friday,13,Lunch,Bengaluru,Koramangala,Karan S.,Biryani Junction,Biryani|Hyderabadi|Mughlai,Veg Biryani,Non-Veg,1,210,,0,UPI,24,4,Delivered super fast.,4.4,18400
FD49912,20-06-2024,Thursday,21,Dinner,Pune,Baner,Nidhi K.,Pav Bhaji Point,Street Food|Maharashtrian,Pav Bhaji|Misal Pav|Masala Chaas|Vada Pav,Veg,4,320,WELCOME50,150,UPI,42,3,Delivery took too long.,4.3,9600
FD49911,20-06-2024,Thursday,19,Dinner,Bengaluru,HSR Layout,Aarav K.,Cake Corner,Desserts|Bakery,Chocolate Truffle Cake|Red Velvet Pastry|Cupcake,Veg,3,740,,0,UPI,37,,,4.6,8900
FD49910,20-06-2024,Thursday,19,Dinner,Delhi,Connaught Place,Aisha K.,Pizza Plaza,Pizza|Italian|Fast Food,Margherita Pizza|Garlic Bread|Choco Lava Cake,Veg,3,477,,0,Wallet,26,5,,4,16800
FD49909,20-06-2024,Thursday,17,Snacks,Bengaluru,Koramangala,Sneha A.,Shawarma Street,Lebanese|Street Food,Hummus Platter|Chicken Shawarma,Non-Veg,2,330,,0,UPI,27,4,,4.2,5300
FD49908,20-06-2024,Thursday,17,Snacks,Delhi,Noida Sec 18,Priya S.,Chai & Snacks,Beverages|Snacks,Masala Chai|Samosa,Veg,4,115,,0,UPI,36,4,,4.1,3900
FD49907,20-06-2024,Thursday,14,Lunch,Pune,Baner,Kabir K.,Tandoori Nights,North Indian|Mughlai,Butter Chicken|Paneer Tikka|Dal Makhani|Garlic Naan,Non-Veg,4,860,,0,Cash,38,5,Worth every rupee.,4.3,11200
FD49906,20-06-2024,Thursday,12,Lunch,Bengaluru,MG Road,Rahul K.,Biryani Junction,Biryani|Hyderabadi|Mughlai,Mutton Biryani|Chicken Biryani|Double Ka Meetha|Raita,Non-Veg,6,1490,BIRYANI30,150,UPI,29,4,,4.4,18400
FD49905,20-06-2024,Thursday,12,Lunch,Bengaluru,Indiranagar,Pooja K.,Dosa Delight,South Indian,Masala Dosa|Medu Vada|Idli Sambar|Filter Coffee,Veg,5,400,,0,UPI,40,4,,4.5,12800
FD49904,20-06-2024,Thursday,9,Breakfast,Delhi,Karol Bagh,Neha A.,Chai & Snacks,Beverages|Snacks,Masala Chai,Veg,1,30,FEAST20,6,Card,33,3,,4.1,3900
FD49903,20-06-2024,Thursday,7,Breakfast,Bengaluru,Indiranagar,Nidhi S.,Dosa Delight,South Indian,Idli Sambar|Filter Coffee,Veg,2,110,,0,Wallet,37,4,,4.5,12800
FD49902,20-06-2024,Thursday,0,Late Night,Mumbai,Colaba,Arjun A.,Cake Corner,Desserts|Bakery,Chocolate Truffle Cake|Brownie,Veg,4,1740,,0,Card,21,,,4.6,8900
FD49901,20-06-2024,Thursday,0,Late Night,Pune,Kothrud,Pranav A.,Biryani Junction,Biryani|Hyderabadi|Mughlai,Chicken Biryani|Veg Biryani|Double Ka Meetha,Non-Veg,3,580,,0,UPI,31,5,,4.4,18400
FD49900,19-06-2024,Wednesday,20,Dinner,Mumbai,Bandra,Pooja S.,Pizza Plaza,Pizza|Italian|Fast Food,Farmhouse Pizza|Margherita Pizza|Garlic Bread|Choco Lava Cake,Veg,5,1275,,0,UPI,35,4,,4,16800
FD49899,19-06-2024,Wednesday,20,Dinner,Bengaluru,Koramangala,Karan S.,Pizza Plaza,Pizza|Italian|Fast Food,Farmhouse Pizza|Margherita Pizza|Choco Lava Cake,Veg,3,747,,0,Card,42,4,Portion size was great.,4,16800
FD49898,19-06-2024,Wednesday,14,Lunch,Mumbai,Bandra,Diya K.,Dosa Delight,South Indian,Filter Coffee,Veg,3,120,WELCOME50,60,UPI,35,,,4.5,12800
FD49897,19-06-2024,Wednesday,7,Breakfast,Mumbai,Bandra,Kabir A.,Cake Corner,Desserts|Bakery,Chocolate Truffle Cake|Red Velvet Pastry|Brownie|Cupcake,Veg,4,830,,0,UPI,20,5,,4.6,8900
FD49896,19-06-2024,Wednesday,7,Breakfast,Bengaluru,Indiranagar,Gauri A.,Dosa Delight,South Indian,Masala Dosa,Veg,2,220,,0,Wallet,25,5,"Hot and tasty, loved it!",4.5,12800
FD49895,18-06-2024,Tuesday,22,Dinner,Mumbai,Bandra,Kavya A.,Wok & Roll,Chinese|Thai,Chilli Chicken|Hakka Noodles|Veg Manchurian|Fried Rice,Non-Veg,5,950,,0,Card,39,,,4,6400
FD49894,18-06-2024,Tuesday,21,Dinner,Delhi,Karol Bagh,Harsh K.,Paratha Paradise,North Indian|Breakfast,Lassi,Veg,2,140,,0,Card,34,4,Worth every rupee.,4.4,6100
FD49893,18-06-2024,Tuesday,17,Snacks,Delhi,Saket,Ananya A.,Chai & Snacks,Beverages|Snacks,Bun Maska|Samosa,Veg,2,65,,0,UPI,26,5,,4.1,3900
FD49892,18-06-2024,Tuesday,14,Lunch,Delhi,Saket,Kabir A.,Paratha Paradise,North Indian|Breakfast,Paneer Paratha|Aloo Paratha,Veg,4,450,,0,Cash,36,4,,4.4,6100
FD49891,18-06-2024,Tuesday,13,Lunch,Bengaluru,Koramangala,Harsh A.,Dosa Delight,South Indian,Masala Dosa|Medu Vada|Filter Coffee,Veg,5,440,FEAST20,88,Wallet,29,5,Worth every rupee.,4.5,12800
FD49890,17-06-2024,Monday,20,Dinner,Delhi,Connaught Place,Arjun S.,Burger Barn,Fast Food|American,Chicken Burger|Cheese Burger|Cold Coffee|French Fries,Non-Veg,6,949,,0,Cash,36,4,,3.9,15100
FD49889,17-06-2024,Monday,19,Dinner,Mumbai,Colaba,Omkar K.,Biryani Junction,Biryani|Hyderabadi|Mughlai,Mutton Biryani|Chicken Biryani|Veg Biryani|Raita,Non-Veg,6,1610,WELCOME50,150,Wallet,43,4,,4.4,18400
FD49888,17-06-2024,Monday,18,Snacks,Pune,Hadapsar,Diya K.,Pav Bhaji Point,Street Food|Maharashtrian,Pav Bhaji|Misal Pav|Masala Chaas,Veg,3,290,,0,UPI,29,5,,4.3,9600
FD49887,17-06-2024,Monday,17,Snacks,Pune,Viman Nagar,Nikhil K.,Pav Bhaji Point,Street Food|Maharashtrian,Pav Bhaji|Misal Pav|Masala Chaas|Vada Pav,Veg,4,320,FEAST20,64,Card,24,4,,4.3,9600
FD49886,17-06-2024,Monday,17,Snacks,Mumbai,Colaba,Kabir A.,Pav Bhaji Point,Street Food|Maharashtrian,Pav Bhaji|Vada Pav,Veg,3,310,,0,Wallet,27,4,,4.3,9600
FD49885,17-06-2024,Monday,16,Snacks,Delhi,Karol Bagh,Rohan S.,Paratha Paradise,North Indian|Breakfast,Paneer Paratha|Aloo Paratha|Lassi,Veg,3,280,,0,UPI,31,5,,4.4,6100
FD49884,17-06-2024,Monday,12,Lunch,Pune,Hinjewadi,Aarav K.,Tandoori Nights,North Indian|Mughlai,Butter Chicken,Non-Veg,3,960,,0,Wallet,33,4,,4.3,11200
FD49883,17-06-2024,Monday,7,Breakfast,Pune,Kothrud,Isha A.,Chai & Snacks,Beverages|Snacks,Kanda Bhaji|Masala Chai,Veg,2,90,,0,UPI,33,,,4.1,3900
FD49882,17-06-2024,Monday,0,Late Night,Pune,Viman Nagar,Aisha S.,Pizza Plaza,Pizza|Italian|Fast Food,Margherita Pizza|Garlic Bread|Choco Lava Cake,Veg,4,726,FEAST20,145,Card,44,4,,4,16800
FD49881,16-06-2024,Sunday,21,Dinner,Hyderabad,HITEC City,Aisha S.,Burger Barn,Fast Food|American,Cold Coffee,Non-Veg,3,360,,0,UPI,30,,,3.9,15100
FD49880,16-06-2024,Sunday,20,Dinner,Pune,Kothrud,Riya K.,Shawarma Street,Lebanese|Street Food,Hummus Platter|Falafel Wrap|Chicken Shawarma,Non-Veg,3,480,BIRYANI30,144,UPI,43,4,,4.2,5300
FD49879,16-06-2024,Sunday,19,Dinner,Bengaluru,Koramangala,Karan K.,Burger Barn,Fast Food|American,Chicken Burger|Cheese Burger,Non-Veg,4,730,,0,UPI,38,,,3.9,15100
FD49878,16-06-2024,Sunday,17,Snacks,Pune,Viman Nagar,Sneha K.,Cake Corner,Desserts|Bakery,Chocolate Truffle Cake,Veg,1,550,,0,UPI,29,5,,4.6,8900
FD49877,16-06-2024,Sunday,14,Lunch,Mumbai,Andheri,Isha S.,Thali Express,North Indian|Gujarati,Gujarati Thali|Veg Thali|Jalebi,Veg,4,860,WELCOME50,150,Wallet,49,5,,4.2,4700
FD49876,16-06-2024,Sunday,13,Lunch,Pune,Hadapsar,Omkar A.,Biryani Junction,Biryani|Hyderabadi|Mughlai,Mutton Biryani|Chicken Biryani|Double Ka Meetha|Raita,Non-Veg,4,770,WELCOME50,150,UPI,41,4,,4.4,18400
FD49875,16-06-2024,Sunday,7,Breakfast,Delhi,Dwarka,Tanvi K.,Chai & Snacks,Beverages|Snacks,Kanda Bhaji|Bun Maska|Masala Chai,Veg,5,250,,0,Cash,27,5,,4.1,3900
FD49874,16-06-2024,Sunday,1,Late Night,Mumbai,Bandra,Aditya K.,Pav Bhaji Point,Street Food|Maharashtrian,Pav Bhaji,Veg,3,420,BIRYANI30,126,UPI,55,4,,4.3,9600
FD49873,16-06-2024,Sunday,0,Late Night,Pune,Kothrud,Karan A.,Pizza Plaza,Pizza|Italian|Fast Food,Farmhouse Pizza|Margherita Pizza|Garlic Bread|Choco Lava Cake,Veg,4,876,,0,Cash,49,3,Packaging was leaking.,4,16800
FD49872,15-06-2024,Saturday,23,Late Night,Delhi,Connaught Place,Omkar S.,Paratha Paradise,North Indian|Breakfast,Paneer Paratha|Aloo Paratha,Veg,4,450,,0,Cash,37,4,Perfect for a late-night craving.,4.4,6100
FD49871,15-06-2024,Saturday,20,Dinner,Delhi,Dwarka,Aisha S.,Pizza Plaza,Pizza|Italian|Fast Food,Farmhouse Pizza|Margherita Pizza|Garlic Bread,Veg,4,1176,FEAST20,150,Card,46,3,Food arrived cold.,4,16800
FD49870,15-06-2024,Saturday,1,Late Night,Bengaluru,Koramangala,Gauri K.,Cake Corner,Desserts|Bakery,Chocolate Truffle Cake|Red Velvet Pastry,Veg,3,1220,,0,Wallet,49,4,Worth every rupee.,4.6,8900
FD49869,15-06-2024,Saturday,1,Late Night,Hyderabad,Ameerpet,Aisha K.,Burger Barn,Fast Food|American,Cheese Burger,Non-Veg,2,320,WELCOME50,150,UPI,34,5,,3.9,15100
FD49868,14-06-2024,Friday,22,Dinner,Pune,Hadapsar,Yash S.,Biryani Junction,Biryani|Hyderabadi|Mughlai,Chicken Biryani|Double Ka Meetha,Non-Veg,2,370,,0,Card,33,5,,4.4,18400
FD49867,14-06-2024,Friday,20,Dinner,Bengaluru,HSR Layout,Aisha S.,Dosa Delight,South Indian,Masala Dosa|Idli Sambar|Medu Vada|Filter Coffee,Veg,4,290,,0,UPI,37,4,Worth every rupee.,4.5,12800
FD49866,14-06-2024,Friday,20,Dinner,Hyderabad,Gachibowli,Kabir K.,Biryani Junction,Biryani|Hyderabadi|Mughlai,Mutton Biryani|Raita,Non-Veg,2,400,,0,Wallet,34,5,,4.4,18400
FD49865,14-06-2024,Friday,18,Snacks,Hyderabad,Secunderabad,Siddharth K.,Biryani Junction,Biryani|Hyderabadi|Mughlai,Mutton Biryani|Double Ka Meetha,Non-Veg,2,450,,0,Card,18,5,,4.4,18400
FD49864,14-06-2024,Friday,14,Lunch,Bengaluru,MG Road,Ananya S.,Biryani Junction,Biryani|Hyderabadi|Mughlai,Mutton Biryani|Chicken Biryani|Double Ka Meetha,Non-Veg,5,1450,FEAST20,150,Cash,47,3,,4.4,18400
FD49863,14-06-2024,Friday,12,Lunch,Pune,Viman Nagar,Varun K.,Biryani Junction,Biryani|Hyderabadi|Mughlai,Chicken Biryani,Non-Veg,1,280,,0,UPI,39,,,4.4,18400
FD49862,13-06-2024,Thursday,22,Dinner,Mumbai,Thane,Pooja K.,Pav Bhaji Point,Street Food|Maharashtrian,Pav Bhaji|Masala Chaas|Vada Pav,Veg,4,350,,0,UPI,41,4,,4.3,9600
FD49861,13-06-2024,Thursday,20,Dinner,Mumbai,Colaba,Pooja K.,Biryani Junction,Biryani|Hyderabadi|Mughlai,Mutton Biryani|Chicken Biryani|Veg Biryani,Non-Veg,5,1570,,0,UPI,51,5,Portion size was great.,4.4,18400
FD49860,13-06-2024,Thursday,17,Snacks,Pune,Hinjewadi,Priya A.,Pav Bhaji Point,Street Food|Maharashtrian,Pav Bhaji|Misal Pav,Veg,4,530,,0,Card,25,,,4.3,9600
FD49859,13-06-2024,Thursday,13,Lunch,Bengaluru,Electronic City,Arjun K.,Biryani Junction,Biryani|Hyderabadi|Mughlai,Mutton Biryani|Chicken Biryani|Raita,Non-Veg,3,680,BIRYANI30,150,UPI,39,,,4.4,18400
FD49858,13-06-2024,Thursday,13,Lunch,Bengaluru,HSR Layout,Isha K.,Dosa Delight,South Indian,Masala Dosa|Medu Vada|Idli Sambar|Filter Coffee,Veg,4,290,WELCOME50,145,UPI,38,5,Delivered super fast.,4.5,12800
FD49857,13-06-2024,Thursday,13,Lunch,Mumbai,Bandra,Kabir S.,Thali Express,North Indian|Gujarati,Gujarati Thali|Veg Thali|Jalebi,Veg,5,1140,WELCOME50,150,UPI,36,4,,4.2,4700
FD49856,13-06-2024,Thursday,13,Lunch,Bengaluru,HSR Layout,Varun S.,Dosa Delight,South Indian,Masala Dosa|Idli Sambar|Medu Vada|Filter Coffee,Veg,5,400,FEAST20,80,UPI,48,4,Portion size was great.,4.5,12800
FD49855,13-06-2024,Thursday,8,Breakfast,Pune,Hadapsar,Isha A.,Momo Mania,Tibetan|Chinese,Thukpa|Fried Momos|Steamed Momos,Non-Veg,3,420,,0,UPI,35,5,,4.1,7200
FD49854,13-06-2024,Thursday,1,Late Night,Hyderabad,HITEC City,Isha S.,Biryani Junction,Biryani|Hyderabadi|Mughlai,Raita,Non-Veg,2,80,,0,UPI,26,5,,4.4,18400
FD49853,13-06-2024,Thursday,1,Late Night,Delhi,Dwarka,Riya A.,Burger Barn,Fast Food|American,Chicken Burger|Cheese Burger,Non-Veg,4,730,,0,UPI,30,4,Portion size was great.,3.9,15100
FD49852,12-06-2024,Wednesday,23,Late Night,Bengaluru,Indiranagar,Siddharth S.,Dosa Delight,South Indian,Masala Dosa|Idli Sambar|Filter Coffee,Veg,4,330,,0,UPI,32,5,,4.5,12800
FD49851,12-06-2024,Wednesday,22,Dinner,Bengaluru,Indiranagar,Varun S.,Wok & Roll,Chinese|Thai,Chilli Chicken|Hakka Noodles,Non-Veg,2,400,,0,Cash,30,5,,4,6400
FD49850,12-06-2024,Wednesday,21,Dinner,Pune,Hinjewadi,Kavya A.,Pav Bhaji Point,Street Food|Maharashtrian,Pav Bhaji|Misal Pav|Masala Chaas|Vada Pav,Veg,4,320,,0,UPI,51,,,4.3,9600
FD49849,12-06-2024,Wednesday,20,Dinner,Delhi,Noida Sec 18,Tanvi A.,Paratha Paradise,North Indian|Breakfast,Paneer Paratha|Aloo Paratha,Veg,3,330,,0,UPI,35,5,,4.4,6100
FD49848,12-06-2024,Wednesday,20,Dinner,Mumbai,Dadar,Riya S.,Biryani Junction,Biryani|Hyderabadi|Mughlai,Mutton Biryani|Chicken Biryani|Veg Biryani|Raita,Non-Veg,4,890,BIRYANI30,150,Wallet,32,4,,4.4,18400
FD49847,12-06-2024,Wednesday,20,Dinner,Delhi,Lajpat Nagar,Varun K.,Wok & Roll,Chinese|Thai,Chilli Chicken|Hakka Noodles|Fried Rice|Veg Manchurian,Non-Veg,6,1180,,0,Card,29,5,"Hot and tasty, loved it!",4,6400
FD49846,12-06-2024,Wednesday,18,Snacks,Mumbai,Dadar,Yash S.,Pav Bhaji Point,Street Food|Maharashtrian,Misal Pav,Veg,1,110,,0,UPI,36,4,,4.3,9600
FD49845,12-06-2024,Wednesday,18,Snacks,Pune,Viman Nagar,Riya K.,Chai & Snacks,Beverages|Snacks,Kanda Bhaji|Masala Chai|Samosa,Veg,4,175,,0,Cash,33,5,,4.1,3900
FD49844,12-06-2024,Wednesday,18,Snacks,Hyderabad,Ameerpet,Nikhil K.,Cake Corner,Desserts|Bakery,Chocolate Truffle Cake|Red Velvet Pastry|Brownie|Cupcake,Veg,4,830,,0,UPI,37,,,4.6,8900
FD49843,12-06-2024,Wednesday,14,Lunch,Mumbai,Dadar,Ananya A.,Biryani Junction,Biryani|Hyderabadi|Mughlai,Chicken Biryani,Non-Veg,1,280,BIRYANI30,84,UPI,34,5,,4.4,18400
FD49842,12-06-2024,Wednesday,14,Lunch,Bengaluru,Whitefield,Karan A.,Shawarma Street,Lebanese|Street Food,Chicken Shawarma,Non-Veg,2,280,,0,Card,36,,,4.2,5300
FD49841,12-06-2024,Wednesday,12,Lunch,Delhi,Connaught Place,Omkar A.,Tandoori Nights,North Indian|Mughlai,Butter Chicken|Paneer Tikka|Dal Makhani|Garlic Naan,Non-Veg,4,860,,0,Card,37,,,4.3,11200
FD49840,12-06-2024,Wednesday,1,Late Night,Bengaluru,Koramangala,Gauri S.,Shawarma Street,Lebanese|Street Food,Hummus Platter|Falafel Wrap|Chicken Shawarma,Non-Veg,3,480,,0,Card,33,5,"Hot and tasty, loved it!",4.2,5300
FD49839,11-06-2024,Tuesday,23,Late Night,Delhi,Lajpat Nagar,Neha A.,Chai & Snacks,Beverages|Snacks,Bun Maska,Veg,2,80,,0,UPI,38,5,,4.1,3900
FD49838,11-06-2024,Tuesday,21,Dinner,Mumbai,Dadar,Isha S.,Pizza Plaza,Pizza|Italian|Fast Food,Margherita Pizza,Veg,3,747,,0,Wallet,38,4,,4,16800
FD49837,11-06-2024,Tuesday,21,Dinner,Pune,Baner,Meera S.,Tandoori Nights,North Indian|Mughlai,Butter Chicken,Non-Veg,2,640,,0,Wallet,28,5,,4.3,11200
FD49836,11-06-2024,Tuesday,20,Dinner,Mumbai,Dadar,Isha S.,Wok & Roll,Chinese|Thai,Chilli Chicken|Hakka Noodles|Veg Manchurian|Fried Rice,Non-Veg,5,950,FEAST20,150,Cash,25,4,,4,6400
FD49835,11-06-2024,Tuesday,20,Dinner,Bengaluru,MG Road,Rohan K.,Wok & Roll,Chinese|Thai,Hakka Noodles,Non-Veg,1,170,,0,UPI,33,3,,4,6400
FD49834,11-06-2024,Tuesday,19,Dinner,Pune,Hadapsar,Nikhil A.,Pav Bhaji Point,Street Food|Maharashtrian,Pav Bhaji|Masala Chaas,Veg,4,460,,0,UPI,37,4,Worth every rupee.,4.3,9600
FD49833,11-06-2024,Tuesday,18,Snacks,Hyderabad,Ameerpet,Siddharth S.,Chai & Snacks,Beverages|Snacks,Kanda Bhaji|Bun Maska|Masala Chai|Samosa,Veg,4,155,,0,UPI,24,5,"Hot and tasty, loved it!",4.1,3900
FD49832,11-06-2024,Tuesday,12,Lunch,Pune,Hinjewadi,Nidhi S.,Thali Express,North Indian|Gujarati,Veg Thali|Jalebi,Veg,2,300,,0,UPI,44,5,,4.2,4700
FD49831,11-06-2024,Tuesday,9,Breakfast,Mumbai,Dadar,Nidhi K.,Pav Bhaji Point,Street Food|Maharashtrian,Pav Bhaji|Misal Pav|Masala Chaas|Vada Pav,Veg,6,600,BIRYANI30,150,UPI,31,4,Portion size was great.,4.3,9600
FD49830,11-06-2024,Tuesday,8,Breakfast,Delhi,Connaught Place,Aisha A.,Chai & Snacks,Beverages|Snacks,Bun Maska,Veg,1,40,,0,UPI,34,3,Food arrived cold.,4.1,3900
FD49829,11-06-2024,Tuesday,7,Breakfast,Hyderabad,Kukatpally,Kavya A.,Cake Corner,Desserts|Bakery,Brownie|Cupcake,Veg,2,160,WELCOME50,80,UPI,26,5,Delivered super fast.,4.6,8900
FD49828,11-06-2024,Tuesday,0,Late Night,Delhi,Connaught Place,Vihaan S.,Cake Corner,Desserts|Bakery,Chocolate Truffle Cake|Red Velvet Pastry|Brownie|Cupcake,Veg,4,830,,0,UPI,27,5,"Hot and tasty, loved it!",4.6,8900
FD49827,10-06-2024,Monday,21,Dinner,Mumbai,Colaba,Neha K.,Tandoori Nights,North Indian|Mughlai,Paneer Tikka,Non-Veg,1,260,,0,Cash,47,5,Delivered super fast.,4.3,11200
FD49826,10-06-2024,Monday,21,Dinner,Hyderabad,Gachibowli,Kavya S.,Burger Barn,Fast Food|American,Chicken Burger|Cheese Burger|Cold Coffee|French Fries,Non-Veg,4,569,,0,Cash,30,5,,3.9,15100
FD49825,10-06-2024,Monday,18,Snacks,Mumbai,Colaba,Aarav K.,Pav Bhaji Point,Street Food|Maharashtrian,Pav Bhaji,Veg,1,140,FEAST20,28,UPI,37,3,,4.3,9600
FD49824,10-06-2024,Monday,18,Snacks,Bengaluru,Electronic City,Priya K.,Dosa Delight,South Indian,Masala Dosa|Medu Vada|Idli Sambar|Filter Coffee,Veg,4,290,FEAST20,58,Cash,35,,,4.5,12800
FD49823,10-06-2024,Monday,12,Lunch,Bengaluru,Indiranagar,Diya K.,Wok & Roll,Chinese|Thai,Hakka Noodles,Non-Veg,1,170,,0,Wallet,37,5,,4,6400
FD49822,10-06-2024,Monday,12,Lunch,Bengaluru,HSR Layout,Pooja S.,Biryani Junction,Biryani|Hyderabadi|Mughlai,Chicken Biryani|Raita,Non-Veg,2,320,,0,Wallet,26,4,,4.4,18400
FD49821,10-06-2024,Monday,9,Breakfast,Pune,Viman Nagar,Vihaan A.,The Healthy Bowl,Healthy Food|Salads,Protein Bowl|Quinoa Salad,Veg,4,1220,,0,Card,42,3,,3.8,2100
FD49820,10-06-2024,Monday,8,Breakfast,Pune,Hinjewadi,Sana S.,Pav Bhaji Point,Street Food|Maharashtrian,Pav Bhaji|Misal Pav|Masala Chaas,Veg,3,290,,0,Card,34,4,,4.3,9600
FD49819,10-06-2024,Monday,0,Late Night,Pune,Hinjewadi,Kavya K.,Pizza Plaza,Pizza|Italian|Fast Food,Farmhouse Pizza|Margherita Pizza|Garlic Bread,Veg,3,777,,0,Wallet,40,4,Perfect for a late-night craving.,4,16800
FD49818,10-06-2024,Monday,0,Late Night,Delhi,Lajpat Nagar,Ananya S.,Cake Corner,Desserts|Bakery,Chocolate Truffle Cake|Red Velvet Pastry|Brownie|Cupcake,Veg,6,1930,,0,UPI,34,4,Perfect for a late-night craving.,4.6,8900
FD49817,09-06-2024,Sunday,23,Late Night,Bengaluru,Indiranagar,Rahul A.,Pizza Plaza,Pizza|Italian|Fast Food,Margherita Pizza,Veg,3,747,WELCOME50,150,UPI,34,4,,4,16800
FD49816,09-06-2024,Sunday,23,Late Night,Bengaluru,Indiranagar,Riya K.,Wok & Roll,Chinese|Thai,Chilli Chicken,Non-Veg,3,690,FEAST20,138,UPI,47,3,,4,6400
FD49815,09-06-2024,Sunday,16,Snacks,Mumbai,Bandra,Rahul A.,Dosa Delight,South Indian,Masala Dosa|Medu Vada|Idli Sambar,Veg,3,250,WELCOME50,125,Card,32,4,,4.5,12800
FD49814,09-06-2024,Sunday,14,Lunch,Delhi,Noida Sec 18,Gauri S.,Paratha Paradise,North Indian|Breakfast,Paneer Paratha|Aloo Paratha|Lassi,Veg,3,280,,0,Cash,29,5,,4.4,6100
FD49813,09-06-2024,Sunday,12,Lunch,Pune,Hadapsar,Harsh A.,Pav Bhaji Point,Street Food|Maharashtrian,Pav Bhaji|Masala Chaas,Veg,3,320,WEEKEND15,48,Card,41,4,,4.3,9600
FD49812,09-06-2024,Sunday,9,Breakfast,Pune,Kothrud,Nidhi K.,Chai & Snacks,Beverages|Snacks,Masala Chai|Samosa,Veg,2,55,,0,UPI,34,5,,4.1,3900
FD49811,08-06-2024,Saturday,23,Late Night,Pune,Hinjewadi,Pranav K.,Shawarma Street,Lebanese|Street Food,Hummus Platter|Falafel Wrap|Chicken Shawarma,Non-Veg,5,860,,0,UPI,55,,,4.2,5300
FD49810,08-06-2024,Saturday,18,Snacks,Hyderabad,Gachibowli,Omkar A.,Biryani Junction,Biryani|Hyderabadi|Mughlai,Double Ka Meetha,Non-Veg,3,270,BIRYANI30,81,UPI,34,5,,4.4,18400
FD49809,08-06-2024,Saturday,17,Snacks,Bengaluru,Whitefield,Sneha K.,Wok & Roll,Chinese|Thai,Hakka Noodles|Fried Rice,Non-Veg,3,500,,0,UPI,32,5,,4,6400
FD49808,08-06-2024,Saturday,13,Lunch,Bengaluru,Koramangala,Aditya A.,Biryani Junction,Biryani|Hyderabadi|Mughlai,Mutton Biryani|Chicken Biryani|Double Ka Meetha|Raita,Non-Veg,6,1490,,0,Card,39,,,4.4,18400
FD49807,08-06-2024,Saturday,7,Breakfast,Pune,Kothrud,Rohan A.,The Healthy Bowl,Healthy Food|Salads,Protein Bowl|Quinoa Salad|Fruit Smoothie,Veg,3,730,WELCOME50,150,UPI,51,3,Too spicy for me.,3.8,2100
FD49806,08-06-2024,Saturday,1,Late Night,Bengaluru,Electronic City,Aarav S.,Dosa Delight,South Indian,Masala Dosa|Medu Vada|Idli Sambar|Filter Coffee,Veg,6,510,WELCOME50,150,UPI,44,5,,4.5,12800
FD49805,08-06-2024,Saturday,0,Late Night,Delhi,Lajpat Nagar,Meera A.,Cake Corner,Desserts|Bakery,Chocolate Truffle Cake,Veg,3,1650,,0,Wallet,38,4,,4.6,8900
FD49804,07-06-2024,Friday,21,Dinner,Hyderabad,Gachibowli,Kabir A.,Biryani Junction,Biryani|Hyderabadi|Mughlai,Mutton Biryani|Veg Biryani|Raita,Non-Veg,3,610,FEAST20,122,Cash,32,3,Food arrived cold.,4.4,18400
FD49803,07-06-2024,Friday,19,Dinner,Pune,Hadapsar,Riya A.,Pav Bhaji Point,Street Food|Maharashtrian,Masala Chaas,Veg,2,80,,0,Card,39,5,,4.3,9600
FD49802,07-06-2024,Friday,17,Snacks,Pune,Hinjewadi,Nidhi A.,Thali Express,North Indian|Gujarati,Gujarati Thali|Veg Thali|Jalebi,Veg,3,580,,0,Cash,26,5,,4.2,4700
FD49801,07-06-2024,Friday,17,Snacks,Mumbai,Powai,Kavya K.,Pav Bhaji Point,Street Food|Maharashtrian,Pav Bhaji|Masala Chaas|Vada Pav,Veg,3,210,,0,UPI,23,,,4.3,9600
FD49800,07-06-2024,Friday,16,Snacks,Bengaluru,MG Road,Kavya A.,Dosa Delight,South Indian,Masala Dosa|Filter Coffee,Veg,2,150,,0,UPI,27,,,4.5,12800
FD49799,07-06-2024,Friday,13,Lunch,Mumbai,Dadar,Kabir A.,Pav Bhaji Point,Street Food|Maharashtrian,Pav Bhaji|Misal Pav|Masala Chaas|Vada Pav,Veg,4,320,,0,Cash,53,3,Missing one item.,4.3,9600
FD49798,07-06-2024,Friday,12,Lunch,Mumbai,Dadar,Rahul S.,Tandoori Nights,North Indian|Mughlai,Butter Chicken|Paneer Tikka|Dal Makhani|Garlic Naan,Non-Veg,6,1500,,0,UPI,50,4,"Hot and tasty, loved it!",4.3,11200
FD49797,07-06-2024,Friday,1,Late Night,Mumbai,Bandra,Arjun S.,Pizza Plaza,Pizza|Italian|Fast Food,Margherita Pizza|Garlic Bread|Choco Lava Cake,Veg,3,477,FEAST20,95,UPI,38,4,,4,16800
FD49796,06-06-2024,Thursday,21,Dinner,Bengaluru,Electronic City,Aditya A.,Dosa Delight,South Indian,Masala Dosa|Medu Vada|Filter Coffee,Veg,3,220,,0,UPI,23,3,,4.5,12800
FD49795,06-06-2024,Thursday,19,Dinner,Mumbai,Powai,Karan S.,Burger Barn,Fast Food|American,Chicken Burger|Cheese Burger|Cold Coffee|French Fries,Non-Veg,6,949,,0,UPI,40,,,3.9,15100
FD49794,06-06-2024,Thursday,14,Lunch,Bengaluru,HSR Layout,Nidhi K.,Dosa Delight,South Indian,Masala Dosa|Medu Vada|Filter Coffee,Veg,3,220,,0,UPI,40,3,,4.5,12800
FD49793,06-06-2024,Thursday,12,Lunch,Mumbai,Thane,Aditya K.,Biryani Junction,Biryani|Hyderabadi|Mughlai,Chicken Biryani,Non-Veg,1,280,BIRYANI30,84,Card,53,,,4.4,18400
FD49792,06-06-2024,Thursday,0,Late Night,Bengaluru,Indiranagar,Yash A.,Wok & Roll,Chinese|Thai,Hakka Noodles|Fried Rice,Non-Veg,2,330,,0,Cash,28,5,"Hot and tasty, loved it!",4,6400
FD49791,05-06-2024,Wednesday,23,Late Night,Pune,Hinjewadi,Rohan A.,Pizza Plaza,Pizza|Italian|Fast Food,Farmhouse Pizza|Margherita Pizza|Garlic Bread|Choco Lava Cake,Veg,4,876,,0,UPI,29,,,4,16800
FD49790,05-06-2024,Wednesday,23,Late Night,Bengaluru,Whitefield,Kavya A.,Biryani Junction,Biryani|Hyderabadi|Mughlai,Chicken Biryani,Non-Veg,2,560,BIRYANI30,150,Cash,43,,,4.4,18400
FD49789,05-06-2024,Wednesday,17,Snacks,Pune,Kothrud,Sneha K.,Pav Bhaji Point,Street Food|Maharashtrian,Misal Pav|Vada Pav,Veg,3,250,,0,Cash,31,5,Worth every rupee.,4.3,9600
FD49788,05-06-2024,Wednesday,12,Lunch,Bengaluru,Koramangala,Pooja S.,Biryani Junction,Biryani|Hyderabadi|Mughlai,Chicken Biryani|Double Ka Meetha|Raita,Non-Veg,3,410,,0,UPI,23,5,,4.4,18400
FD49787,05-06-2024,Wednesday,7,Breakfast,Mumbai,Dadar,Isha S.,Pav Bhaji Point,Street Food|Maharashtrian,Pav Bhaji|Masala Chaas,Veg,4,460,FEAST20,92,UPI,37,4,,4.3,9600
FD49786,04-06-2024,Tuesday,23,Late Night,Mumbai,Bandra,Aarav K.,Pizza Plaza,Pizza|Italian|Fast Food,Farmhouse Pizza|Margherita Pizza|Garlic Bread,Veg,5,1575,,0,Wallet,40,5,,4,16800
FD49785,04-06-2024,Tuesday,23,Late Night,Delhi,Dwarka,Yash S.,Burger Barn,Fast Food|American,Chicken Burger|Cheese Burger|Cold Coffee|French Fries,Non-Veg,4,569,,0,Card,40,4,,3.9,15100
FD49784,04-06-2024,Tuesday,22,Dinner,Pune,Hinjewadi,Rohan K.,Pav Bhaji Point,Street Food|Maharashtrian,Pav Bhaji|Masala Chaas|Vada Pav,Veg,3,210,,0,UPI,34,5,,4.3,9600
FD49783,04-06-2024,Tuesday,22,Dinner,Hyderabad,Banjara Hills,Riya A.,Pizza Plaza,Pizza|Italian|Fast Food,Margherita Pizza|Choco Lava Cake,Veg,3,597,,0,Card,47,4,,4,16800
FD49782,04-06-2024,Tuesday,22,Dinner,Hyderabad,Ameerpet,Omkar A.,Burger Barn,Fast Food|American,Cheese Burger,Non-Veg,3,480,BIRYANI30,144,Cash,30,4,,3.9,15100
FD49781,04-06-2024,Tuesday,19,Dinner,Pune,Shivajinagar,Aarav A.,Pav Bhaji Point,Street Food|Maharashtrian,Pav Bhaji,Veg,3,420,,0,Card,36,,,4.3,9600
FD49780,04-06-2024,Tuesday,19,Dinner,Pune,Shivajinagar,Aisha K.,Wok & Roll,Chinese|Thai,Chilli Chicken|Hakka Noodles|Veg Manchurian,Non-Veg,3,560,FEAST20,112,Cash,29,4,Portion size was great.,4,6400
FD49779,04-06-2024,Tuesday,19,Dinner,Delhi,Saket,Vihaan S.,Paratha Paradise,North Indian|Breakfast,Aloo Paratha,Veg,3,270,,0,UPI,46,3,,4.4,6100
FD49778,04-06-2024,Tuesday,19,Dinner,Delhi,Dwarka,Meera K.,Wok & Roll,Chinese|Thai,Chilli Chicken|Hakka Noodles|Veg Manchurian|Fried Rice,Non-Veg,6,1180,,0,UPI,22,,,4,6400
FD49777,04-06-2024,Tuesday,18,Snacks,Bengaluru,Koramangala,Sana A.,Shawarma Street,Lebanese|Street Food,Falafel Wrap|Chicken Shawarma,Non-Veg,4,590,,0,UPI,28,4,Worth every rupee.,4.2,5300
FD49776,04-06-2024,Tuesday,14,Lunch,Pune,Kothrud,Ananya S.,Biryani Junction,Biryani|Hyderabadi|Mughlai,Mutton Biryani|Chicken Biryani|Veg Biryani,Non-Veg,3,850,,0,UPI,29,5,Delivered super fast.,4.4,18400
FD49775,04-06-2024,Tuesday,1,Late Night,Mumbai,Powai,Nikhil S.,Cake Corner,Desserts|Bakery,Chocolate Truffle Cake|Brownie|Cupcake,Veg,5,1810,,0,UPI,40,4,,4.6,8900
FD49774,03-06-2024,Monday,23,Late Night,Mumbai,Thane,Ananya K.,Burger Barn,Fast Food|American,Chicken Burger|Cheese Burger|Cold Coffee,Non-Veg,4,660,,0,Wallet,40,4,,3.9,15100
FD49773,03-06-2024,Monday,20,Dinner,Pune,Shivajinagar,Ananya A.,Pav Bhaji Point,Street Food|Maharashtrian,Pav Bhaji|Misal Pav|Masala Chaas,Veg,5,570,,0,UPI,33,4,Worth every rupee.,4.3,9600
FD49772,03-06-2024,Monday,20,Dinner,Delhi,Karol Bagh,Isha S.,Paratha Paradise,North Indian|Breakfast,Aloo Paratha,Veg,1,90,,0,Cash,35,5,"Hot and tasty, loved it!",4.4,6100
FD49771,03-06-2024,Monday,19,Dinner,Pune,Hadapsar,Neha S.,Wok & Roll,Chinese|Thai,Chilli Chicken,Non-Veg,1,230,,0,UPI,41,,,4,6400
FD49770,03-06-2024,Monday,18,Snacks,Bengaluru,Electronic City,Isha A.,Momo Mania,Tibetan|Chinese,Thukpa|Fried Momos|Steamed Momos,Non-Veg,3,420,,0,UPI,28,,,4.1,7200
FD49769,03-06-2024,Monday,9,Breakfast,Mumbai,Thane,Aditya K.,Burger Barn,Fast Food|American,Chicken Burger|Cheese Burger|Cold Coffee,Non-Veg,5,850,,0,UPI,35,,,3.9,15100
FD49768,03-06-2024,Monday,1,Late Night,Pune,Viman Nagar,Arjun A.,Pizza Plaza,Pizza|Italian|Fast Food,Margherita Pizza,Veg,2,498,,0,UPI,55,3,,4,16800
FD49767,02-06-2024,Sunday,22,Dinner,Mumbai,Andheri,Vihaan S.,Pav Bhaji Point,Street Food|Maharashtrian,Masala Chaas,Veg,1,40,WEEKEND15,6,UPI,25,4,,4.3,9600
FD49766,02-06-2024,Sunday,22,Dinner,Delhi,Karol Bagh,Gauri K.,Cake Corner,Desserts|Bakery,Chocolate Truffle Cake,Veg,2,1100,,0,UPI,33,4,,4.6,8900
FD49765,02-06-2024,Sunday,22,Dinner,Hyderabad,Secunderabad,Tanvi K.,Shawarma Street,Lebanese|Street Food,Falafel Wrap,Non-Veg,1,150,,0,Cash,41,5,,4.2,5300
FD49764,02-06-2024,Sunday,20,Dinner,Bengaluru,Indiranagar,Nidhi A.,Burger Barn,Fast Food|American,Cheese Burger,Non-Veg,1,160,,0,Wallet,42,5,,3.9,15100
FD49763,02-06-2024,Sunday,20,Dinner,Mumbai,Bandra,Isha A.,Cake Corner,Desserts|Bakery,Chocolate Truffle Cake|Red Velvet Pastry|Brownie,Veg,5,1860,,0,UPI,24,4,,4.6,8900
FD49762,02-06-2024,Sunday,14,Lunch,Pune,Viman Nagar,Varun S.,Tandoori Nights,North Indian|Mughlai,Butter Chicken,Non-Veg,3,960,BIRYANI30,150,Card,29,5,,4.3,11200
FD49761,02-06-2024,Sunday,12,Lunch,Pune,Hadapsar,Aarav K.,Momo Mania,Tibetan|Chinese,Fried Momos|Steamed Momos,Non-Veg,4,540,,0,UPI,34,4,,4.1,7200
FD49760,02-06-2024,Sunday,9,Breakfast,Mumbai,Andheri,Nidhi S.,Pav Bhaji Point,Street Food|Maharashtrian,Pav Bhaji|Misal Pav|Masala Chaas|Vada Pav,Veg,6,600,,0,Card,38,,,4.3,9600
FD49759,01-06-2024,Saturday,23,Late Night,Delhi,Lajpat Nagar,Sneha S.,Burger Barn,Fast Food|American,Cheese Burger,Non-Veg,2,320,WELCOME50,150,Wallet,49,4,Perfect for a late-night craving.,3.9,15100
FD49758,01-06-2024,Saturday,23,Late Night,Bengaluru,Electronic City,Yash S.,Pizza Plaza,Pizza|Italian|Fast Food,Margherita Pizza,Veg,3,747,,0,UPI,53,3,Delivery took too long.,4,16800
FD49757,01-06-2024,Saturday,22,Dinner,Pune,Baner,Tanvi S.,Shawarma Street,Lebanese|Street Food,Chicken Shawarma,Non-Veg,2,280,BIRYANI30,84,Card,40,3,,4.2,5300
FD49756,01-06-2024,Saturday,21,Dinner,Mumbai,Bandra,Karan K.,Pav Bhaji Point,Street Food|Maharashtrian,Pav Bhaji|Misal Pav|Masala Chaas,Veg,3,290,FEAST20,58,Wallet,41,4,"Hot and tasty, loved it!",4.3,9600
FD49755,01-06-2024,Saturday,19,Dinner,Pune,Hadapsar,Ananya A.,Burger Barn,Fast Food|American,Chicken Burger,Non-Veg,3,570,,0,Cash,33,4,,3.9,15100
FD49754,01-06-2024,Saturday,12,Lunch,Hyderabad,Gachibowli,Vihaan S.,Biryani Junction,Biryani|Hyderabadi|Mughlai,Veg Biryani,Non-Veg,1,210,,0,Wallet,45,4,,4.4,18400
FD49753,01-06-2024,Saturday,9,Breakfast,Pune,Shivajinagar,Riya A.,Pav Bhaji Point,Street Food|Maharashtrian,Pav Bhaji|Misal Pav|Masala Chaas|Vada Pav,Veg,4,320,BIRYANI30,96,UPI,30,5,,4.3,9600
FD49752,01-06-2024,Saturday,7,Breakfast,Pune,Baner,Riya A.,Chai & Snacks,Beverages|Snacks,Masala Chai|Samosa,Veg,4,115,,0,UPI,40,4,,4.1,3900
FD49751,01-06-2024,Saturday,0,Late Night,Mumbai,Bandra,Siddharth A.,Cake Corner,Desserts|Bakery,Chocolate Truffle Cake|Red Velvet Pastry|Brownie|Cupcake,Veg,4,830,,0,Wallet,39,4,Portion size was great.,4.6,8900
FD49750,31-05-2024,Friday,23,Late Night,Delhi,Karol Bagh,Karan K.,Chai & Snacks,Beverages|Snacks,Masala Chai,Veg,2,60,,0,Card,24,,,4.1,3900
FD49749,31-05-2024,Friday,21,Dinner,Delhi,Noida Sec 18,Sana S.,Wok & Roll,Chinese|Thai,Chilli Chicken|Hakka Noodles|Veg Manchurian,Non-Veg,4,790,,0,UPI,46,4,,4,6400
FD49748,31-05-2024,Friday,20,Dinner,Delhi,Connaught Place,Gauri S.,Momo Mania,Tibetan|Chinese,Tandoori Momos|Thukpa|Steamed Momos,Non-Veg,3,450,,0,Wallet,29,4,Delivered super fast.,4.1,7200
FD49747,31-05-2024,Friday,19,Dinner,Pune,Hinjewadi,Tanvi S.,Pav Bhaji Point,Street Food|Maharashtrian,Pav Bhaji,Veg,3,420,,0,UPI,31,2,,4.3,9600
FD49746,31-05-2024,Friday,19,Dinner,Pune,Hinjewadi,Isha A.,Pav Bhaji Point,Street Food|Maharashtrian,Pav Bhaji|Misal Pav|Vada Pav,Veg,3,280,FEAST20,56,UPI,32,5,,4.3,9600
FD49745,31-05-2024,Friday,19,Dinner,Mumbai,Thane,Sana K.,Pav Bhaji Point,Street Food|Maharashtrian,Pav Bhaji|Misal Pav|Masala Chaas,Veg,4,430,,0,Cash,35,3,Delivery took too long.,4.3,9600
FD49744,31-05-2024,Friday,18,Snacks,Mumbai,Colaba,Tanvi S.,Cake Corner,Desserts|Bakery,Chocolate Truffle Cake|Red Velvet Pastry|Brownie|Cupcake,Veg,5,1380,,0,Card,25,3,,4.6,8900
FD49743,31-05-2024,Friday,13,Lunch,Pune,Baner,Pooja A.,Tandoori Nights,North Indian|Mughlai,Dal Makhani,Non-Veg,1,220,,0,Cash,34,,,4.3,11200
FD49742,31-05-2024,Friday,13,Lunch,Mumbai,Colaba,Ananya A.,Thali Express,North Indian|Gujarati,Gujarati Thali|Veg Thali,Veg,2,520,,0,Wallet,37,5,,4.2,4700
FD49741,31-05-2024,Friday,8,Breakfast,Delhi,Dwarka,Ananya S.,Chai & Snacks,Beverages|Snacks,Masala Chai,Veg,1,30,,0,Wallet,38,4,,4.1,3900
FD49740,31-05-2024,Friday,8,Breakfast,Hyderabad,Secunderabad,Rahul K.,Dosa Delight,South Indian,Masala Dosa|Medu Vada,Veg,2,180,,0,UPI,29,4,,4.5,12800
FD49739,31-05-2024,Friday,0,Late Night,Pune,Kothrud,Ananya A.,Pav Bhaji Point,Street Food|Maharashtrian,Pav Bhaji|Misal Pav|Masala Chaas,Veg,4,430,BIRYANI30,129,UPI,26,4,,4.3,9600
FD49738,31-05-2024,Friday,0,Late Night,Bengaluru,MG Road,Pranav K.,Biryani Junction,Biryani|Hyderabadi|Mughlai,Mutton Biryani|Chicken Biryani|Veg Biryani|Raita,Non-Veg,6,1610,,0,Wallet,26,3,Delivery took too long.,4.4,18400
FD49737,30-05-2024,Thursday,21,Dinner,Mumbai,Bandra,Neha K.,Pav Bhaji Point,Street Food|Maharashtrian,Misal Pav|Vada Pav,Veg,3,250,,0,Card,38,4,Worth every rupee.,4.3,9600
FD49736,30-05-2024,Thursday,20,Dinner,Pune,Shivajinagar,Omkar S.,Tandoori Nights,North Indian|Mughlai,Butter Chicken|Paneer Tikka|Dal Makhani|Garlic Naan,Non-Veg,4,860,BIRYANI30,150,UPI,26,,,4.3,11200
FD49735,30-05-2024,Thursday,17,Snacks,Mumbai,Colaba,Sana K.,Pav Bhaji Point,Street Food|Maharashtrian,Pav Bhaji|Misal Pav|Vada Pav,Veg,5,560,,0,Card,26,5,,4.3,9600
FD49734,30-05-2024,Thursday,14,Lunch,Hyderabad,Gachibowli,Vihaan A.,Biryani Junction,Biryani|Hyderabadi|Mughlai,Mutton Biryani|Chicken Biryani|Veg Biryani|Double Ka Meetha,Non-Veg,5,1300,,0,UPI,37,,,4.4,18400
FD49733,30-05-2024,Thursday,13,Lunch,Delhi,Noida Sec 18,Aisha S.,Tandoori Nights,North Indian|Mughlai,Dal Makhani,Non-Veg,1,220,BIRYANI30,66,Card,37,,,4.3,11200
FD49732,30-05-2024,Thursday,0,Late Night,Delhi,Connaught Place,Kavya S.,Tandoori Nights,North Indian|Mughlai,Butter Chicken|Paneer Tikka|Dal Makhani|Garlic Naan,Non-Veg,4,860,,0,UPI,40,5,Portion size was great.,4.3,11200
FD49731,29-05-2024,Wednesday,22,Dinner,Delhi,Lajpat Nagar,Rahul A.,Wok & Roll,Chinese|Thai,Hakka Noodles|Veg Manchurian,Non-Veg,3,500,,0,UPI,32,5,,4,6400
FD49730,29-05-2024,Wednesday,22,Dinner,Pune,Shivajinagar,Nikhil A.,Biryani Junction,Biryani|Hyderabadi|Mughlai,Raita,Non-Veg,1,40,FEAST20,8,UPI,37,5,,4.4,18400
FD49729,29-05-2024,Wednesday,21,Dinner,Pune,Kothrud,Pranav K.,The Healthy Bowl,Healthy Food|Salads,Quinoa Salad,Veg,3,780,,0,UPI,29,,,3.8,2100
FD49728,29-05-2024,Wednesday,20,Dinner,Mumbai,Bandra,Kabir K.,Pav Bhaji Point,Street Food|Maharashtrian,Pav Bhaji|Masala Chaas,Veg,2,180,,0,UPI,36,,,4.3,9600
FD49727,29-05-2024,Wednesday,19,Dinner,Pune,Baner,Vihaan K.,Pav Bhaji Point,Street Food|Maharashtrian,Pav Bhaji|Misal Pav|Masala Chaas|Vada Pav,Veg,6,600,,0,UPI,45,5,,4.3,9600
FD49726,29-05-2024,Wednesday,16,Snacks,Bengaluru,Indiranagar,Kabir S.,Momo Mania,Tibetan|Chinese,Thukpa|Fried Momos|Steamed Momos,Non-Veg,3,420,,0,UPI,31,5,,4.1,7200
FD49725,29-05-2024,Wednesday,16,Snacks,Pune,Hinjewadi,Diya S.,Shawarma Street,Lebanese|Street Food,Hummus Platter|Falafel Wrap,Non-Veg,3,530,FEAST20,106,Card,43,4,,4.2,5300
FD49724,29-05-2024,Wednesday,14,Lunch,Delhi,Karol Bagh,Varun K.,Paratha Paradise,North Indian|Breakfast,Paneer Paratha|Aloo Paratha|Lassi,Veg,3,280,,0,UPI,35,4,,4.4,6100
FD49723,29-05-2024,Wednesday,12,Lunch,Mumbai,Colaba,Omkar S.,Pav Bhaji Point,Street Food|Maharashtrian,Pav Bhaji|Masala Chaas|Vada Pav,Veg,5,490,,0,UPI,42,4,,4.3,9600
FD49722,29-05-2024,Wednesday,8,Breakfast,Mumbai,Dadar,Aisha S.,Dosa Delight,South Indian,Masala Dosa|Medu Vada|Filter Coffee,Veg,4,330,WELCOME50,150,UPI,32,5,Delivered super fast.,4.5,12800
FD49721,29-05-2024,Wednesday,8,Breakfast,Bengaluru,Koramangala,Sana K.,Dosa Delight,South Indian,Masala Dosa|Filter Coffee,Veg,2,150,,0,UPI,37,,,4.5,12800
FD49720,29-05-2024,Wednesday,1,Late Night,Mumbai,Colaba,Aisha K.,Pav Bhaji Point,Street Food|Maharashtrian,Pav Bhaji|Misal Pav|Masala Chaas|Vada Pav,Veg,4,320,,0,UPI,38,4,,4.3,9600
FD49719,28-05-2024,Tuesday,23,Late Night,Bengaluru,MG Road,Pooja A.,The Healthy Bowl,Healthy Food|Salads,Protein Bowl|Quinoa Salad,Veg,4,1220,,0,UPI,31,3,,3.8,2100
FD49718,28-05-2024,Tuesday,21,Dinner,Pune,Baner,Riya K.,Pav Bhaji Point,Street Food|Maharashtrian,Misal Pav|Vada Pav,Veg,4,360,,0,UPI,50,3,,4.3,9600
FD49717,28-05-2024,Tuesday,19,Dinner,Pune,Baner,Gauri S.,Shawarma Street,Lebanese|Street Food,Falafel Wrap,Non-Veg,3,450,,0,UPI,40,5,,4.2,5300
FD49716,28-05-2024,Tuesday,18,Snacks,Delhi,Saket,Gauri S.,Cake Corner,Desserts|Bakery,Chocolate Truffle Cake,Veg,1,550,,0,UPI,29,5,,4.6,8900
FD49715,28-05-2024,Tuesday,17,Snacks,Delhi,Lajpat Nagar,Tanvi S.,Cake Corner,Desserts|Bakery,Chocolate Truffle Cake,Veg,1,550,FEAST20,110,UPI,34,4,,4.6,8900
FD49714,28-05-2024,Tuesday,14,Lunch,Bengaluru,Whitefield,Aditya A.,Dosa Delight,South Indian,Masala Dosa|Medu Vada,Veg,2,180,FEAST20,36,UPI,35,5,Worth every rupee.,4.5,12800
FD49713,28-05-2024,Tuesday,12,Lunch,Pune,Hinjewadi,Harsh K.,Thali Express,North Indian|Gujarati,Gujarati Thali|Veg Thali|Jalebi,Veg,3,580,,0,Cash,37,,,4.2,4700
FD49712,28-05-2024,Tuesday,7,Breakfast,Bengaluru,Whitefield,Rahul K.,Pizza Plaza,Pizza|Italian|Fast Food,Farmhouse Pizza|Margherita Pizza|Garlic Bread|Choco Lava Cake,Veg,4,876,,0,UPI,28,4,,4,16800
FD49711,27-05-2024,Monday,22,Dinner,Bengaluru,Indiranagar,Meera K.,Dosa Delight,South Indian,Medu Vada,Veg,1,70,,0,UPI,25,4,,4.5,12800
FD49710,27-05-2024,Monday,19,Dinner,Pune,Viman Nagar,Pranav K.,Burger Barn,Fast Food|American,Chicken Burger|Cheese Burger|Cold Coffee|French Fries,Non-Veg,4,569,FEAST20,113,UPI,35,5,,3.9,15100
FD49709,27-05-2024,Monday,19,Dinner,Hyderabad,Gachibowli,Harsh A.,Biryani Junction,Biryani|Hyderabadi|Mughlai,Chicken Biryani,Non-Veg,2,560,,0,UPI,36,5,,4.4,18400
FD49708,27-05-2024,Monday,19,Dinner,Mumbai,Andheri,Siddharth S.,Wok & Roll,Chinese|Thai,Chilli Chicken|Hakka Noodles,Non-Veg,2,400,,0,UPI,36,5,,4,6400
FD49707,27-05-2024,Monday,19,Dinner,Mumbai,Andheri,Diya K.,Pizza Plaza,Pizza|Italian|Fast Food,Margherita Pizza,Veg,1,249,,0,UPI,36,4,,4,16800
FD49706,27-05-2024,Monday,18,Snacks,Mumbai,Andheri,Nikhil A.,Cake Corner,Desserts|Bakery,Brownie,Veg,1,90,,0,Cash,30,5,,4.6,8900
FD49705,27-05-2024,Monday,17,Snacks,Bengaluru,Whitefield,Rahul A.,Shawarma Street,Lebanese|Street Food,Falafel Wrap|Chicken Shawarma,Non-Veg,2,290,FEAST20,58,Wallet,31,4,,4.2,5300
FD49704,27-05-2024,Monday,14,Lunch,Hyderabad,Gachibowli,Ananya K.,Burger Barn,Fast Food|American,Chicken Burger|French Fries,Non-Veg,3,479,,0,UPI,41,,,3.9,15100
FD49703,27-05-2024,Monday,12,Lunch,Delhi,Lajpat Nagar,Aditya K.,Tandoori Nights,North Indian|Mughlai,Butter Chicken|Paneer Tikka|Dal Makhani|Garlic Naan,Non-Veg,4,860,FEAST20,150,UPI,35,,,4.3,11200
FD49702,27-05-2024,Monday,8,Breakfast,Pune,Baner,Sneha S.,The Healthy Bowl,Healthy Food|Salads,Protein Bowl|Quinoa Salad|Fruit Smoothie,Veg,3,730,BIRYANI30,150,UPI,20,5,,3.8,2100
FD49701,27-05-2024,Monday,1,Late Night,Hyderabad,Secunderabad,Rahul S.,Biryani Junction,Biryani|Hyderabadi|Mughlai,Chicken Biryani|Double Ka Meetha|Raita,Non-Veg,3,410,,0,UPI,32,4,Best biryani in town!,4.4,18400
FD49700,27-05-2024,Monday,1,Late Night,Mumbai,Powai,Pranav K.,Biryani Junction,Biryani|Hyderabadi|Mughlai,Veg Biryani|Double Ka Meetha,Non-Veg,2,300,,0,UPI,27,5,,4.4,18400
FD49699,26-05-2024,Sunday,20,Dinner,Mumbai,Bandra,Arjun A.,Wok & Roll,Chinese|Thai,Chilli Chicken|Veg Manchurian,Non-Veg,4,850,,0,UPI,37,4,,4,6400
FD49698,26-05-2024,Sunday,18,Snacks,Delhi,Saket,Tanvi S.,Paratha Paradise,North Indian|Breakfast,Paneer Paratha|Aloo Paratha|Lassi,Veg,5,520,,0,Wallet,15,5,,4.4,6100
FD49697,26-05-2024,Sunday,18,Snacks,Bengaluru,MG Road,Varun K.,Dosa Delight,South Indian,Masala Dosa|Medu Vada|Idli Sambar|Filter Coffee,Veg,4,290,WEEKEND15,43,UPI,29,5,Worth every rupee.,4.5,12800
FD49696,26-05-2024,Sunday,16,Snacks,Pune,Hinjewadi,Harsh S.,Pav Bhaji Point,Street Food|Maharashtrian,Pav Bhaji|Misal Pav|Masala Chaas|Vada Pav,Veg,4,320,FEAST20,64,UPI,30,5,,4.3,9600
FD49695,26-05-2024,Sunday,13,Lunch,Pune,Kothrud,Kabir A.,Cake Corner,Desserts|Bakery,Chocolate Truffle Cake|Red Velvet Pastry|Brownie,Veg,4,1310,,0,UPI,52,4,,4.6,8900
FD49694,26-05-2024,Sunday,13,Lunch,Mumbai,Dadar,Riya K.,Biryani Junction,Biryani|Hyderabadi|Mughlai,Mutton Biryani,Non-Veg,1,360,,0,Wallet,37,5,Worth every rupee.,4.4,18400
FD49693,26-05-2024,Sunday,13,Lunch,Mumbai,Colaba,Aarav S.,Biryani Junction,Biryani|Hyderabadi|Mughlai,Mutton Biryani|Chicken Biryani|Double Ka Meetha,Non-Veg,3,730,WELCOME50,150,UPI,44,4,,4.4,18400
FD49692,26-05-2024,Sunday,8,Breakfast,Pune,Viman Nagar,Diya K.,Burger Barn,Fast Food|American,French Fries,Non-Veg,1,99,,0,UPI,38,4,Perfect for a late-night craving.,3.9,15100
FD49691,26-05-2024,Sunday,8,Breakfast,Delhi,Lajpat Nagar,Diya A.,Paratha Paradise,North Indian|Breakfast,Paneer Paratha,Veg,2,240,WEEKEND15,36,UPI,28,5,Delivered super fast.,4.4,6100
FD49690,26-05-2024,Sunday,0,Late Night,Hyderabad,Kukatpally,Isha K.,Shawarma Street,Lebanese|Street Food,Hummus Platter|Falafel Wrap|Chicken Shawarma,Non-Veg,5,860,,0,UPI,36,,,4.2,5300
FD49689,25-05-2024,Saturday,23,Late Night,Delhi,Saket,Kavya A.,Paratha Paradise,North Indian|Breakfast,Lassi,Veg,1,70,,0,Wallet,32,4,,4.4,6100
FD49688,25-05-2024,Saturday,19,Dinner,Pune,Hinjewadi,Neha K.,Pizza Plaza,Pizza|Italian|Fast Food,Farmhouse Pizza|Margherita Pizza|Garlic Bread|Choco Lava Cake,Veg,6,1674,,0,Card,28,5,,4,16800
FD49687,25-05-2024,Saturday,19,Dinner,Mumbai,Andheri,Yash A.,Tandoori Nights,North Indian|Mughlai,Paneer Tikka,Non-Veg,1,260,WELCOME50,130,UPI,32,5,,4.3,11200
FD49686,25-05-2024,Saturday,14,Lunch,Delhi,Connaught Place,Vihaan K.,Tandoori Nights,North Indian|Mughlai,Butter Chicken,Non-Veg,1,320,,0,UPI,22,5,,4.3,11200
FD49685,25-05-2024,Saturday,0,Late Night,Hyderabad,Gachibowli,Sneha S.,Biryani Junction,Biryani|Hyderabadi|Mughlai,Veg Biryani,Non-Veg,3,630,,0,UPI,56,2,Packaging was leaking.,4.4,18400
FD49684,24-05-2024,Friday,21,Dinner,Hyderabad,Ameerpet,Pranav K.,Biryani Junction,Biryani|Hyderabadi|Mughlai,Double Ka Meetha|Raita,Non-Veg,4,310,,0,UPI,21,5,,4.4,18400
FD49683,24-05-2024,Friday,19,Dinner,Delhi,Noida Sec 18,Pooja A.,Paratha Paradise,North Indian|Breakfast,Aloo Paratha|Lassi,Veg,3,250,,0,UPI,29,5,,4.4,6100
FD49682,24-05-2024,Friday,19,Dinner,Mumbai,Colaba,Nikhil K.,Biryani Junction,Biryani|Hyderabadi|Mughlai,Mutton Biryani|Chicken Biryani,Non-Veg,4,1360,,0,Card,17,5,,4.4,18400
FD49681,24-05-2024,Friday,14,Lunch,Delhi,Karol Bagh,Yash K.,Paratha Paradise,North Indian|Breakfast,Paneer Paratha|Aloo Paratha,Veg,2,210,,0,UPI,40,5,,4.4,6100
FD49680,24-05-2024,Friday,12,Lunch,Bengaluru,Electronic City,Omkar A.,Biryani Junction,Biryani|Hyderabadi|Mughlai,Mutton Biryani|Chicken Biryani,Non-Veg,4,1360,FEAST20,150,Cash,25,5,,4.4,18400
FD49679,24-05-2024,Friday,0,Late Night,Bengaluru,Koramangala,Diya A.,Pizza Plaza,Pizza|Italian|Fast Food,Farmhouse Pizza|Margherita Pizza|Garlic Bread|Choco Lava Cake,Veg,4,876,WELCOME50,150,UPI,24,5,,4,16800
FD49678,23-05-2024,Thursday,21,Dinner,Mumbai,Colaba,Pooja S.,Burger Barn,Fast Food|American,Cheese Burger|Cold Coffee|French Fries,Non-Veg,5,699,,0,UPI,32,4,Portion size was great.,3.9,15100
FD49677,23-05-2024,Thursday,20,Dinner,Mumbai,Thane,Siddharth S.,Wok & Roll,Chinese|Thai,Chilli Chicken|Hakka Noodles|Veg Manchurian,Non-Veg,3,560,BIRYANI30,150,UPI,30,5,,4,6400
FD49676,23-05-2024,Thursday,17,Snacks,Pune,Hinjewadi,Aarav K.,Shawarma Street,Lebanese|Street Food,Chicken Shawarma,Non-Veg,2,280,,0,Card,31,,,4.2,5300
FD49675,23-05-2024,Thursday,17,Snacks,Pune,Baner,Aisha K.,Cake Corner,Desserts|Bakery,Red Velvet Pastry,Veg,2,240,,0,Cash,34,3,,4.6,8900
FD49674,23-05-2024,Thursday,17,Snacks,Hyderabad,Gachibowli,Arjun K.,Chai & Snacks,Beverages|Snacks,Bun Maska,Veg,1,40,,0,UPI,22,4,,4.1,3900
FD49673,23-05-2024,Thursday,12,Lunch,Bengaluru,Whitefield,Kabir A.,Dosa Delight,South Indian,Masala Dosa|Idli Sambar|Filter Coffee,Veg,4,330,BIRYANI30,99,UPI,41,4,,4.5,12800
FD49672,23-05-2024,Thursday,1,Late Night,Delhi,Lajpat Nagar,Omkar K.,Paratha Paradise,North Indian|Breakfast,Paneer Paratha|Aloo Paratha|Lassi,Veg,3,280,FEAST20,56,UPI,32,3,Missing one item.,4.4,6100
FD49671,22-05-2024,Wednesday,21,Dinner,Hyderabad,Gachibowli,Omkar A.,Pizza Plaza,Pizza|Italian|Fast Food,Farmhouse Pizza|Choco Lava Cake,Veg,3,897,,0,UPI,44,3,Missing one item.,4,16800
FD49670,22-05-2024,Wednesday,20,Dinner,Pune,Baner,Kabir S.,Biryani Junction,Biryani|Hyderabadi|Mughlai,Chicken Biryani|Double Ka Meetha,Non-Veg,3,650,FEAST20,130,UPI,31,4,,4.4,18400
FD49669,22-05-2024,Wednesday,18,Snacks,Mumbai,Thane,Neha A.,Pav Bhaji Point,Street Food|Maharashtrian,Pav Bhaji|Masala Chaas|Vada Pav,Veg,4,350,,0,Card,23,5,,4.3,9600
FD49668,21-05-2024,Tuesday,21,Dinner,Delhi,Dwarka,Tanvi S.,Momo Mania,Tibetan|Chinese,Tandoori Momos|Thukpa|Fried Momos|Steamed Momos,Non-Veg,5,760,,0,UPI,35,4,,4.1,7200
FD49667,21-05-2024,Tuesday,19,Dinner,Mumbai,Powai,Varun A.,Burger Barn,Fast Food|American,Chicken Burger,Non-Veg,3,570,,0,UPI,41,3,Missing one item.,3.9,15100
FD49666,21-05-2024,Tuesday,18,Snacks,Mumbai,Thane,Arjun A.,Pav Bhaji Point,Street Food|Maharashtrian,Pav Bhaji|Misal Pav|Masala Chaas|Vada Pav,Veg,6,600,,0,UPI,33,5,,4.3,9600
FD49665,21-05-2024,Tuesday,14,Lunch,Mumbai,Colaba,Sneha K.,Biryani Junction,Biryani|Hyderabadi|Mughlai,Chicken Biryani|Double Ka Meetha,Non-Veg,2,370,,0,Card,38,4,,4.4,18400
FD49664,21-05-2024,Tuesday,12,Lunch,Mumbai,Bandra,Omkar K.,Pav Bhaji Point,Street Food|Maharashtrian,Pav Bhaji|Misal Pav|Masala Chaas|Vada Pav,Veg,5,460,,0,Cash,45,4,,4.3,9600
FD49663,21-05-2024,Tuesday,7,Breakfast,Pune,Shivajinagar,Rohan S.,Pav Bhaji Point,Street Food|Maharashtrian,Pav Bhaji,Veg,1,140,,0,Wallet,31,5,"Hot and tasty, loved it!",4.3,9600
FD49662,20-05-2024,Monday,18,Snacks,Delhi,Lajpat Nagar,Rohan A.,Tandoori Nights,North Indian|Mughlai,Butter Chicken|Dal Makhani,Non-Veg,2,540,,0,Cash,12,5,,4.3,11200
FD49661,20-05-2024,Monday,14,Lunch,Hyderabad,HITEC City,Arjun K.,Dosa Delight,South Indian,Masala Dosa|Idli Sambar,Veg,2,180,,0,UPI,37,4,,4.5,12800
FD49660,20-05-2024,Monday,13,Lunch,Delhi,Connaught Place,Nidhi A.,Tandoori Nights,North Indian|Mughlai,Butter Chicken|Paneer Tikka,Non-Veg,2,580,,0,UPI,45,4,,4.3,11200
FD49659,20-05-2024,Monday,8,Breakfast,Pune,Kothrud,Rahul S.,Pav Bhaji Point,Street Food|Maharashtrian,Misal Pav|Masala Chaas|Vada Pav,Veg,4,290,,0,Card,20,5,,4.3,9600
FD49658,19-05-2024,Sunday,22,Dinner,Mumbai,Thane,Gauri A.,Wok & Roll,Chinese|Thai,Hakka Noodles|Veg Manchurian,Non-Veg,2,330,FEAST20,66,Cash,36,5,,4,6400
FD49657,19-05-2024,Sunday,21,Dinner,Pune,Shivajinagar,Omkar K.,Burger Barn,Fast Food|American,Cheese Burger,Non-Veg,1,160,,0,Card,40,,,3.9,15100
FD49656,19-05-2024,Sunday,19,Dinner,Hyderabad,Kukatpally,Aisha S.,Burger Barn,Fast Food|American,Chicken Burger|Cheese Burger|Cold Coffee|French Fries,Non-Veg,6,949,WEEKEND15,142,UPI,18,4,"Hot and tasty, loved it!",3.9,15100
FD49655,19-05-2024,Sunday,18,Snacks,Bengaluru,MG Road,Kavya K.,Dosa Delight,South Indian,Idli Sambar|Medu Vada,Veg,3,210,,0,Card,27,5,,4.5,12800
FD49654,19-05-2024,Sunday,17,Snacks,Hyderabad,Secunderabad,Karan K.,Chai & Snacks,Beverages|Snacks,Kanda Bhaji|Bun Maska|Masala Chai|Samosa,Veg,4,155,,0,UPI,30,5,,4.1,3900
FD49653,19-05-2024,Sunday,13,Lunch,Pune,Kothrud,Sneha S.,Pav Bhaji Point,Street Food|Maharashtrian,Pav Bhaji|Misal Pav|Masala Chaas|Vada Pav,Veg,4,320,,0,Cash,50,4,Perfect for a late-night craving.,4.3,9600
FD49652,19-05-2024,Sunday,9,Breakfast,Bengaluru,Electronic City,Isha A.,Dosa Delight,South Indian,Masala Dosa|Medu Vada,Veg,2,180,,0,UPI,35,5,,4.5,12800
FD49651,19-05-2024,Sunday,7,Breakfast,Pune,Hadapsar,Siddharth S.,Chai & Snacks,Beverages|Snacks,Kanda Bhaji|Masala Chai,Veg,4,210,,0,UPI,28,4,Perfect for a late-night craving.,4.1,3900
FD49650,19-05-2024,Sunday,1,Late Night,Mumbai,Andheri,Sana K.,Burger Barn,Fast Food|American,Cheese Burger|Cold Coffee,Non-Veg,2,280,,0,UPI,34,4,Perfect for a late-night craving.,3.9,15100
FD49649,18-05-2024,Saturday,23,Late Night,Hyderabad,Ameerpet,Kavya K.,Cake Corner,Desserts|Bakery,Cupcake,Veg,3,210,FEAST20,42,Card,46,4,"Hot and tasty, loved it!",4.6,8900
FD49648,18-05-2024,Saturday,22,Dinner,Mumbai,Dadar,Nikhil A.,Wok & Roll,Chinese|Thai,Chilli Chicken|Hakka Noodles|Veg Manchurian,Non-Veg,3,560,,0,UPI,33,4,,4,6400
FD49647,18-05-2024,Saturday,22,Dinner,Pune,Shivajinagar,Aisha A.,Pav Bhaji Point,Street Food|Maharashtrian,Pav Bhaji|Misal Pav|Masala Chaas,Veg,4,430,,0,UPI,42,3,,4.3,9600
FD49646,18-05-2024,Saturday,20,Dinner,Mumbai,Colaba,Siddharth A.,Pizza Plaza,Pizza|Italian|Fast Food,Farmhouse Pizza|Margherita Pizza|Choco Lava Cake,Veg,3,747,,0,UPI,43,4,,4,16800
FD49645,18-05-2024,Saturday,19,Dinner,Delhi,Karol Bagh,Meera S.,Paratha Paradise,North Indian|Breakfast,Paneer Paratha|Aloo Paratha|Lassi,Veg,5,520,WELCOME50,150,Card,33,5,,4.4,6100
FD49644,18-05-2024,Saturday,16,Snacks,Delhi,Noida Sec 18,Rahul K.,Paratha Paradise,North Indian|Breakfast,Aloo Paratha,Veg,1,90,FEAST20,18,Cash,31,5,,4.4,6100
FD49643,18-05-2024,Saturday,14,Lunch,Bengaluru,Electronic City,Gauri S.,Biryani Junction,Biryani|Hyderabadi|Mughlai,Chicken Biryani|Double Ka Meetha|Raita,Non-Veg,3,410,BIRYANI30,123,Wallet,37,3,,4.4,18400
FD49642,18-05-2024,Saturday,14,Lunch,Bengaluru,Whitefield,Kabir S.,Biryani Junction,Biryani|Hyderabadi|Mughlai,Chicken Biryani|Veg Biryani|Double Ka Meetha|Raita,Non-Veg,5,900,WELCOME50,150,UPI,27,,,4.4,18400
FD49641,18-05-2024,Saturday,14,Lunch,Pune,Shivajinagar,Kavya K.,Pav Bhaji Point,Street Food|Maharashtrian,Misal Pav|Masala Chaas,Veg,2,150,FEAST20,30,UPI,24,4,,4.3,9600
FD49640,18-05-2024,Saturday,12,Lunch,Mumbai,Colaba,Pranav K.,Pav Bhaji Point,Street Food|Maharashtrian,Pav Bhaji|Misal Pav|Vada Pav,Veg,5,560,WELCOME50,150,Cash,43,5,Portion size was great.,4.3,9600
FD49639,18-05-2024,Saturday,12,Lunch,Pune,Kothrud,Pooja A.,Pav Bhaji Point,Street Food|Maharashtrian,Pav Bhaji|Misal Pav|Masala Chaas|Vada Pav,Veg,5,460,BIRYANI30,138,Cash,46,4,Delivered super fast.,4.3,9600
FD49638,18-05-2024,Saturday,8,Breakfast,Pune,Hinjewadi,Neha S.,Pav Bhaji Point,Street Food|Maharashtrian,Vada Pav,Veg,2,60,WEEKEND15,9,UPI,35,5,,4.3,9600
FD49637,18-05-2024,Saturday,7,Breakfast,Bengaluru,HSR Layout,Sneha S.,Dosa Delight,South Indian,Masala Dosa|Filter Coffee,Veg,2,150,BIRYANI30,45,UPI,46,4,,4.5,12800
FD49636,18-05-2024,Saturday,1,Late Night,Delhi,Dwarka,Aarav A.,Cake Corner,Desserts|Bakery,Chocolate Truffle Cake|Brownie,Veg,2,640,,0,UPI,39,5,,4.6,8900
FD49635,18-05-2024,Saturday,1,Late Night,Pune,Viman Nagar,Aisha A.,Pizza Plaza,Pizza|Italian|Fast Food,Margherita Pizza,Veg,2,498,,0,Wallet,39,3,,4,16800
FD49634,17-05-2024,Friday,22,Dinner,Bengaluru,HSR Layout,Siddharth K.,Pizza Plaza,Pizza|Italian|Fast Food,Choco Lava Cake,Veg,1,99,,0,Wallet,19,5,,4,16800
FD49633,17-05-2024,Friday,18,Snacks,Pune,Viman Nagar,Sneha K.,The Healthy Bowl,Healthy Food|Salads,Protein Bowl,Veg,1,320,,0,UPI,31,5,Worth every rupee.,3.8,2100
FD49632,17-05-2024,Friday,16,Snacks,Delhi,Connaught Place,Harsh S.,Chai & Snacks,Beverages|Snacks,Kanda Bhaji|Bun Maska|Masala Chai|Samosa,Veg,4,155,,0,UPI,27,5,,4.1,3900
FD49631,17-05-2024,Friday,14,Lunch,Delhi,Connaught Place,Vihaan K.,Tandoori Nights,North Indian|Mughlai,Butter Chicken|Garlic Naan,Non-Veg,4,1020,FEAST20,150,Card,27,5,,4.3,11200
FD49630,17-05-2024,Friday,13,Lunch,Mumbai,Colaba,Arjun K.,Burger Barn,Fast Food|American,Cheese Burger,Non-Veg,3,480,,0,UPI,32,4,,3.9,15100
FD49629,17-05-2024,Friday,13,Lunch,Delhi,Lajpat Nagar,Gauri K.,Tandoori Nights,North Indian|Mughlai,Butter Chicken|Paneer Tikka,Non-Veg,3,900,FEAST20,150,UPI,44,4,"Hot and tasty, loved it!",4.3,11200
FD49628,17-05-2024,Friday,8,Breakfast,Pune,Baner,Diya K.,Pav Bhaji Point,Street Food|Maharashtrian,Pav Bhaji|Masala Chaas,Veg,3,320,,0,Cash,23,,,4.3,9600
FD49627,17-05-2024,Friday,0,Late Night,Mumbai,Thane,Yash K.,Biryani Junction,Biryani|Hyderabadi|Mughlai,Chicken Biryani|Raita,Non-Veg,2,320,WELCOME50,150,UPI,29,5,"Hot and tasty, loved it!",4.4,18400
FD49626,16-05-2024,Thursday,20,Dinner,Mumbai,Dadar,Ananya A.,Pav Bhaji Point,Street Food|Maharashtrian,Pav Bhaji|Misal Pav,Veg,4,530,FEAST20,106,Card,31,5,,4.3,9600
FD49625,16-05-2024,Thursday,16,Snacks,Mumbai,Dadar,Gauri K.,Burger Barn,Fast Food|American,Cheese Burger|Cold Coffee,Non-Veg,3,440,,0,Card,38,5,,3.9,15100
FD49624,16-05-2024,Thursday,13,Lunch,Hyderabad,HITEC City,Pooja A.,Dosa Delight,South Indian,Masala Dosa|Medu Vada|Filter Coffee,Veg,3,220,,0,Card,25,5,,4.5,12800
FD49623,16-05-2024,Thursday,9,Breakfast,Delhi,Dwarka,Karan K.,Chai & Snacks,Beverages|Snacks,Samosa,Veg,2,50,,0,Card,27,5,"Hot and tasty, loved it!",4.1,3900
FD49622,15-05-2024,Wednesday,23,Late Night,Delhi,Connaught Place,Isha A.,Paratha Paradise,North Indian|Breakfast,Paneer Paratha|Lassi,Veg,2,190,,0,UPI,37,5,,4.4,6100
FD49621,15-05-2024,Wednesday,23,Late Night,Pune,Viman Nagar,Nidhi S.,Pizza Plaza,Pizza|Italian|Fast Food,Farmhouse Pizza|Margherita Pizza|Garlic Bread,Veg,5,1575,,0,UPI,31,5,,4,16800
FD49620,15-05-2024,Wednesday,14,Lunch,Pune,Viman Nagar,Varun K.,Tandoori Nights,North Indian|Mughlai,Butter Chicken|Dal Makhani,Non-Veg,2,540,FEAST20,108,UPI,39,4,,4.3,11200
FD49619,15-05-2024,Wednesday,14,Lunch,Bengaluru,Koramangala,Aarav S.,Dosa Delight,South Indian,Masala Dosa|Idli Sambar|Medu Vada|Filter Coffee,Veg,5,400,,0,Cash,32,5,,4.5,12800
FD49618,15-05-2024,Wednesday,13,Lunch,Mumbai,Bandra,Sana S.,Biryani Junction,Biryani|Hyderabadi|Mughlai,Mutton Biryani|Chicken Biryani|Veg Biryani|Double Ka Meetha,Non-Veg,5,1300,,0,Cash,27,5,,4.4,18400
FD49617,15-05-2024,Wednesday,12,Lunch,Pune,Viman Nagar,Karan A.,Momo Mania,Tibetan|Chinese,Thukpa,Non-Veg,2,320,BIRYANI30,96,UPI,46,3,,4.1,7200
FD49616,15-05-2024,Wednesday,9,Breakfast,Hyderabad,Secunderabad,Vihaan A.,Biryani Junction,Biryani|Hyderabadi|Mughlai,Chicken Biryani|Veg Biryani,Non-Veg,4,1050,,0,Cash,32,4,"Hot and tasty, loved it!",4.4,18400
FD49615,15-05-2024,Wednesday,1,Late Night,Delhi,Karol Bagh,Varun K.,Pizza Plaza,Pizza|Italian|Fast Food,Margherita Pizza,Veg,1,249,FEAST20,49,UPI,37,5,,4,16800
FD49614,14-05-2024,Tuesday,22,Dinner,Mumbai,Powai,Ananya K.,Biryani Junction,Biryani|Hyderabadi|Mughlai,Mutton Biryani|Veg Biryani|Raita,Non-Veg,5,1330,,0,UPI,38,3,,4.4,18400
FD49613,14-05-2024,Tuesday,22,Dinner,Pune,Hadapsar,Isha K.,Tandoori Nights,North Indian|Mughlai,Butter Chicken|Paneer Tikka|Dal Makhani,Non-Veg,4,1120,,0,Wallet,35,,,4.3,11200
FD49612,14-05-2024,Tuesday,22,Dinner,Delhi,Karol Bagh,Rohan K.,Paratha Paradise,North Indian|Breakfast,Aloo Paratha|Lassi,Veg,4,340,,0,UPI,37,4,,4.4,6100
FD49611,14-05-2024,Tuesday,22,Dinner,Bengaluru,Whitefield,Sneha S.,Biryani Junction,Biryani|Hyderabadi|Mughlai,Chicken Biryani,Non-Veg,1,280,,0,Card,36,5,,4.4,18400
FD49610,14-05-2024,Tuesday,20,Dinner,Mumbai,Andheri,Pooja K.,Burger Barn,Fast Food|American,Cold Coffee,Non-Veg,3,360,,0,Cash,48,,,3.9,15100
FD49609,14-05-2024,Tuesday,18,Snacks,Mumbai,Bandra,Aarav S.,Pav Bhaji Point,Street Food|Maharashtrian,Pav Bhaji|Misal Pav|Masala Chaas,Veg,3,290,,0,UPI,26,5,,4.3,9600
FD49608,14-05-2024,Tuesday,17,Snacks,Hyderabad,Ameerpet,Riya A.,Chai & Snacks,Beverages|Snacks,Kanda Bhaji,Veg,1,60,,0,Cash,25,,,4.1,3900
FD49607,13-05-2024,Monday,23,Late Night,Mumbai,Bandra,Harsh S.,Biryani Junction,Biryani|Hyderabadi|Mughlai,Chicken Biryani,Non-Veg,1,280,,0,UPI,34,5,Worth every rupee.,4.4,18400
FD49606,13-05-2024,Monday,23,Late Night,Pune,Hadapsar,Yash K.,Biryani Junction,Biryani|Hyderabadi|Mughlai,Mutton Biryani|Chicken Biryani|Veg Biryani,Non-Veg,5,1570,WELCOME50,150,UPI,24,4,Perfect for a late-night craving.,4.4,18400
FD49605,13-05-2024,Monday,22,Dinner,Pune,Hinjewadi,Nikhil K.,Biryani Junction,Biryani|Hyderabadi|Mughlai,Chicken Biryani,Non-Veg,3,840,BIRYANI30,150,UPI,31,4,Perfect for a late-night craving.,4.4,18400
FD49604,13-05-2024,Monday,21,Dinner,Bengaluru,Indiranagar,Rahul K.,Cake Corner,Desserts|Bakery,Chocolate Truffle Cake|Red Velvet Pastry|Cupcake,Veg,3,740,,0,Card,35,5,,4.6,8900
FD49603,13-05-2024,Monday,21,Dinner,Delhi,Karol Bagh,Riya S.,Paratha Paradise,North Indian|Breakfast,Paneer Paratha|Aloo Paratha|Lassi,Veg,3,280,,0,UPI,30,4,,4.4,6100
FD49602,13-05-2024,Monday,19,Dinner,Pune,Hadapsar,Meera S.,Pizza Plaza,Pizza|Italian|Fast Food,Margherita Pizza,Veg,2,498,WELCOME50,150,Card,41,5,,4,16800
FD49601,13-05-2024,Monday,17,Snacks,Bengaluru,Whitefield,Priya S.,Dosa Delight,South Indian,Masala Dosa|Medu Vada|Filter Coffee,Veg,3,220,WELCOME50,110,UPI,21,4,"Hot and tasty, loved it!",4.5,12800
FD49600,13-05-2024,Monday,16,Snacks,Pune,Hadapsar,Kabir A.,Momo Mania,Tibetan|Chinese,Tandoori Momos|Fried Momos|Steamed Momos,Non-Veg,3,430,,0,Card,28,5,,4.1,7200
FD49599,13-05-2024,Monday,12,Lunch,Pune,Kothrud,Neha S.,Biryani Junction,Biryani|Hyderabadi|Mughlai,Chicken Biryani|Veg Biryani|Double Ka Meetha,Non-Veg,4,860,,0,UPI,32,5,"Hot and tasty, loved it!",4.4,18400
FD49598,13-05-2024,Monday,1,Late Night,Mumbai,Bandra,Varun K.,Chai & Snacks,Beverages|Snacks,Kanda Bhaji|Masala Chai|Samosa,Veg,4,175,,0,Card,25,5,"Hot and tasty, loved it!",4.1,3900
FD49597,12-05-2024,Sunday,23,Late Night,Mumbai,Bandra,Riya K.,Biryani Junction,Biryani|Hyderabadi|Mughlai,Mutton Biryani|Chicken Biryani|Double Ka Meetha|Raita,Non-Veg,4,770,,0,UPI,43,3,Delivery took too long.,4.4,18400
FD49596,12-05-2024,Sunday,22,Dinner,Mumbai,Bandra,Neha K.,Wok & Roll,Chinese|Thai,Hakka Noodles|Veg Manchurian|Fried Rice,Non-Veg,4,660,WELCOME50,150,Card,43,5,,4,6400
FD49595,12-05-2024,Sunday,21,Dinner,Hyderabad,Gachibowli,Priya A.,Burger Barn,Fast Food|American,Chicken Burger,Non-Veg,1,190,,0,UPI,34,5,"Hot and tasty, loved it!",3.9,15100
FD49594,12-05-2024,Sunday,21,Dinner,Mumbai,Powai,Nikhil K.,Pav Bhaji Point,Street Food|Maharashtrian,Pav Bhaji|Misal Pav|Masala Chaas|Vada Pav,Veg,6,600,,0,UPI,24,5,Portion size was great.,4.3,9600
FD49593,12-05-2024,Sunday,21,Dinner,Delhi,Connaught Place,Diya A.,Tandoori Nights,North Indian|Mughlai,Butter Chicken|Paneer Tikka|Dal Makhani|Garlic Naan,Non-Veg,6,1500,BIRYANI30,150,UPI,38,4,Portion size was great.,4.3,11200
FD49592,12-05-2024,Sunday,18,Snacks,Mumbai,Dadar,Diya S.,Pav Bhaji Point,Street Food|Maharashtrian,Pav Bhaji|Misal Pav|Masala Chaas,Veg,3,290,FEAST20,58,UPI,30,5,"Hot and tasty, loved it!",4.3,9600
FD49591,12-05-2024,Sunday,16,Snacks,Mumbai,Thane,Neha A.,Pav Bhaji Point,Street Food|Maharashtrian,Pav Bhaji|Masala Chaas|Vada Pav,Veg,5,490,WELCOME50,150,Wallet,28,4,,4.3,9600
FD49590,12-05-2024,Sunday,16,Snacks,Mumbai,Colaba,Siddharth S.,Cake Corner,Desserts|Bakery,Chocolate Truffle Cake|Red Velvet Pastry|Brownie|Cupcake,Veg,5,1380,,0,UPI,38,5,,4.6,8900
FD49589,12-05-2024,Sunday,14,Lunch,Mumbai,Andheri,Diya A.,Wok & Roll,Chinese|Thai,Chilli Chicken|Hakka Noodles|Fried Rice|Veg Manchurian,Non-Veg,6,1180,,0,UPI,32,4,,4,6400
FD49588,12-05-2024,Sunday,13,Lunch,Mumbai,Colaba,Yash K.,Pav Bhaji Point,Street Food|Maharashtrian,Pav Bhaji|Misal Pav,Veg,2,250,,0,UPI,30,4,,4.3,9600
FD49587,12-05-2024,Sunday,9,Breakfast,Hyderabad,Gachibowli,Isha K.,Biryani Junction,Biryani|Hyderabadi|Mughlai,Mutton Biryani,Non-Veg,1,360,,0,Cash,38,3,Too spicy for me.,4.4,18400
FD49586,12-05-2024,Sunday,7,Breakfast,Mumbai,Bandra,Aarav K.,Pav Bhaji Point,Street Food|Maharashtrian,Masala Chaas,Veg,2,80,,0,UPI,37,,,4.3,9600
FD49585,11-05-2024,Saturday,23,Late Night,Pune,Baner,Priya K.,Biryani Junction,Biryani|Hyderabadi|Mughlai,Mutton Biryani|Veg Biryani,Non-Veg,3,930,,0,UPI,36,5,Perfect for a late-night craving.,4.4,18400
FD49584,11-05-2024,Saturday,20,Dinner,Delhi,Dwarka,Aarav A.,Burger Barn,Fast Food|American,Cheese Burger|Cold Coffee|French Fries,Non-Veg,5,699,WEEKEND15,104,UPI,42,5,"Hot and tasty, loved it!",3.9,15100
FD49583,11-05-2024,Saturday,16,Snacks,Mumbai,Thane,Pranav A.,Pav Bhaji Point,Street Food|Maharashtrian,Misal Pav|Masala Chaas,Veg,2,150,,0,UPI,48,,,4.3,9600
FD49582,11-05-2024,Saturday,16,Snacks,Pune,Viman Nagar,Harsh K.,Shawarma Street,Lebanese|Street Food,Falafel Wrap|Chicken Shawarma,Non-Veg,3,440,WEEKEND15,66,UPI,49,,,4.2,5300
FD49581,11-05-2024,Saturday,13,Lunch,Mumbai,Powai,Sneha S.,Cake Corner,Desserts|Bakery,Chocolate Truffle Cake|Red Velvet Pastry|Brownie,Veg,3,760,,0,Cash,38,4,Portion size was great.,4.6,8900
FD49580,11-05-2024,Saturday,13,Lunch,Pune,Kothrud,Meera S.,Pav Bhaji Point,Street Food|Maharashtrian,Pav Bhaji|Masala Chaas|Vada Pav,Veg,4,350,WELCOME50,150,Card,43,3,,4.3,9600
FD49579,11-05-2024,Saturday,12,Lunch,Delhi,Saket,Pooja A.,Paratha Paradise,North Indian|Breakfast,Paneer Paratha|Aloo Paratha|Lassi,Veg,3,280,,0,UPI,27,5,,4.4,6100
FD49578,11-05-2024,Saturday,9,Breakfast,Pune,Viman Nagar,Isha A.,Chai & Snacks,Beverages|Snacks,Bun Maska|Masala Chai,Veg,4,150,,0,UPI,34,5,,4.1,3900
FD49577,10-05-2024,Friday,22,Dinner,Delhi,Dwarka,Arjun A.,Paratha Paradise,North Indian|Breakfast,Paneer Paratha|Aloo Paratha,Veg,3,330,,0,Card,40,3,,4.4,6100
FD49576,10-05-2024,Friday,19,Dinner,Bengaluru,Koramangala,Karan K.,Biryani Junction,Biryani|Hyderabadi|Mughlai,Veg Biryani|Raita,Non-Veg,2,250,,0,Wallet,38,4,,4.4,18400
FD49575,10-05-2024,Friday,18,Snacks,Mumbai,Bandra,Aisha A.,Chai & Snacks,Beverages|Snacks,Kanda Bhaji|Bun Maska|Masala Chai|Samosa,Veg,6,275,,0,Card,26,5,,4.1,3900
FD49574,10-05-2024,Friday,18,Snacks,Delhi,Noida Sec 18,Tanvi K.,Paratha Paradise,North Indian|Breakfast,Aloo Paratha|Lassi,Veg,3,250,,0,Cash,37,5,,4.4,6100
FD49573,10-05-2024,Friday,16,Snacks,Mumbai,Andheri,Ananya K.,Pav Bhaji Point,Street Food|Maharashtrian,Pav Bhaji|Misal Pav|Masala Chaas|Vada Pav,Veg,5,460,,0,UPI,21,4,Worth every rupee.,4.3,9600
FD49572,10-05-2024,Friday,12,Lunch,Delhi,Connaught Place,Gauri K.,Burger Barn,Fast Food|American,Chicken Burger|Cheese Burger|Cold Coffee|French Fries,Non-Veg,4,569,,0,UPI,29,4,,3.9,15100
FD49571,09-05-2024,Thursday,23,Late Night,Mumbai,Thane,Pranav S.,Biryani Junction,Biryani|Hyderabadi|Mughlai,Chicken Biryani|Veg Biryani|Raita,Non-Veg,4,810,,0,UPI,31,4,,4.4,18400
FD49570,09-05-2024,Thursday,22,Dinner,Mumbai,Colaba,Siddharth K.,Burger Barn,Fast Food|American,Chicken Burger|Cheese Burger|Cold Coffee,Non-Veg,3,470,FEAST20,94,Card,44,4,,3.9,15100
FD49569,09-05-2024,Thursday,20,Dinner,Bengaluru,HSR Layout,Sneha A.,Dosa Delight,South Indian,Masala Dosa|Medu Vada,Veg,2,180,,0,Card,28,5,,4.5,12800
FD49568,09-05-2024,Thursday,17,Snacks,Delhi,Dwarka,Karan A.,Momo Mania,Tibetan|Chinese,Tandoori Momos|Thukpa|Fried Momos|Steamed Momos,Non-Veg,5,760,,0,UPI,37,4,,4.1,7200
FD49567,09-05-2024,Thursday,17,Snacks,Hyderabad,Kukatpally,Kavya K.,Shawarma Street,Lebanese|Street Food,Chicken Shawarma,Non-Veg,1,140,,0,UPI,31,5,,4.2,5300
FD49566,09-05-2024,Thursday,16,Snacks,Pune,Baner,Priya A.,Momo Mania,Tibetan|Chinese,Thukpa|Fried Momos|Steamed Momos,Non-Veg,4,580,BIRYANI30,150,Card,18,5,Delivered super fast.,4.1,7200
FD49565,09-05-2024,Thursday,14,Lunch,Delhi,Dwarka,Kavya A.,Chai & Snacks,Beverages|Snacks,Kanda Bhaji|Bun Maska|Masala Chai|Samosa,Veg,5,215,,0,Card,33,,,4.1,3900
FD49564,09-05-2024,Thursday,12,Lunch,Bengaluru,Indiranagar,Nidhi A.,Dosa Delight,South Indian,Masala Dosa,Veg,3,330,,0,Cash,37,3,,4.5,12800
FD49563,09-05-2024,Thursday,12,Lunch,Mumbai,Thane,Arjun S.,Pav Bhaji Point,Street Food|Maharashtrian,Pav Bhaji|Misal Pav|Masala Chaas|Vada Pav,Veg,4,320,,0,UPI,32,5,"Hot and tasty, loved it!",4.3,9600
FD49562,08-05-2024,Wednesday,18,Snacks,Hyderabad,Gachibowli,Isha A.,Cake Corner,Desserts|Bakery,Red Velvet Pastry,Veg,1,120,FEAST20,24,UPI,23,4,,4.6,8900
FD49561,08-05-2024,Wednesday,18,Snacks,Hyderabad,HITEC City,Vihaan A.,Cake Corner,Desserts|Bakery,Chocolate Truffle Cake,Veg,3,1650,,0,UPI,19,4,,4.6,8900
FD49560,08-05-2024,Wednesday,17,Snacks,Bengaluru,Indiranagar,Riya S.,Cake Corner,Desserts|Bakery,Chocolate Truffle Cake|Red Velvet Pastry|Brownie,Veg,3,760,,0,Card,19,5,,4.6,8900
FD49559,08-05-2024,Wednesday,17,Snacks,Mumbai,Colaba,Yash A.,Chai & Snacks,Beverages|Snacks,Kanda Bhaji|Masala Chai|Samosa,Veg,5,235,WELCOME50,117,Card,23,5,,4.1,3900
FD49558,08-05-2024,Wednesday,13,Lunch,Pune,Baner,Aisha A.,Biryani Junction,Biryani|Hyderabadi|Mughlai,Mutton Biryani,Non-Veg,1,360,FEAST20,72,Cash,27,4,,4.4,18400
FD49557,08-05-2024,Wednesday,12,Lunch,Pune,Baner,Kabir K.,Biryani Junction,Biryani|Hyderabadi|Mughlai,Chicken Biryani|Double Ka Meetha|Raita,Non-Veg,3,410,,0,UPI,31,5,Perfect for a late-night craving.,4.4,18400
FD49556,08-05-2024,Wednesday,8,Breakfast,Pune,Hadapsar,Rahul S.,Chai & Snacks,Beverages|Snacks,Kanda Bhaji|Bun Maska|Masala Chai|Samosa,Veg,4,155,,0,Cash,23,5,,4.1,3900
FD49555,08-05-2024,Wednesday,7,Breakfast,Bengaluru,Indiranagar,Vihaan A.,Dosa Delight,South Indian,Filter Coffee,Veg,3,120,,0,UPI,23,5,,4.5,12800
FD49554,08-05-2024,Wednesday,7,Breakfast,Delhi,Saket,Tanvi A.,Paratha Paradise,North Indian|Breakfast,Paneer Paratha|Aloo Paratha|Lassi,Veg,3,280,FEAST20,56,Card,23,5,,4.4,6100
FD49553,07-05-2024,Tuesday,23,Late Night,Bengaluru,HSR Layout,Kabir K.,Cake Corner,Desserts|Bakery,Chocolate Truffle Cake,Veg,1,550,,0,UPI,28,5,,4.6,8900
FD49552,07-05-2024,Tuesday,22,Dinner,Delhi,Karol Bagh,Karan A.,Cake Corner,Desserts|Bakery,Chocolate Truffle Cake|Red Velvet Pastry|Brownie|Cupcake,Veg,6,1930,,0,UPI,30,5,Portion size was great.,4.6,8900
FD49551,07-05-2024,Tuesday,21,Dinner,Bengaluru,HSR Layout,Tanvi S.,Burger Barn,Fast Food|American,Chicken Burger|Cheese Burger,Non-Veg,4,730,,0,UPI,21,5,,3.9,15100
FD49550,07-05-2024,Tuesday,21,Dinner,Mumbai,Colaba,Vihaan S.,The Healthy Bowl,Healthy Food|Salads,Protein Bowl|Quinoa Salad,Veg,3,900,FEAST20,150,Card,33,3,,3.8,2100
FD49549,07-05-2024,Tuesday,19,Dinner,Pune,Baner,Riya S.,Wok & Roll,Chinese|Thai,Fried Rice,Non-Veg,2,320,,0,UPI,35,4,,4,6400
FD49548,07-05-2024,Tuesday,19,Dinner,Pune,Kothrud,Meera A.,Biryani Junction,Biryani|Hyderabadi|Mughlai,Chicken Biryani|Veg Biryani|Double Ka Meetha,Non-Veg,4,860,FEAST20,150,UPI,30,5,,4.4,18400
FD49547,07-05-2024,Tuesday,18,Snacks,Mumbai,Dadar,Harsh A.,Pav Bhaji Point,Street Food|Maharashtrian,Misal Pav,Veg,2,220,,0,Card,36,5,,4.3,9600
FD49546,07-05-2024,Tuesday,14,Lunch,Hyderabad,HITEC City,Rahul K.,Biryani Junction,Biryani|Hyderabadi|Mughlai,Chicken Biryani|Veg Biryani|Double Ka Meetha,Non-Veg,3,580,,0,Card,32,4,,4.4,18400
FD49545,07-05-2024,Tuesday,13,Lunch,Pune,Hinjewadi,Kabir A.,Burger Barn,Fast Food|American,Chicken Burger|Cheese Burger|Cold Coffee|French Fries,Non-Veg,4,569,,0,Card,37,4,,3.9,15100
FD49544,07-05-2024,Tuesday,9,Breakfast,Hyderabad,Gachibowli,Priya K.,Dosa Delight,South Indian,Medu Vada,Veg,1,70,FEAST20,14,Cash,27,5,,4.5,12800
FD49543,07-05-2024,Tuesday,1,Late Night,Delhi,Karol Bagh,Karan S.,Cake Corner,Desserts|Bakery,Chocolate Truffle Cake|Brownie|Cupcake,Veg,5,1810,,0,UPI,37,4,,4.6,8900
FD49542,07-05-2024,Tuesday,0,Late Night,Pune,Viman Nagar,Gauri S.,Burger Barn,Fast Food|American,Chicken Burger|Cheese Burger|Cold Coffee|French Fries,Non-Veg,4,569,,0,UPI,42,5,,3.9,15100
FD49541,06-05-2024,Monday,23,Late Night,Delhi,Saket,Priya K.,Paratha Paradise,North Indian|Breakfast,Aloo Paratha,Veg,1,90,,0,Wallet,34,4,,4.4,6100
FD49540,06-05-2024,Monday,21,Dinner,Bengaluru,Koramangala,Siddharth K.,Wok & Roll,Chinese|Thai,Chilli Chicken|Hakka Noodles|Fried Rice,Non-Veg,5,1020,,0,Card,22,3,Packaging was leaking.,4,6400
FD49539,06-05-2024,Monday,21,Dinner,Pune,Viman Nagar,Gauri S.,Pav Bhaji Point,Street Food|Maharashtrian,Pav Bhaji|Misal Pav|Masala Chaas|Vada Pav,Veg,4,320,,0,UPI,32,4,,4.3,9600
FD49538,06-05-2024,Monday,21,Dinner,Bengaluru,Electronic City,Omkar S.,Burger Barn,Fast Food|American,Chicken Burger|Cheese Burger|Cold Coffee|French Fries,Non-Veg,4,569,,0,UPI,20,5,,3.9,15100
FD49537,06-05-2024,Monday,20,Dinner,Mumbai,Bandra,Karan S.,Pav Bhaji Point,Street Food|Maharashtrian,Pav Bhaji|Misal Pav|Masala Chaas|Vada Pav,Veg,4,320,,0,UPI,21,5,Portion size was great.,4.3,9600
FD49536,06-05-2024,Monday,18,Snacks,Pune,Baner,Nidhi S.,Shawarma Street,Lebanese|Street Food,Chicken Shawarma,Non-Veg,2,280,,0,Card,23,5,,4.2,5300
FD49535,06-05-2024,Monday,18,Snacks,Bengaluru,Indiranagar,Pooja S.,Dosa Delight,South Indian,Idli Sambar,Veg,2,140,,0,UPI,40,,,4.5,12800
FD49534,06-05-2024,Monday,18,Snacks,Mumbai,Colaba,Ananya A.,Pav Bhaji Point,Street Food|Maharashtrian,Pav Bhaji|Masala Chaas|Vada Pav,Veg,3,210,,0,UPI,20,,,4.3,9600
FD49533,06-05-2024,Monday,16,Snacks,Bengaluru,Indiranagar,Riya A.,Cake Corner,Desserts|Bakery,Red Velvet Pastry|Brownie|Cupcake,Veg,3,280,FEAST20,56,Card,24,5,,4.6,8900
FD49532,06-05-2024,Monday,1,Late Night,Mumbai,Bandra,Omkar A.,Dosa Delight,South Indian,Filter Coffee,Veg,3,120,,0,UPI,39,,,4.5,12800
FD49531,05-05-2024,Sunday,22,Dinner,Mumbai,Bandra,Rahul S.,Wok & Roll,Chinese|Thai,Hakka Noodles,Non-Veg,1,170,WEEKEND15,25,UPI,24,5,,4,6400
FD49530,05-05-2024,Sunday,22,Dinner,Pune,Hadapsar,Karan A.,Pizza Plaza,Pizza|Italian|Fast Food,Margherita Pizza|Garlic Bread|Choco Lava Cake,Veg,3,477,,0,Card,43,,,4,16800
FD49529,05-05-2024,Sunday,21,Dinner,Mumbai,Powai,Nikhil A.,Burger Barn,Fast Food|American,Chicken Burger|Cheese Burger|Cold Coffee,Non-Veg,3,470,,0,UPI,30,5,,3.9,15100
FD49528,05-05-2024,Sunday,19,Dinner,Bengaluru,Koramangala,Nidhi K.,Momo Mania,Tibetan|Chinese,Tandoori Momos|Thukpa|Fried Momos|Steamed Momos,Non-Veg,6,930,,0,UPI,25,5,,4.1,7200
FD49527,05-05-2024,Sunday,19,Dinner,Mumbai,Andheri,Yash A.,Biryani Junction,Biryani|Hyderabadi|Mughlai,Double Ka Meetha,Non-Veg,2,180,,0,Wallet,38,3,,4.4,18400
FD49526,05-05-2024,Sunday,16,Snacks,Bengaluru,HSR Layout,Diya S.,Dosa Delight,South Indian,Masala Dosa|Medu Vada|Filter Coffee,Veg,3,220,,0,UPI,44,4,,4.5,12800
FD49525,05-05-2024,Sunday,14,Lunch,Mumbai,Bandra,Tanvi S.,Thali Express,North Indian|Gujarati,Veg Thali,Veg,1,240,,0,Cash,30,,,4.2,4700
FD49524,05-05-2024,Sunday,14,Lunch,Pune,Hinjewadi,Aarav A.,Biryani Junction,Biryani|Hyderabadi|Mughlai,Double Ka Meetha|Raita,Non-Veg,3,220,,0,UPI,35,5,,4.4,18400
FD49523,04-05-2024,Saturday,22,Dinner,Pune,Shivajinagar,Gauri S.,Pav Bhaji Point,Street Food|Maharashtrian,Pav Bhaji|Misal Pav|Masala Chaas|Vada Pav,Veg,4,320,WELCOME50,150,UPI,39,4,,4.3,9600
FD49522,04-05-2024,Saturday,19,Dinner,Pune,Kothrud,Sneha K.,Tandoori Nights,North Indian|Mughlai,Butter Chicken|Dal Makhani,Non-Veg,2,540,,0,Wallet,31,,,4.3,11200
FD49521,04-05-2024,Saturday,19,Dinner,Mumbai,Dadar,Neha A.,Wok & Roll,Chinese|Thai,Hakka Noodles|Fried Rice,Non-Veg,4,670,,0,UPI,26,5,,4,6400
FD49520,04-05-2024,Saturday,14,Lunch,Mumbai,Powai,Nikhil A.,Pizza Plaza,Pizza|Italian|Fast Food,Margherita Pizza,Veg,1,249,,0,Cash,42,,,4,16800
FD49519,04-05-2024,Saturday,12,Lunch,Hyderabad,Secunderabad,Nidhi A.,Biryani Junction,Biryani|Hyderabadi|Mughlai,Chicken Biryani,Non-Veg,1,280,FEAST20,56,UPI,33,5,,4.4,18400
FD49518,04-05-2024,Saturday,9,Breakfast,Pune,Hadapsar,Nikhil A.,The Healthy Bowl,Healthy Food|Salads,Quinoa Salad,Veg,1,260,,0,Card,38,4,,3.8,2100
FD49517,04-05-2024,Saturday,1,Late Night,Pune,Kothrud,Rahul A.,Pav Bhaji Point,Street Food|Maharashtrian,Pav Bhaji,Veg,1,140,,0,Cash,36,5,,4.3,9600
FD49516,03-05-2024,Friday,21,Dinner,Delhi,Karol Bagh,Karan K.,Momo Mania,Tibetan|Chinese,Tandoori Momos|Fried Momos,Non-Veg,3,480,,0,UPI,35,3,Delivery took too long.,4.1,7200
FD49515,03-05-2024,Friday,21,Dinner,Bengaluru,Indiranagar,Neha K.,Dosa Delight,South Indian,Masala Dosa|Idli Sambar,Veg,2,180,,0,Card,40,,,4.5,12800
FD49514,03-05-2024,Friday,16,Snacks,Pune,Kothrud,Sana K.,Burger Barn,Fast Food|American,Cheese Burger|Cold Coffee,Non-Veg,2,280,,0,UPI,24,,,3.9,15100
FD49513,03-05-2024,Friday,13,Lunch,Pune,Shivajinagar,Kabir K.,Biryani Junction,Biryani|Hyderabadi|Mughlai,Mutton Biryani|Chicken Biryani|Veg Biryani|Double Ka Meetha,Non-Veg,6,1660,,0,UPI,41,5,,4.4,18400
FD49512,03-05-2024,Friday,13,Lunch,Delhi,Saket,Nidhi K.,Tandoori Nights,North Indian|Mughlai,Butter Chicken,Non-Veg,3,960,,0,UPI,26,,,4.3,11200
FD49511,03-05-2024,Friday,12,Lunch,Bengaluru,Electronic City,Pranav K.,Dosa Delight,South Indian,Masala Dosa,Veg,3,330,,0,UPI,36,4,Portion size was great.,4.5,12800
FD49510,03-05-2024,Friday,12,Lunch,Mumbai,Dadar,Nikhil A.,Chai & Snacks,Beverages|Snacks,Kanda Bhaji|Bun Maska|Masala Chai|Samosa,Veg,4,155,FEAST20,31,UPI,36,4,"Hot and tasty, loved it!",4.1,3900
FD49509,03-05-2024,Friday,7,Breakfast,Bengaluru,MG Road,Sneha K.,Dosa Delight,South Indian,Masala Dosa|Idli Sambar|Filter Coffee,Veg,3,220,FEAST20,44,Card,36,5,Perfect for a late-night craving.,4.5,12800
FD49508,03-05-2024,Friday,1,Late Night,Hyderabad,Secunderabad,Aarav K.,Biryani Junction,Biryani|Hyderabadi|Mughlai,Mutton Biryani|Veg Biryani,Non-Veg,2,570,WELCOME50,150,Cash,37,5,,4.4,18400
FD49507,03-05-2024,Friday,1,Late Night,Bengaluru,HSR Layout,Nidhi A.,The Healthy Bowl,Healthy Food|Salads,Protein Bowl|Quinoa Salad|Fruit Smoothie,Veg,5,1370,,0,UPI,34,,,3.8,2100
FD49506,02-05-2024,Thursday,22,Dinner,Bengaluru,Indiranagar,Meera S.,Biryani Junction,Biryani|Hyderabadi|Mughlai,Chicken Biryani|Double Ka Meetha|Raita,Non-Veg,5,970,,0,UPI,32,4,Portion size was great.,4.4,18400
FD49505,02-05-2024,Thursday,20,Dinner,Bengaluru,MG Road,Nikhil S.,Burger Barn,Fast Food|American,Chicken Burger|Cheese Burger|Cold Coffee,Non-Veg,3,470,,0,UPI,37,4,Perfect for a late-night craving.,3.9,15100
FD49504,02-05-2024,Thursday,20,Dinner,Pune,Shivajinagar,Varun K.,Wok & Roll,Chinese|Thai,Hakka Noodles,Non-Veg,1,170,,0,UPI,36,4,Perfect for a late-night craving.,4,6400
FD49503,02-05-2024,Thursday,19,Dinner,Pune,Hadapsar,Ananya K.,Chai & Snacks,Beverages|Snacks,Bun Maska|Masala Chai|Samosa,Veg,3,95,FEAST20,19,UPI,30,5,"Hot and tasty, loved it!",4.1,3900
FD49502,02-05-2024,Thursday,19,Dinner,Bengaluru,MG Road,Rohan K.,Biryani Junction,Biryani|Hyderabadi|Mughlai,Mutton Biryani|Chicken Biryani|Veg Biryani|Raita,Non-Veg,4,890,FEAST20,150,Card,41,4,,4.4,18400
FD49501,02-05-2024,Thursday,16,Snacks,Mumbai,Andheri,Omkar S.,Chai & Snacks,Beverages|Snacks,Masala Chai|Samosa,Veg,4,115,,0,UPI,21,5,"Hot and tasty, loved it!",4.1,3900
FD49500,02-05-2024,Thursday,14,Lunch,Pune,Baner,Riya A.,Pav Bhaji Point,Street Food|Maharashtrian,Pav Bhaji|Masala Chaas,Veg,3,320,BIRYANI30,96,Card,30,4,,4.3,9600
FD49499,02-05-2024,Thursday,13,Lunch,Pune,Baner,Neha A.,Thali Express,North Indian|Gujarati,Veg Thali,Veg,2,480,,0,UPI,38,3,,4.2,4700
FD49498,02-05-2024,Thursday,8,Breakfast,Pune,Hinjewadi,Rahul A.,Pav Bhaji Point,Street Food|Maharashtrian,Pav Bhaji,Veg,2,280,WELCOME50,140,Wallet,25,4,,4.3,9600
FD49497,02-05-2024,Thursday,0,Late Night,Delhi,Saket,Gauri A.,Paratha Paradise,North Indian|Breakfast,Paneer Paratha,Veg,1,120,FEAST20,24,UPI,36,4,,4.4,6100
FD49496,01-05-2024,Wednesday,22,Dinner,Mumbai,Colaba,Rohan S.,Burger Barn,Fast Food|American,Cheese Burger,Non-Veg,1,160,,0,UPI,49,2,Delivery took too long.,3.9,15100
FD49495,01-05-2024,Wednesday,20,Dinner,Pune,Viman Nagar,Gauri K.,Pav Bhaji Point,Street Food|Maharashtrian,Pav Bhaji|Masala Chaas|Vada Pav,Veg,4,350,,0,Wallet,29,4,,4.3,9600
FD49494,01-05-2024,Wednesday,18,Snacks,Mumbai,Thane,Kabir S.,Pav Bhaji Point,Street Food|Maharashtrian,Misal Pav,Veg,3,330,,0,UPI,40,5,,4.3,9600
FD49493,01-05-2024,Wednesday,18,Snacks,Hyderabad,Secunderabad,Sneha K.,Shawarma Street,Lebanese|Street Food,Hummus Platter|Chicken Shawarma,Non-Veg,4,710,,0,UPI,37,3,Too spicy for me.,4.2,5300
FD49492,01-05-2024,Wednesday,18,Snacks,Mumbai,Powai,Kabir S.,Cake Corner,Desserts|Bakery,Brownie,Veg,1,90,,0,UPI,35,4,,4.6,8900
FD49491,01-05-2024,Wednesday,14,Lunch,Pune,Kothrud,Harsh A.,Biryani Junction,Biryani|Hyderabadi|Mughlai,Chicken Biryani|Veg Biryani|Raita,Non-Veg,3,530,FEAST20,106,UPI,36,5,"Hot and tasty, loved it!",4.4,18400
FD49490,01-05-2024,Wednesday,13,Lunch,Pune,Shivajinagar,Siddharth K.,Biryani Junction,Biryani|Hyderabadi|Mughlai,Veg Biryani,Non-Veg,3,630,FEAST20,126,Card,43,4,Perfect for a late-night craving.,4.4,18400
FD49489,01-05-2024,Wednesday,12,Lunch,Delhi,Saket,Karan A.,Tandoori Nights,North Indian|Mughlai,Butter Chicken|Paneer Tikka|Garlic Naan,Non-Veg,3,640,WELCOME50,150,UPI,48,3,,4.3,11200
FD49488,01-05-2024,Wednesday,0,Late Night,Pune,Hinjewadi,Yash K.,Cake Corner,Desserts|Bakery,Chocolate Truffle Cake|Red Velvet Pastry|Brownie|Cupcake,Veg,4,830,,0,Card,40,5,Worth every rupee.,4.6,8900
FD49487,30-04-2024,Tuesday,23,Late Night,Mumbai,Dadar,Omkar S.,Pizza Plaza,Pizza|Italian|Fast Food,Margherita Pizza,Veg,1,249,,0,Cash,30,4,,4,16800
FD49486,30-04-2024,Tuesday,21,Dinner,Pune,Hadapsar,Sneha A.,Tandoori Nights,North Indian|Mughlai,Butter Chicken|Paneer Tikka,Non-Veg,2,580,,0,UPI,38,5,,4.3,11200
FD49485,30-04-2024,Tuesday,21,Dinner,Pune,Shivajinagar,Omkar A.,Pav Bhaji Point,Street Food|Maharashtrian,Pav Bhaji|Masala Chaas,Veg,2,180,WELCOME50,90,UPI,26,5,,4.3,9600
FD49484,30-04-2024,Tuesday,19,Dinner,Pune,Viman Nagar,Nikhil A.,Pizza Plaza,Pizza|Italian|Fast Food,Margherita Pizza|Choco Lava Cake,Veg,4,846,,0,UPI,34,4,,4,16800
FD49483,30-04-2024,Tuesday,19,Dinner,Bengaluru,Electronic City,Harsh A.,Wok & Roll,Chinese|Thai,Veg Manchurian,Non-Veg,3,480,,0,Cash,37,,,4,6400
FD49482,30-04-2024,Tuesday,18,Snacks,Mumbai,Bandra,Diya A.,Chai & Snacks,Beverages|Snacks,Bun Maska|Masala Chai|Samosa,Veg,3,95,,0,Card,19,5,,4.1,3900
FD49481,30-04-2024,Tuesday,14,Lunch,Pune,Shivajinagar,Aisha S.,Chai & Snacks,Beverages|Snacks,Bun Maska,Veg,2,80,,0,UPI,30,4,,4.1,3900
FD49480,30-04-2024,Tuesday,12,Lunch,Mumbai,Thane,Nikhil A.,Pav Bhaji Point,Street Food|Maharashtrian,Pav Bhaji,Veg,1,140,,0,UPI,39,,,4.3,9600
FD49479,29-04-2024,Monday,23,Late Night,Bengaluru,HSR Layout,Nikhil S.,Wok & Roll,Chinese|Thai,Hakka Noodles|Veg Manchurian,Non-Veg,3,500,,0,UPI,43,4,,4,6400
FD49478,29-04-2024,Monday,20,Dinner,Delhi,Saket,Nidhi S.,Chai & Snacks,Beverages|Snacks,Bun Maska|Masala Chai,Veg,4,150,,0,Cash,49,,,4.1,3900
FD49477,29-04-2024,Monday,20,Dinner,Pune,Shivajinagar,Rahul S.,Pizza Plaza,Pizza|Italian|Fast Food,Garlic Bread|Choco Lava Cake,Veg,2,228,,0,UPI,41,4,"Hot and tasty, loved it!",4,16800
FD49476,29-04-2024,Monday,20,Dinner,Bengaluru,Electronic City,Arjun A.,Pizza Plaza,Pizza|Italian|Fast Food,Farmhouse Pizza|Margherita Pizza|Choco Lava Cake,Veg,5,1545,,0,Cash,24,5,,4,16800
FD49475,29-04-2024,Monday,18,Snacks,Pune,Hadapsar,Harsh A.,Pizza Plaza,Pizza|Italian|Fast Food,Farmhouse Pizza|Margherita Pizza|Choco Lava Cake,Veg,3,747,,0,UPI,25,,,4,16800
FD49474,29-04-2024,Monday,18,Snacks,Bengaluru,Whitefield,Aditya K.,Momo Mania,Tibetan|Chinese,Tandoori Momos|Thukpa|Fried Momos|Steamed Momos,Non-Veg,6,930,FEAST20,150,UPI,24,5,,4.1,7200
FD49473,29-04-2024,Monday,17,Snacks,Hyderabad,Secunderabad,Siddharth S.,Cake Corner,Desserts|Bakery,Chocolate Truffle Cake,Veg,1,550,BIRYANI30,150,Card,25,,,4.6,8900
FD49472,29-04-2024,Monday,14,Lunch,Mumbai,Bandra,Harsh A.,Biryani Junction,Biryani|Hyderabadi|Mughlai,Mutton Biryani|Chicken Biryani|Veg Biryani,Non-Veg,3,850,,0,UPI,34,5,Perfect for a late-night craving.,4.4,18400
FD49471,29-04-2024,Monday,13,Lunch,Pune,Hadapsar,Neha A.,Thali Express,North Indian|Gujarati,Gujarati Thali|Veg Thali,Veg,2,520,,0,UPI,26,5,,4.2,4700
FD49470,29-04-2024,Monday,12,Lunch,Hyderabad,Ameerpet,Arjun A.,Biryani Junction,Biryani|Hyderabadi|Mughlai,Double Ka Meetha,Non-Veg,1,90,,0,Card,25,,,4.4,18400
FD49469,29-04-2024,Monday,9,Breakfast,Mumbai,Bandra,Kavya S.,Pav Bhaji Point,Street Food|Maharashtrian,Pav Bhaji,Veg,1,140,,0,UPI,28,4,Perfect for a late-night craving.,4.3,9600
FD49468,29-04-2024,Monday,8,Breakfast,Hyderabad,Kukatpally,Nikhil A.,Dosa Delight,South Indian,Masala Dosa|Filter Coffee,Veg,3,260,,0,UPI,26,,,4.5,12800
FD49467,29-04-2024,Monday,7,Breakfast,Delhi,Dwarka,Harsh K.,Chai & Snacks,Beverages|Snacks,Bun Maska|Masala Chai|Samosa,Veg,5,175,,0,Cash,23,,,4.1,3900
FD49466,28-04-2024,Sunday,19,Dinner,Mumbai,Dadar,Harsh A.,Pav Bhaji Point,Street Food|Maharashtrian,Pav Bhaji|Vada Pav,Veg,2,170,,0,Card,27,5,,4.3,9600
FD49465,28-04-2024,Sunday,19,Dinner,Delhi,Noida Sec 18,Rohan S.,Wok & Roll,Chinese|Thai,Hakka Noodles|Fried Rice,Non-Veg,3,500,,0,UPI,41,5,,4,6400
FD49464,28-04-2024,Sunday,19,Dinner,Pune,Shivajinagar,Gauri S.,Thali Express,North Indian|Gujarati,Gujarati Thali|Veg Thali|Jalebi,Veg,3,580,WEEKEND15,87,UPI,23,4,,4.2,4700
FD49463,28-04-2024,Sunday,16,Snacks,Hyderabad,Gachibowli,Neha S.,Biryani Junction,Biryani|Hyderabadi|Mughlai,Mutton Biryani|Chicken Biryani|Veg Biryani|Double Ka Meetha,Non-Veg,4,940,,0,Card,40,4,"Hot and tasty, loved it!",4.4,18400
FD49462,28-04-2024,Sunday,9,Breakfast,Mumbai,Colaba,Isha S.,The Healthy Bowl,Healthy Food|Salads,Quinoa Salad|Fruit Smoothie,Veg,2,410,,0,Card,34,4,,3.8,2100
FD49461,28-04-2024,Sunday,9,Breakfast,Pune,Baner,Kabir S.,Pizza Plaza,Pizza|Italian|Fast Food,Farmhouse Pizza|Margherita Pizza|Choco Lava Cake,Veg,3,747,,0,UPI,42,4,,4,16800
FD49460,28-04-2024,Sunday,8,Breakfast,Delhi,Karol Bagh,Tanvi A.,Paratha Paradise,North Indian|Breakfast,Paneer Paratha,Veg,1,120,WELCOME50,60,UPI,33,4,"Hot and tasty, loved it!",4.4,6100
FD49459,27-04-2024,Saturday,21,Dinner,Delhi,Lajpat Nagar,Tanvi S.,Tandoori Nights,North Indian|Mughlai,Butter Chicken|Paneer Tikka|Dal Makhani|Garlic Naan,Non-Veg,4,860,WEEKEND15,129,Wallet,30,,,4.3,11200
FD49458,27-04-2024,Saturday,20,Dinner,Mumbai,Thane,Pranav S.,Pav Bhaji Point,Street Food|Maharashtrian,Pav Bhaji|Misal Pav|Vada Pav,Veg,3,280,,0,UPI,34,5,,4.3,9600
FD49457,27-04-2024,Saturday,16,Snacks,Pune,Baner,Arjun K.,Cake Corner,Desserts|Bakery,Chocolate Truffle Cake|Red Velvet Pastry|Brownie|Cupcake,Veg,4,830,FEAST20,150,UPI,36,,,4.6,8900
FD49456,27-04-2024,Saturday,14,Lunch,Pune,Baner,Karan K.,Pav Bhaji Point,Street Food|Maharashtrian,Pav Bhaji,Veg,1,140,,0,UPI,42,5,,4.3,9600
FD49455,26-04-2024,Friday,21,Dinner,Pune,Baner,Varun K.,Burger Barn,Fast Food|American,Chicken Burger|Cheese Burger|French Fries,Non-Veg,4,639,WELCOME50,150,Card,28,5,,3.9,15100
FD49454,26-04-2024,Friday,19,Dinner,Bengaluru,MG Road,Nikhil S.,Pizza Plaza,Pizza|Italian|Fast Food,Farmhouse Pizza|Margherita Pizza|Garlic Bread|Choco Lava Cake,Veg,5,1275,FEAST20,150,UPI,43,3,Missing one item.,4,16800
FD49453,26-04-2024,Friday,19,Dinner,Delhi,Karol Bagh,Nidhi A.,Chai & Snacks,Beverages|Snacks,Bun Maska|Masala Chai|Samosa,Veg,3,95,,0,UPI,22,,,4.1,3900
FD49452,26-04-2024,Friday,19,Dinner,Mumbai,Powai,Diya A.,Pizza Plaza,Pizza|Italian|Fast Food,Margherita Pizza|Choco Lava Cake,Veg,3,597,BIRYANI30,150,Cash,34,3,Food arrived cold.,4,16800
FD49451,26-04-2024,Friday,19,Dinner,Bengaluru,Indiranagar,Sana S.,Burger Barn,Fast Food|American,Cold Coffee,Non-Veg,3,360,,0,Card,26,4,,3.9,15100
FD49450,26-04-2024,Friday,18,Snacks,Pune,Kothrud,Kavya S.,Pav Bhaji Point,Street Food|Maharashtrian,Pav Bhaji,Veg,1,140,WELCOME50,70,UPI,28,4,,4.3,9600
FD49449,26-04-2024,Friday,18,Snacks,Bengaluru,Whitefield,Nidhi K.,Dosa Delight,South Indian,Masala Dosa|Idli Sambar|Medu Vada|Filter Coffee,Veg,4,290,,0,UPI,33,4,,4.5,12800
FD49448,26-04-2024,Friday,13,Lunch,Hyderabad,Kukatpally,Ananya K.,Dosa Delight,South Indian,Idli Sambar|Medu Vada,Veg,4,280,,0,UPI,41,5,,4.5,12800
FD49447,26-04-2024,Friday,12,Lunch,Mumbai,Andheri,Omkar K.,Biryani Junction,Biryani|Hyderabadi|Mughlai,Mutton Biryani|Chicken Biryani,Non-Veg,3,1000,,0,UPI,33,4,,4.4,18400
FD49446,26-04-2024,Friday,12,Lunch,Bengaluru,Koramangala,Pranav K.,Dosa Delight,South Indian,Masala Dosa|Idli Sambar,Veg,2,180,FEAST20,36,UPI,42,5,,4.5,12800
FD49445,26-04-2024,Friday,9,Breakfast,Mumbai,Bandra,Sana A.,Chai & Snacks,Beverages|Snacks,Masala Chai,Veg,3,90,FEAST20,18,UPI,23,5,,4.1,3900
FD49444,25-04-2024,Thursday,22,Dinner,Bengaluru,Whitefield,Rohan S.,Biryani Junction,Biryani|Hyderabadi|Mughlai,Mutton Biryani|Chicken Biryani|Veg Biryani|Double Ka Meetha,Non-Veg,5,1300,BIRYANI30,150,UPI,20,,,4.4,18400
FD49443,25-04-2024,Thursday,20,Dinner,Pune,Hadapsar,Diya S.,Tandoori Nights,North Indian|Mughlai,Butter Chicken|Dal Makhani|Garlic Naan,Non-Veg,4,920,BIRYANI30,150,UPI,42,4,,4.3,11200
FD49442,25-04-2024,Thursday,18,Snacks,Pune,Baner,Varun A.,Shawarma Street,Lebanese|Street Food,Chicken Shawarma,Non-Veg,1,140,BIRYANI30,42,UPI,28,5,,4.2,5300
FD49441,25-04-2024,Thursday,17,Snacks,Mumbai,Thane,Harsh A.,Pav Bhaji Point,Street Food|Maharashtrian,Pav Bhaji|Misal Pav|Masala Chaas|Vada Pav,Veg,6,600,,0,UPI,36,5,Delivered super fast.,4.3,9600
FD49440,25-04-2024,Thursday,17,Snacks,Mumbai,Powai,Riya A.,Cake Corner,Desserts|Bakery,Red Velvet Pastry,Veg,3,360,,0,UPI,31,4,,4.6,8900
FD49439,25-04-2024,Thursday,9,Breakfast,Bengaluru,Whitefield,Aisha A.,Burger Barn,Fast Food|American,Chicken Burger|Cheese Burger|French Fries,Non-Veg,3,449,,0,UPI,28,5,,3.9,15100
FD49438,25-04-2024,Thursday,8,Breakfast,Mumbai,Thane,Rohan K.,Chai & Snacks,Beverages|Snacks,Kanda Bhaji|Bun Maska|Masala Chai,Veg,4,190,WELCOME50,95,Card,27,,,4.1,3900
FD49437,25-04-2024,Thursday,0,Late Night,Pune,Shivajinagar,Harsh K.,Burger Barn,Fast Food|American,Cheese Burger|Cold Coffee,Non-Veg,2,280,,0,UPI,41,,,3.9,15100
FD49436,24-04-2024,Wednesday,22,Dinner,Pune,Hadapsar,Nidhi A.,Tandoori Nights,North Indian|Mughlai,Butter Chicken|Dal Makhani,Non-Veg,4,1180,,0,UPI,34,4,,4.3,11200
FD49435,24-04-2024,Wednesday,16,Snacks,Pune,Shivajinagar,Varun A.,Pav Bhaji Point,Street Food|Maharashtrian,Pav Bhaji,Veg,1,140,,0,UPI,42,,,4.3,9600
FD49434,24-04-2024,Wednesday,16,Snacks,Mumbai,Powai,Siddharth A.,Cake Corner,Desserts|Bakery,Chocolate Truffle Cake|Red Velvet Pastry|Brownie|Cupcake,Veg,4,830,,0,UPI,25,4,"Hot and tasty, loved it!",4.6,8900
FD49433,24-04-2024,Wednesday,9,Breakfast,Delhi,Noida Sec 18,Aisha S.,Chai & Snacks,Beverages|Snacks,Kanda Bhaji|Bun Maska|Masala Chai|Samosa,Veg,4,155,,0,UPI,24,4,Portion size was great.,4.1,3900
FD49432,24-04-2024,Wednesday,8,Breakfast,Delhi,Saket,Omkar K.,Paratha Paradise,North Indian|Breakfast,Aloo Paratha|Lassi,Veg,2,160,,0,Cash,33,5,"Hot and tasty, loved it!",4.4,6100
FD49431,24-04-2024,Wednesday,7,Breakfast,Mumbai,Andheri,Meera S.,Pav Bhaji Point,Street Food|Maharashtrian,Pav Bhaji|Vada Pav,Veg,4,450,,0,UPI,35,5,,4.3,9600
FD49430,24-04-2024,Wednesday,0,Late Night,Hyderabad,HITEC City,Sneha S.,Cake Corner,Desserts|Bakery,Chocolate Truffle Cake|Red Velvet Pastry|Cupcake,Veg,3,740,FEAST20,148,Card,30,3,Packaging was leaking.,4.6,8900
FD49429,23-04-2024,Tuesday,22,Dinner,Pune,Baner,Sana A.,The Healthy Bowl,Healthy Food|Salads,Protein Bowl|Quinoa Salad|Fruit Smoothie,Veg,5,1370,,0,UPI,29,5,,3.8,2100
FD49428,23-04-2024,Tuesday,21,Dinner,Pune,Kothrud,Meera S.,Biryani Junction,Biryani|Hyderabadi|Mughlai,Mutton Biryani|Chicken Biryani|Double Ka Meetha|Raita,Non-Veg,5,1130,,0,UPI,32,4,Perfect for a late-night craving.,4.4,18400
FD49427,23-04-2024,Tuesday,20,Dinner,Delhi,Lajpat Nagar,Neha K.,Wok & Roll,Chinese|Thai,Chilli Chicken|Hakka Noodles|Fried Rice|Veg Manchurian,Non-Veg,6,1180,,0,Card,39,4,,4,6400
FD49426,23-04-2024,Tuesday,19,Dinner,Hyderabad,Kukatpally,Karan S.,Pizza Plaza,Pizza|Italian|Fast Food,Margherita Pizza,Veg,1,249,,0,Cash,42,3,,4,16800
FD49425,23-04-2024,Tuesday,14,Lunch,Pune,Viman Nagar,Omkar S.,Tandoori Nights,North Indian|Mughlai,Butter Chicken|Paneer Tikka|Dal Makhani|Garlic Naan,Non-Veg,4,860,BIRYANI30,150,Cash,23,5,,4.3,11200
FD49424,23-04-2024,Tuesday,14,Lunch,Mumbai,Andheri,Pranav K.,Tandoori Nights,North Indian|Mughlai,Butter Chicken|Paneer Tikka|Dal Makhani|Garlic Naan,Non-Veg,6,1500,,0,UPI,37,,,4.3,11200
FD49423,23-04-2024,Tuesday,9,Breakfast,Pune,Shivajinagar,Arjun A.,Pav Bhaji Point,Street Food|Maharashtrian,Pav Bhaji|Misal Pav|Masala Chaas|Vada Pav,Veg,4,320,,0,UPI,27,3,,4.3,9600
FD49423,23-04-2024,Tuesday,9,Breakfast,Pune,Shivajinagar,Arjun A.,Pav Bhaji Point,Street Food|Maharashtrian,Pav Bhaji|Misal Pav|Masala Chaas|Vada Pav,Veg,4,320,,0,UPI,27,3,,4.3,9600
FD49422,23-04-2024,Tuesday,0,Late Night,Hyderabad,HITEC City,Sneha A.,Cake Corner,Desserts|Bakery,Cupcake,Veg,3,210,FEAST20,42,Card,42,5,,4.6,8900
FD49421,22-04-2024,Monday,18,Snacks,Mumbai,Bandra,Neha K.,Pav Bhaji Point,Street Food|Maharashtrian,Pav Bhaji|Misal Pav|Masala Chaas|Vada Pav,Veg,5,460,,0,Cash,29,,,4.3,9600
FD49420,22-04-2024,Monday,18,Snacks,Mumbai,Dadar,Pooja K.,Cake Corner,Desserts|Bakery,Chocolate Truffle Cake|Red Velvet Pastry|Brownie,Veg,4,1310,,0,UPI,20,5,"Hot and tasty, loved it!",4.6,8900
FD49419,22-04-2024,Monday,18,Snacks,Mumbai,Powai,Omkar A.,Pav Bhaji Point,Street Food|Maharashtrian,Pav Bhaji|Vada Pav,Veg,2,170,,0,UPI,28,5,,4.3,9600
FD49418,22-04-2024,Monday,14,Lunch,Pune,Kothrud,Yash K.,Thali Express,North Indian|Gujarati,Gujarati Thali,Veg,1,280,,0,Card,33,4,Portion size was great.,4.2,4700
FD49417,22-04-2024,Monday,14,Lunch,Hyderabad,Ameerpet,Aarav K.,Burger Barn,Fast Food|American,Chicken Burger|Cheese Burger,Non-Veg,2,350,BIRYANI30,105,UPI,32,5,,3.9,15100
FD49416,22-04-2024,Monday,12,Lunch,Bengaluru,Indiranagar,Kavya K.,Cake Corner,Desserts|Bakery,Chocolate Truffle Cake|Red Velvet Pastry|Brownie|Cupcake,Veg,4,830,,0,Card,47,,,4.6,8900
FD49415,22-04-2024,Monday,12,Lunch,Mumbai,Thane,Priya S.,Thali Express,North Indian|Gujarati,Veg Thali|Jalebi,Veg,2,300,,0,UPI,34,4,,4.2,4700
FD49414,22-04-2024,Monday,9,Breakfast,Pune,Kothrud,Ananya A.,The Healthy Bowl,Healthy Food|Salads,Protein Bowl|Quinoa Salad|Fruit Smoothie,Veg,3,730,,0,Cash,14,,,3.8,2100
FD49413,21-04-2024,Sunday,22,Dinner,Delhi,Dwarka,Priya A.,Paratha Paradise,North Indian|Breakfast,Paneer Paratha|Aloo Paratha,Veg,3,330,,0,Card,30,4,,4.4,6100
FD49412,21-04-2024,Sunday,21,Dinner,Pune,Hinjewadi,Kabir S.,Biryani Junction,Biryani|Hyderabadi|Mughlai,Veg Biryani|Double Ka Meetha|Raita,Non-Veg,3,340,WELCOME50,150,Cash,35,4,"Hot and tasty, loved it!",4.4,18400
FD49411,21-04-2024,Sunday,20,Dinner,Pune,Hinjewadi,Varun A.,Pav Bhaji Point,Street Food|Maharashtrian,Masala Chaas,Veg,1,40,FEAST20,8,UPI,39,4,"Hot and tasty, loved it!",4.3,9600
FD49410,21-04-2024,Sunday,19,Dinner,Delhi,Dwarka,Tanvi A.,Paratha Paradise,North Indian|Breakfast,Aloo Paratha|Lassi,Veg,3,250,,0,UPI,33,5,Worth every rupee.,4.4,6100
FD49409,21-04-2024,Sunday,19,Dinner,Mumbai,Dadar,Neha K.,Pav Bhaji Point,Street Food|Maharashtrian,Pav Bhaji,Veg,2,280,FEAST20,56,UPI,33,4,,4.3,9600
FD49408,21-04-2024,Sunday,12,Lunch,Mumbai,Bandra,Meera K.,Dosa Delight,South Indian,Masala Dosa|Idli Sambar|Medu Vada,Veg,4,360,,0,UPI,34,5,"Hot and tasty, loved it!",4.5,12800
FD49407,20-04-2024,Saturday,22,Dinner,Pune,Hinjewadi,Varun A.,Pav Bhaji Point,Street Food|Maharashtrian,Pav Bhaji,Veg,1,140,WEEKEND15,21,UPI,32,4,"Hot and tasty, loved it!",4.3,9600
FD49406,20-04-2024,Saturday,21,Dinner,Hyderabad,Kukatpally,Ananya S.,Biryani Junction,Biryani|Hyderabadi|Mughlai,Mutton Biryani|Chicken Biryani|Veg Biryani|Double Ka Meetha,Non-Veg,5,1300,FEAST20,150,UPI,41,,,4.4,18400
FD49405,20-04-2024,Saturday,21,Dinner,Mumbai,Andheri,Siddharth A.,Pav Bhaji Point,Street Food|Maharashtrian,Pav Bhaji|Masala Chaas|Vada Pav,Veg,4,350,,0,UPI,28,5,Portion size was great.,4.3,9600
FD49404,20-04-2024,Saturday,20,Dinner,Mumbai,Andheri,Riya S.,Biryani Junction,Biryani|Hyderabadi|Mughlai,Mutton Biryani|Chicken Biryani|Raita,Non-Veg,4,1040,,0,Card,33,,,4.4,18400
FD49403,20-04-2024,Saturday,19,Dinner,Mumbai,Andheri,Sana S.,Pav Bhaji Point,Street Food|Maharashtrian,Misal Pav|Masala Chaas|Vada Pav,Veg,3,180,,0,Wallet,41,,,4.3,9600
FD49402,20-04-2024,Saturday,13,Lunch,Delhi,Noida Sec 18,Pooja A.,Tandoori Nights,North Indian|Mughlai,Butter Chicken|Dal Makhani|Garlic Naan,Non-Veg,3,600,WEEKEND15,90,UPI,26,,,4.3,11200
FD49401,20-04-2024,Saturday,9,Breakfast,Mumbai,Andheri,Riya S.,Chai & Snacks,Beverages|Snacks,Masala Chai,Veg,1,30,,0,UPI,32,5,,4.1,3900
FD49400,20-04-2024,Saturday,9,Breakfast,Hyderabad,Secunderabad,Nikhil K.,Chai & Snacks,Beverages|Snacks,Bun Maska,Veg,2,80,,0,Card,46,4,,4.1,3900
FD49399,20-04-2024,Saturday,7,Breakfast,Delhi,Connaught Place,Meera S.,Paratha Paradise,North Indian|Breakfast,Aloo Paratha,Veg,2,180,,0,Card,36,4,,4.4,6100
FD49398,19-04-2024,Friday,23,Late Night,Bengaluru,Indiranagar,Isha K.,Dosa Delight,South Indian,Masala Dosa,Veg,1,110,,0,Wallet,32,5,"Hot and tasty, loved it!",4.5,12800
FD49397,19-04-2024,Friday,22,Dinner,Pune,Hadapsar,Aditya A.,Biryani Junction,Biryani|Hyderabadi|Mughlai,Mutton Biryani|Chicken Biryani,Non-Veg,3,1000,,0,Card,28,,,4.4,18400
FD49396,19-04-2024,Friday,21,Dinner,Hyderabad,Gachibowli,Nidhi S.,Pizza Plaza,Pizza|Italian|Fast Food,Farmhouse Pizza|Margherita Pizza,Veg,4,1446,,0,UPI,39,5,,4,16800
FD49395,19-04-2024,Friday,21,Dinner,Bengaluru,Whitefield,Diya S.,Burger Barn,Fast Food|American,Chicken Burger|Cheese Burger|Cold Coffee|French Fries,Non-Veg,4,569,FEAST20,113,UPI,30,,,3.9,15100
FD49394,19-04-2024,Friday,20,Dinner,Delhi,Dwarka,Riya S.,Paratha Paradise,North Indian|Breakfast,Paneer Paratha|Aloo Paratha|Lassi,Veg,3,280,,0,UPI,31,4,Perfect for a late-night craving.,4.4,6100
FD49393,19-04-2024,Friday,20,Dinner,Bengaluru,Koramangala,Rahul A.,Pizza Plaza,Pizza|Italian|Fast Food,Garlic Bread,Veg,1,129,FEAST20,25,UPI,38,4,,4,16800
FD49392,19-04-2024,Friday,18,Snacks,Bengaluru,MG Road,Rahul S.,Momo Mania,Tibetan|Chinese,Tandoori Momos|Thukpa|Fried Momos|Steamed Momos,Non-Veg,6,930,,0,UPI,33,4,,4.1,7200
FD49391,19-04-2024,Friday,18,Snacks,Mumbai,Colaba,Meera K.,Pav Bhaji Point,Street Food|Maharashtrian,Pav Bhaji|Misal Pav|Masala Chaas|Vada Pav,Veg,4,320,,0,Wallet,25,5,,4.3,9600
FD49390,19-04-2024,Friday,17,Snacks,Delhi,Dwarka,Sana K.,Cake Corner,Desserts|Bakery,Chocolate Truffle Cake|Red Velvet Pastry|Brownie|Cupcake,Veg,4,830,,0,Cash,30,5,,4.6,8900
FD49389,19-04-2024,Friday,16,Snacks,Delhi,Connaught Place,Nidhi A.,Momo Mania,Tibetan|Chinese,Tandoori Momos|Fried Momos|Steamed Momos,Non-Veg,3,430,,0,UPI,21,5,,4.1,7200
FD49388,19-04-2024,Friday,12,Lunch,Mumbai,Bandra,Sneha S.,Dosa Delight,South Indian,Masala Dosa|Idli Sambar,Veg,2,180,,0,UPI,44,5,"Hot and tasty, loved it!",4.5,12800
FD49387,19-04-2024,Friday,9,Breakfast,Delhi,Lajpat Nagar,Ananya A.,Paratha Paradise,North Indian|Breakfast,Paneer Paratha|Aloo Paratha|Lassi,Veg,3,280,FEAST20,56,UPI,36,4,,4.4,6100
FD49386,19-04-2024,Friday,9,Breakfast,Bengaluru,HSR Layout,Sana A.,Biryani Junction,Biryani|Hyderabadi|Mughlai,Chicken Biryani|Double Ka Meetha|Raita,Non-Veg,5,970,,0,Card,25,5,,4.4,18400
FD49385,19-04-2024,Friday,7,Breakfast,Bengaluru,Whitefield,Isha A.,The Healthy Bowl,Healthy Food|Salads,Protein Bowl,Veg,2,640,,0,UPI,33,5,"Hot and tasty, loved it!",3.8,2100
FD49384,19-04-2024,Friday,0,Late Night,Delhi,Connaught Place,Arjun A.,Paratha Paradise,North Indian|Breakfast,Paneer Paratha|Aloo Paratha,Veg,4,450,,0,Card,28,,,4.4,6100
FD49383,18-04-2024,Thursday,23,Late Night,Bengaluru,MG Road,Aisha K.,Dosa Delight,South Indian,Masala Dosa|Medu Vada,Veg,3,290,,0,UPI,35,5,Perfect for a late-night craving.,4.5,12800
FD49382,18-04-2024,Thursday,22,Dinner,Mumbai,Thane,Sana K.,Pav Bhaji Point,Street Food|Maharashtrian,Pav Bhaji|Masala Chaas,Veg,2,180,,0,Card,43,5,,4.3,9600
FD49381,18-04-2024,Thursday,19,Dinner,Bengaluru,Indiranagar,Pranav S.,Momo Mania,Tibetan|Chinese,Tandoori Momos|Thukpa|Fried Momos|Steamed Momos,Non-Veg,4,590,WELCOME50,150,Cash,31,4,,4.1,7200
FD49380,18-04-2024,Thursday,18,Snacks,Bengaluru,HSR Layout,Tanvi K.,Shawarma Street,Lebanese|Street Food,Chicken Shawarma,Non-Veg,1,140,,0,Cash,41,4,,4.2,5300
FD49379,18-04-2024,Thursday,17,Snacks,Mumbai,Bandra,Nidhi K.,Pav Bhaji Point,Street Food|Maharashtrian,Pav Bhaji|Misal Pav|Masala Chaas|Vada Pav,Veg,4,320,,0,UPI,23,,,4.3,9600
FD49378,18-04-2024,Thursday,17,Snacks,Bengaluru,HSR Layout,Aditya A.,Burger Barn,Fast Food|American,Chicken Burger|Cheese Burger|Cold Coffee,Non-Veg,3,470,,0,UPI,23,5,Worth every rupee.,3.9,15100
FD49377,18-04-2024,Thursday,17,Snacks,Pune,Hadapsar,Sneha S.,Pav Bhaji Point,Street Food|Maharashtrian,Pav Bhaji|Misal Pav|Masala Chaas|Vada Pav,Veg,5,460,,0,UPI,21,5,"Hot and tasty, loved it!",4.3,9600
FD49376,18-04-2024,Thursday,17,Snacks,Pune,Shivajinagar,Nikhil K.,Momo Mania,Tibetan|Chinese,Tandoori Momos|Thukpa|Fried Momos|Steamed Momos,Non-Veg,5,760,,0,UPI,25,5,,4.1,7200
FD49375,18-04-2024,Thursday,16,Snacks,Pune,Hinjewadi,Aarav A.,Shawarma Street,Lebanese|Street Food,Falafel Wrap|Chicken Shawarma,Non-Veg,2,290,FEAST20,58,UPI,29,5,,4.2,5300
FD49374,18-04-2024,Thursday,13,Lunch,Hyderabad,Banjara Hills,Diya A.,Biryani Junction,Biryani|Hyderabadi|Mughlai,Chicken Biryani|Veg Biryani|Double Ka Meetha|Raita,Non-Veg,4,620,,0,UPI,30,4,,4.4,18400
FD49373,18-04-2024,Thursday,13,Lunch,Mumbai,Colaba,Kabir S.,Pav Bhaji Point,Street Food|Maharashtrian,Pav Bhaji|Masala Chaas,Veg,3,320,WELCOME50,150,UPI,32,,,4.3,9600
FD49372,18-04-2024,Thursday,12,Lunch,Mumbai,Colaba,Gauri K.,Thali Express,North Indian|Gujarati,Gujarati Thali|Veg Thali,Veg,2,520,,0,UPI,36,,,4.2,4700
FD49371,18-04-2024,Thursday,8,Breakfast,Bengaluru,Whitefield,Vihaan S.,Burger Barn,Fast Food|American,Chicken Burger|Cheese Burger|Cold Coffee|French Fries,Non-Veg,5,759,,0,Card,29,,,3.9,15100
FD49370,18-04-2024,Thursday,0,Late Night,Bengaluru,Electronic City,Omkar K.,Burger Barn,Fast Food|American,Chicken Burger|Cheese Burger|Cold Coffee|French Fries,Non-Veg,4,569,,0,Card,40,4,,3.9,15100
FD49369,17-04-2024,Wednesday,20,Dinner,Pune,Viman Nagar,Varun S.,Tandoori Nights,North Indian|Mughlai,Paneer Tikka|Dal Makhani,Non-Veg,4,1000,FEAST20,150,UPI,34,5,,4.3,11200
FD49368,17-04-2024,Wednesday,20,Dinner,Bengaluru,Koramangala,Varun S.,Pizza Plaza,Pizza|Italian|Fast Food,Margherita Pizza|Garlic Bread|Choco Lava Cake,Veg,5,975,FEAST20,150,UPI,37,3,,4,16800
FD49367,17-04-2024,Wednesday,18,Snacks,Mumbai,Colaba,Pranav S.,Wok & Roll,Chinese|Thai,Hakka Noodles,Non-Veg,2,340,,0,Cash,29,,,4,6400
FD49366,17-04-2024,Wednesday,18,Snacks,Bengaluru,HSR Layout,Pranav S.,Dosa Delight,South Indian,Medu Vada,Veg,1,70,,0,UPI,36,4,Portion size was great.,4.5,12800
FD49365,17-04-2024,Wednesday,13,Lunch,Delhi,Karol Bagh,Pooja A.,Paratha Paradise,North Indian|Breakfast,Aloo Paratha|Lassi,Veg,2,160,,0,Card,21,5,"Hot and tasty, loved it!",4.4,6100
FD49364,17-04-2024,Wednesday,13,Lunch,Mumbai,Dadar,Meera K.,Biryani Junction,Biryani|Hyderabadi|Mughlai,Mutton Biryani|Veg Biryani|Double Ka Meetha,Non-Veg,4,1020,,0,UPI,33,4,"Hot and tasty, loved it!",4.4,18400
FD49363,17-04-2024,Wednesday,9,Breakfast,Hyderabad,Ameerpet,Siddharth A.,Dosa Delight,South Indian,Masala Dosa|Idli Sambar|Medu Vada|Filter Coffee,Veg,4,290,,0,UPI,36,5,,4.5,12800
FD49362,17-04-2024,Wednesday,9,Breakfast,Bengaluru,Electronic City,Kavya K.,The Healthy Bowl,Healthy Food|Salads,Quinoa Salad,Veg,3,780,,0,UPI,12,,,3.8,2100
FD49361,17-04-2024,Wednesday,8,Breakfast,Hyderabad,Kukatpally,Priya K.,Biryani Junction,Biryani|Hyderabadi|Mughlai,Mutton Biryani|Chicken Biryani|Veg Biryani|Raita,Non-Veg,6,1610,,0,UPI,37,,,4.4,18400
FD49360,17-04-2024,Wednesday,8,Breakfast,Bengaluru,HSR Layout,Meera K.,Dosa Delight,South Indian,Masala Dosa|Idli Sambar|Medu Vada|Filter Coffee,Veg,4,290,,0,Cash,31,4,Delivered super fast.,4.5,12800
FD49359,16-04-2024,Tuesday,23,Late Night,Bengaluru,Whitefield,Tanvi S.,Shawarma Street,Lebanese|Street Food,Chicken Shawarma,Non-Veg,3,420,FEAST20,84,Cash,20,3,,4.2,5300
FD49358,16-04-2024,Tuesday,21,Dinner,Mumbai,Bandra,Nidhi A.,Pav Bhaji Point,Street Food|Maharashtrian,Pav Bhaji|Masala Chaas|Vada Pav,Veg,5,490,,0,UPI,18,5,,4.3,9600
FD49357,16-04-2024,Tuesday,19,Dinner,Hyderabad,HITEC City,Meera K.,Biryani Junction,Biryani|Hyderabadi|Mughlai,Mutton Biryani|Chicken Biryani|Veg Biryani|Double Ka Meetha,Non-Veg,4,940,,0,Cash,24,5,Portion size was great.,4.4,18400
FD49356,16-04-2024,Tuesday,17,Snacks,Pune,Kothrud,Pranav K.,Chai & Snacks,Beverages|Snacks,Kanda Bhaji|Bun Maska|Masala Chai,Veg,4,190,,0,UPI,27,5,,4.1,3900
FD49355,16-04-2024,Tuesday,14,Lunch,Bengaluru,Indiranagar,Nikhil A.,Dosa Delight,South Indian,Masala Dosa|Idli Sambar|Filter Coffee,Veg,5,440,,0,UPI,29,5,,4.5,12800
FD49354,16-04-2024,Tuesday,7,Breakfast,Pune,Shivajinagar,Arjun A.,The Healthy Bowl,Healthy Food|Salads,Protein Bowl|Quinoa Salad|Fruit Smoothie,Veg,3,730,,0,Card,32,4,,3.8,2100
FD49353,15-04-2024,Monday,22,Dinner,Mumbai,Thane,Arjun K.,Pizza Plaza,Pizza|Italian|Fast Food,Farmhouse Pizza|Margherita Pizza|Garlic Bread|Choco Lava Cake,Veg,6,1674,,0,Card,44,4,,4,16800
FD49352,15-04-2024,Monday,16,Snacks,Pune,Hinjewadi,Rahul K.,Chai & Snacks,Beverages|Snacks,Kanda Bhaji|Bun Maska|Masala Chai|Samosa,Veg,4,155,,0,Card,30,5,,4.1,3900
FD49351,15-04-2024,Monday,16,Snacks,Mumbai,Colaba,Vihaan A.,Pav Bhaji Point,Street Food|Maharashtrian,Misal Pav,Veg,1,110,,0,UPI,25,5,,4.3,9600
FD49350,15-04-2024,Monday,14,Lunch,Mumbai,Colaba,Neha A.,Thali Express,North Indian|Gujarati,Gujarati Thali|Veg Thali|Jalebi,Veg,3,580,,0,Card,23,5,,4.2,4700
FD49349,15-04-2024,Monday,13,Lunch,Delhi,Noida Sec 18,Harsh K.,Paratha Paradise,North Indian|Breakfast,Paneer Paratha|Aloo Paratha|Lassi,Veg,5,520,FEAST20,104,Cash,34,5,,4.4,6100
FD49348,15-04-2024,Monday,13,Lunch,Delhi,Dwarka,Kabir S.,Tandoori Nights,North Indian|Mughlai,Butter Chicken|Paneer Tikka|Dal Makhani,Non-Veg,5,1440,,0,UPI,34,5,,4.3,11200
FD49347,15-04-2024,Monday,12,Lunch,Pune,Hinjewadi,Meera K.,Thali Express,North Indian|Gujarati,Gujarati Thali|Veg Thali|Jalebi,Veg,4,860,BIRYANI30,150,UPI,36,5,Delivered super fast.,4.2,4700
FD49346,15-04-2024,Monday,8,Breakfast,Pune,Kothrud,Aarav A.,Chai & Snacks,Beverages|Snacks,Kanda Bhaji|Samosa,Veg,2,85,FEAST20,17,UPI,30,,,4.1,3900
FD49345,15-04-2024,Monday,7,Breakfast,Mumbai,Bandra,Ananya K.,Dosa Delight,South Indian,Masala Dosa|Idli Sambar,Veg,2,180,,0,Cash,24,5,,4.5,12800
FD49344,14-04-2024,Sunday,16,Snacks,Mumbai,Thane,Rahul S.,Chai & Snacks,Beverages|Snacks,Masala Chai|Samosa,Veg,3,85,,0,UPI,34,3,,4.1,3900
FD49343,13-04-2024,Saturday,20,Dinner,Delhi,Noida Sec 18,Siddharth A.,Wok & Roll,Chinese|Thai,Chilli Chicken|Hakka Noodles|Fried Rice,Non-Veg,4,790,,0,UPI,29,5,Delivered super fast.,4,6400
FD49342,13-04-2024,Saturday,17,Snacks,Pune,Shivajinagar,Pranav K.,Chai & Snacks,Beverages|Snacks,Kanda Bhaji|Bun Maska|Masala Chai,Veg,3,130,WEEKEND15,19,UPI,38,5,,4.1,3900
FD49341,13-04-2024,Saturday,13,Lunch,Hyderabad,HITEC City,Yash K.,Biryani Junction,Biryani|Hyderabadi|Mughlai,Mutton Biryani|Chicken Biryani|Veg Biryani|Double Ka Meetha,Non-Veg,4,940,,0,UPI,35,,,4.4,18400
FD49340,13-04-2024,Saturday,7,Breakfast,Hyderabad,Ameerpet,Sneha S.,Dosa Delight,South Indian,Masala Dosa|Medu Vada|Idli Sambar,Veg,5,470,BIRYANI30,141,Wallet,41,4,,4.5,12800
FD49339,13-04-2024,Saturday,0,Late Night,Bengaluru,Koramangala,Sneha A.,Shawarma Street,Lebanese|Street Food,Hummus Platter|Falafel Wrap|Chicken Shawarma,Non-Veg,4,670,,0,Wallet,37,5,Delivered super fast.,4.2,5300
FD49338,12-04-2024,Friday,22,Dinner,Delhi,Dwarka,Nikhil K.,Burger Barn,Fast Food|American,Cheese Burger|French Fries,Non-Veg,2,259,FEAST20,51,UPI,30,,,3.9,15100
FD49337,12-04-2024,Friday,20,Dinner,Delhi,Lajpat Nagar,Vihaan A.,Tandoori Nights,North Indian|Mughlai,Butter Chicken|Dal Makhani|Garlic Naan,Non-Veg,3,600,,0,UPI,46,5,Portion size was great.,4.3,11200
FD49336,12-04-2024,Friday,16,Snacks,Mumbai,Andheri,Aarav K.,Burger Barn,Fast Food|American,Chicken Burger|Cheese Burger|Cold Coffee,Non-Veg,5,850,,0,UPI,31,4,,3.9,15100
FD49335,12-04-2024,Friday,13,Lunch,Hyderabad,Gachibowli,Tanvi S.,Biryani Junction,Biryani|Hyderabadi|Mughlai,Mutton Biryani|Chicken Biryani|Double Ka Meetha,Non-Veg,3,730,,0,UPI,26,5,,4.4,18400
FD49334,11-04-2024,Thursday,22,Dinner,Mumbai,Bandra,Varun A.,Tandoori Nights,North Indian|Mughlai,Butter Chicken|Dal Makhani|Garlic Naan,Non-Veg,3,600,,0,Card,36,4,,4.3,11200
FD49333,11-04-2024,Thursday,21,Dinner,Hyderabad,Secunderabad,Kavya A.,Biryani Junction,Biryani|Hyderabadi|Mughlai,Mutton Biryani|Chicken Biryani|Raita,Non-Veg,5,1400,,0,Card,33,3,,4.4,18400
FD49332,11-04-2024,Thursday,20,Dinner,Bengaluru,MG Road,Vihaan A.,Dosa Delight,South Indian,Masala Dosa,Veg,1,110,BIRYANI30,33,Cash,41,5,,4.5,12800
FD49331,11-04-2024,Thursday,18,Snacks,Mumbai,Dadar,Diya K.,Dosa Delight,South Indian,Medu Vada|Filter Coffee,Veg,2,110,,0,Card,31,5,,4.5,12800
FD49330,11-04-2024,Thursday,18,Snacks,Hyderabad,Gachibowli,Nidhi K.,Chai & Snacks,Beverages|Snacks,Bun Maska,Veg,3,120,,0,UPI,31,,,4.1,3900
FD49329,11-04-2024,Thursday,16,Snacks,Pune,Kothrud,Isha A.,Pav Bhaji Point,Street Food|Maharashtrian,Pav Bhaji|Misal Pav|Masala Chaas|Vada Pav,Veg,5,460,,0,Card,19,5,,4.3,9600
FD49328,11-04-2024,Thursday,14,Lunch,Mumbai,Thane,Aisha A.,Pav Bhaji Point,Street Food|Maharashtrian,Pav Bhaji|Masala Chaas,Veg,3,320,,0,Card,44,4,Worth every rupee.,4.3,9600
FD49327,11-04-2024,Thursday,13,Lunch,Mumbai,Andheri,Ananya K.,Pav Bhaji Point,Street Food|Maharashtrian,Masala Chaas,Veg,1,40,FEAST20,8,UPI,32,4,,4.3,9600
FD49326,11-04-2024,Thursday,7,Breakfast,Delhi,Saket,Arjun K.,Paratha Paradise,North Indian|Breakfast,Aloo Paratha,Veg,3,270,FEAST20,54,UPI,27,5,,4.4,6100
FD49325,11-04-2024,Thursday,1,Late Night,Hyderabad,Secunderabad,Tanvi K.,Biryani Junction,Biryani|Hyderabadi|Mughlai,Mutton Biryani|Chicken Biryani|Veg Biryani|Double Ka Meetha,Non-Veg,4,940,,0,UPI,32,,,4.4,18400
FD49324,11-04-2024,Thursday,0,Late Night,Pune,Viman Nagar,Arjun K.,Pav Bhaji Point,Street Food|Maharashtrian,Pav Bhaji|Misal Pav|Masala Chaas|Vada Pav,Veg,4,320,,0,UPI,33,4,,4.3,9600
FD49323,10-04-2024,Wednesday,22,Dinner,Delhi,Connaught Place,Yash S.,Wok & Roll,Chinese|Thai,Chilli Chicken|Hakka Noodles|Fried Rice,Non-Veg,5,1020,,0,Cash,34,4,,4,6400
FD49322,10-04-2024,Wednesday,21,Dinner,Pune,Viman Nagar,Diya K.,Pav Bhaji Point,Street Food|Maharashtrian,Pav Bhaji|Misal Pav|Vada Pav,Veg,5,560,FEAST20,112,UPI,26,5,,4.3,9600
FD49321,10-04-2024,Wednesday,21,Dinner,Mumbai,Andheri,Rahul S.,Burger Barn,Fast Food|American,Chicken Burger|French Fries,Non-Veg,2,289,,0,UPI,36,4,Delivered super fast.,3.9,15100
FD49320,10-04-2024,Wednesday,20,Dinner,Pune,Baner,Omkar S.,Tandoori Nights,North Indian|Mughlai,Butter Chicken|Paneer Tikka|Dal Makhani|Garlic Naan,Non-Veg,4,860,,0,UPI,38,4,"Hot and tasty, loved it!",4.3,11200
FD49319,10-04-2024,Wednesday,17,Snacks,Bengaluru,MG Road,Isha A.,Cake Corner,Desserts|Bakery,Chocolate Truffle Cake,Veg,1,550,,0,UPI,31,5,,4.6,8900
FD49318,10-04-2024,Wednesday,16,Snacks,Bengaluru,Whitefield,Rahul K.,Momo Mania,Tibetan|Chinese,Thukpa|Fried Momos|Steamed Momos,Non-Veg,4,580,,0,UPI,32,5,,4.1,7200
FD49317,10-04-2024,Wednesday,14,Lunch,Mumbai,Powai,Aisha S.,Wok & Roll,Chinese|Thai,Chilli Chicken|Hakka Noodles,Non-Veg,2,400,,0,Card,47,,,4,6400
FD49316,10-04-2024,Wednesday,13,Lunch,Mumbai,Andheri,Varun S.,Dosa Delight,South Indian,Masala Dosa|Idli Sambar,Veg,2,180,,0,UPI,25,4,"Hot and tasty, loved it!",4.5,12800
FD49315,10-04-2024,Wednesday,13,Lunch,Mumbai,Dadar,Kabir A.,Pav Bhaji Point,Street Food|Maharashtrian,Pav Bhaji|Misal Pav|Masala Chaas|Vada Pav,Veg,5,460,,0,Card,46,4,Portion size was great.,4.3,9600
FD49314,10-04-2024,Wednesday,12,Lunch,Bengaluru,HSR Layout,Pranav S.,Biryani Junction,Biryani|Hyderabadi|Mughlai,Mutton Biryani|Chicken Biryani,Non-Veg,2,640,,0,UPI,26,5,,4.4,18400
FD49313,10-04-2024,Wednesday,1,Late Night,Bengaluru,Indiranagar,Priya K.,Biryani Junction,Biryani|Hyderabadi|Mughlai,Chicken Biryani|Veg Biryani|Double Ka Meetha,Non-Veg,4,860,,0,UPI,28,3,,4.4,18400
FD49312,10-04-2024,Wednesday,1,Late Night,Mumbai,Colaba,Yash S.,Cake Corner,Desserts|Bakery,Chocolate Truffle Cake,Veg,3,1650,,0,Card,38,4,,4.6,8900
FD49311,10-04-2024,Wednesday,0,Late Night,Mumbai,Bandra,Vihaan A.,The Healthy Bowl,Healthy Food|Salads,Protein Bowl|Quinoa Salad|Fruit Smoothie,Veg,3,730,,0,UPI,23,4,,3.8,2100
FD49310,09-04-2024,Tuesday,22,Dinner,Delhi,Noida Sec 18,Sana A.,Paratha Paradise,North Indian|Breakfast,Aloo Paratha,Veg,3,270,WELCOME50,135,Card,36,5,,4.4,6100
FD49309,09-04-2024,Tuesday,21,Dinner,Delhi,Saket,Aditya A.,Paratha Paradise,North Indian|Breakfast,Aloo Paratha|Lassi,Veg,3,250,,0,Card,32,4,Perfect for a late-night craving.,4.4,6100
FD49308,09-04-2024,Tuesday,21,Dinner,Delhi,Lajpat Nagar,Varun A.,Burger Barn,Fast Food|American,Chicken Burger|Cheese Burger|Cold Coffee|French Fries,Non-Veg,6,949,,0,UPI,31,5,,3.9,15100
FD49307,09-04-2024,Tuesday,17,Snacks,Hyderabad,Banjara Hills,Omkar A.,Shawarma Street,Lebanese|Street Food,Hummus Platter|Falafel Wrap|Chicken Shawarma,Non-Veg,5,860,FEAST20,150,UPI,31,5,Delivered super fast.,4.2,5300
FD49306,09-04-2024,Tuesday,13,Lunch,Hyderabad,Gachibowli,Neha A.,Biryani Junction,Biryani|Hyderabadi|Mughlai,Raita,Non-Veg,1,40,BIRYANI30,12,UPI,44,,,4.4,18400
FD49305,09-04-2024,Tuesday,13,Lunch,Mumbai,Colaba,Ananya A.,Dosa Delight,South Indian,Masala Dosa|Filter Coffee,Veg,4,370,,0,UPI,30,4,,4.5,12800
FD49304,09-04-2024,Tuesday,12,Lunch,Mumbai,Thane,Kabir K.,Biryani Junction,Biryani|Hyderabadi|Mughlai,Mutton Biryani|Chicken Biryani|Double Ka Meetha|Raita,Non-Veg,4,770,,0,UPI,34,3,Delivery took too long.,4.4,18400
FD49303,09-04-2024,Tuesday,9,Breakfast,Pune,Hadapsar,Rohan S.,Chai & Snacks,Beverages|Snacks,Kanda Bhaji|Masala Chai,Veg,3,150,,0,UPI,27,5,Delivered super fast.,4.1,3900
FD49302,08-04-2024,Monday,22,Dinner,Delhi,Connaught Place,Tanvi S.,Tandoori Nights,North Indian|Mughlai,Butter Chicken|Garlic Naan,Non-Veg,2,380,,0,UPI,41,4,,4.3,11200
FD49301,08-04-2024,Monday,19,Dinner,Mumbai,Thane,Isha K.,Burger Barn,Fast Food|American,Chicken Burger|Cheese Burger,Non-Veg,2,350,WELCOME50,150,UPI,34,5,,3.9,15100
FD49300,08-04-2024,Monday,17,Snacks,Pune,Hadapsar,Pranav S.,Shawarma Street,Lebanese|Street Food,Falafel Wrap|Chicken Shawarma,Non-Veg,2,290,,0,Cash,22,,,4.2,5300
FD49299,08-04-2024,Monday,16,Snacks,Mumbai,Bandra,Aarav A.,Pav Bhaji Point,Street Food|Maharashtrian,Pav Bhaji|Misal Pav,Veg,4,530,,0,UPI,22,5,Delivered super fast.,4.3,9600
FD49298,08-04-2024,Monday,13,Lunch,Mumbai,Andheri,Sana K.,Pav Bhaji Point,Street Food|Maharashtrian,Pav Bhaji|Misal Pav,Veg,2,250,,0,UPI,41,4,"Hot and tasty, loved it!",4.3,9600
FD49297,08-04-2024,Monday,13,Lunch,Delhi,Karol Bagh,Neha S.,Tandoori Nights,North Indian|Mughlai,Butter Chicken|Paneer Tikka|Dal Makhani|Garlic Naan,Non-Veg,5,1180,,0,Card,47,5,Perfect for a late-night craving.,4.3,11200
FD49296,08-04-2024,Monday,1,Late Night,Bengaluru,MG Road,Varun A.,Biryani Junction,Biryani|Hyderabadi|Mughlai,Mutton Biryani|Chicken Biryani|Veg Biryani,Non-Veg,3,850,,0,UPI,40,5,,4.4,18400
FD49295,07-04-2024,Sunday,22,Dinner,Pune,Hinjewadi,Kabir K.,Biryani Junction,Biryani|Hyderabadi|Mughlai,Chicken Biryani|Veg Biryani|Double Ka Meetha|Raita,Non-Veg,4,620,,0,UPI,27,4,,4.4,18400
FD49294,07-04-2024,Sunday,20,Dinner,Pune,Viman Nagar,Rohan S.,Burger Barn,Fast Food|American,Chicken Burger|Cheese Burger|Cold Coffee|French Fries,Non-Veg,6,949,FEAST20,150,Wallet,44,3,Missing one item.,3.9,15100
FD49293,07-04-2024,Sunday,18,Snacks,Bengaluru,Whitefield,Gauri S.,Pizza Plaza,Pizza|Italian|Fast Food,Margherita Pizza,Veg,2,498,,0,Card,33,5,"Hot and tasty, loved it!",4,16800
FD49292,07-04-2024,Sunday,16,Snacks,Bengaluru,Whitefield,Aditya S.,Dosa Delight,South Indian,Masala Dosa,Veg,1,110,,0,UPI,35,5,,4.5,12800
FD49291,07-04-2024,Sunday,16,Snacks,Pune,Shivajinagar,Arjun K.,Shawarma Street,Lebanese|Street Food,Hummus Platter|Chicken Shawarma,Non-Veg,2,330,,0,UPI,35,,,4.2,5300
FD49290,07-04-2024,Sunday,14,Lunch,Bengaluru,HSR Layout,Kabir A.,The Healthy Bowl,Healthy Food|Salads,Protein Bowl|Quinoa Salad|Fruit Smoothie,Veg,3,730,,0,UPI,35,4,,3.8,2100
FD49289,07-04-2024,Sunday,14,Lunch,Mumbai,Bandra,Kabir K.,The Healthy Bowl,Healthy Food|Salads,Quinoa Salad,Veg,1,260,,0,Card,35,,,3.8,2100
FD49288,07-04-2024,Sunday,12,Lunch,Mumbai,Dadar,Karan K.,Cake Corner,Desserts|Bakery,Chocolate Truffle Cake|Red Velvet Pastry|Brownie|Cupcake,Veg,5,1380,BIRYANI30,150,UPI,33,5,"Hot and tasty, loved it!",4.6,8900
FD49287,07-04-2024,Sunday,12,Lunch,Bengaluru,Koramangala,Kabir A.,Biryani Junction,Biryani|Hyderabadi|Mughlai,Mutton Biryani|Chicken Biryani|Veg Biryani|Raita,Non-Veg,6,1610,,0,Card,39,3,Packaging was leaking.,4.4,18400
FD49286,07-04-2024,Sunday,9,Breakfast,Mumbai,Dadar,Yash S.,Chai & Snacks,Beverages|Snacks,Masala Chai|Samosa,Veg,2,55,,0,Wallet,38,5,,4.1,3900
FD49285,07-04-2024,Sunday,0,Late Night,Bengaluru,Whitefield,Kabir K.,Biryani Junction,Biryani|Hyderabadi|Mughlai,Chicken Biryani,Non-Veg,3,840,WEEKEND15,126,Card,53,4,,4.4,18400
FD49284,07-04-2024,Sunday,0,Late Night,Pune,Shivajinagar,Kabir S.,Pav Bhaji Point,Street Food|Maharashtrian,Pav Bhaji|Vada Pav,Veg,4,450,FEAST20,90,UPI,48,5,Worth every rupee.,4.3,9600
FD49283,06-04-2024,Saturday,22,Dinner,Pune,Hinjewadi,Nikhil S.,Pizza Plaza,Pizza|Italian|Fast Food,Farmhouse Pizza,Veg,1,399,,0,Card,32,5,Delivered super fast.,4,16800
FD49282,06-04-2024,Saturday,22,Dinner,Delhi,Dwarka,Rahul K.,Pizza Plaza,Pizza|Italian|Fast Food,Garlic Bread,Veg,1,129,,0,UPI,42,4,"Hot and tasty, loved it!",4,16800
FD49281,06-04-2024,Saturday,22,Dinner,Pune,Viman Nagar,Kabir K.,Pizza Plaza,Pizza|Italian|Fast Food,Garlic Bread,Veg,1,129,,0,Card,39,3,,4,16800
FD49280,06-04-2024,Saturday,21,Dinner,Pune,Hadapsar,Aarav S.,Chai & Snacks,Beverages|Snacks,Kanda Bhaji|Bun Maska|Samosa,Veg,3,125,,0,UPI,34,,,4.1,3900
FD49279,06-04-2024,Saturday,19,Dinner,Mumbai,Bandra,Pooja S.,Tandoori Nights,North Indian|Mughlai,Butter Chicken,Non-Veg,3,960,,0,Wallet,49,3,,4.3,11200
FD49278,06-04-2024,Saturday,19,Dinner,Bengaluru,HSR Layout,Harsh S.,Burger Barn,Fast Food|American,Chicken Burger|Cheese Burger,Non-Veg,4,730,WEEKEND15,109,Card,40,5,,3.9,15100
FD49277,06-04-2024,Saturday,19,Dinner,Bengaluru,Whitefield,Siddharth S.,Wok & Roll,Chinese|Thai,Chilli Chicken,Non-Veg,1,230,WEEKEND15,34,UPI,32,4,"Hot and tasty, loved it!",4,6400
FD49276,06-04-2024,Saturday,17,Snacks,Bengaluru,Koramangala,Kavya K.,Dosa Delight,South Indian,Masala Dosa|Idli Sambar|Medu Vada|Filter Coffee,Veg,5,400,,0,UPI,30,5,,4.5,12800
FD49275,06-04-2024,Saturday,14,Lunch,Bengaluru,Indiranagar,Vihaan A.,Biryani Junction,Biryani|Hyderabadi|Mughlai,Mutton Biryani|Chicken Biryani|Double Ka Meetha|Raita,Non-Veg,4,770,,0,Card,42,4,,4.4,18400
FD49274,06-04-2024,Saturday,13,Lunch,Bengaluru,Electronic City,Rohan K.,Cake Corner,Desserts|Bakery,Chocolate Truffle Cake|Red Velvet Pastry|Brownie|Cupcake,Veg,4,830,WELCOME50,150,UPI,30,4,"Hot and tasty, loved it!",4.6,8900
FD49273,06-04-2024,Saturday,13,Lunch,Mumbai,Thane,Meera A.,Pav Bhaji Point,Street Food|Maharashtrian,Pav Bhaji|Misal Pav|Masala Chaas,Veg,5,570,,0,UPI,42,4,Portion size was great.,4.3,9600
FD49272,06-04-2024,Saturday,12,Lunch,Mumbai,Andheri,Gauri S.,Biryani Junction,Biryani|Hyderabadi|Mughlai,Veg Biryani,Non-Veg,3,630,BIRYANI30,150,UPI,36,5,,4.4,18400
FD49271,06-04-2024,Saturday,12,Lunch,Mumbai,Thane,Omkar S.,Tandoori Nights,North Indian|Mughlai,Butter Chicken|Paneer Tikka,Non-Veg,2,580,,0,UPI,41,5,"Hot and tasty, loved it!",4.3,11200
FD49270,05-04-2024,Friday,20,Dinner,Hyderabad,Banjara Hills,Rohan S.,Pizza Plaza,Pizza|Italian|Fast Food,Farmhouse Pizza,Veg,1,399,,0,Card,22,4,,4,16800
FD49269,05-04-2024,Friday,19,Dinner,Bengaluru,HSR Layout,Arjun A.,Pizza Plaza,Pizza|Italian|Fast Food,Margherita Pizza,Veg,3,747,,0,Card,37,5,,4,16800
FD49268,05-04-2024,Friday,19,Dinner,Mumbai,Thane,Nikhil S.,Burger Barn,Fast Food|American,French Fries,Non-Veg,3,297,,0,Card,27,5,Perfect for a late-night craving.,3.9,15100
FD49267,05-04-2024,Friday,19,Dinner,Delhi,Dwarka,Vihaan S.,Burger Barn,Fast Food|American,Chicken Burger|Cheese Burger|Cold Coffee|French Fries,Non-Veg,5,759,WELCOME50,150,Card,29,4,,3.9,15100
FD49266,05-04-2024,Friday,19,Dinner,Mumbai,Bandra,Neha S.,Pizza Plaza,Pizza|Italian|Fast Food,Farmhouse Pizza|Choco Lava Cake,Veg,2,498,,0,UPI,32,5,Delivered super fast.,4,16800
FD49265,05-04-2024,Friday,18,Snacks,Mumbai,Bandra,Pranav S.,Chai & Snacks,Beverages|Snacks,Samosa,Veg,2,50,,0,Card,36,5,,4.1,3900
FD49264,05-04-2024,Friday,12,Lunch,Mumbai,Powai,Nidhi K.,Dosa Delight,South Indian,Masala Dosa,Veg,1,110,,0,Card,31,4,,4.5,12800
FD49263,04-04-2024,Thursday,22,Dinner,Pune,Kothrud,Omkar K.,Shawarma Street,Lebanese|Street Food,Falafel Wrap|Chicken Shawarma,Non-Veg,3,440,,0,Cash,36,,,4.2,5300
FD49262,04-04-2024,Thursday,14,Lunch,Mumbai,Bandra,Isha K.,Pav Bhaji Point,Street Food|Maharashtrian,Pav Bhaji|Misal Pav|Masala Chaas|Vada Pav,Veg,6,600,FEAST20,120,Card,43,5,,4.3,9600
FD49261,04-04-2024,Thursday,13,Lunch,Mumbai,Powai,Siddharth S.,Tandoori Nights,North Indian|Mughlai,Butter Chicken|Dal Makhani,Non-Veg,2,540,WELCOME50,150,UPI,35,4,,4.3,11200
FD49260,04-04-2024,Thursday,9,Breakfast,Delhi,Lajpat Nagar,Arjun A.,Paratha Paradise,North Indian|Breakfast,Paneer Paratha|Aloo Paratha|Lassi,Veg,5,520,WELCOME50,150,UPI,32,5,"Hot and tasty, loved it!",4.4,6100
FD49259,04-04-2024,Thursday,9,Breakfast,Pune,Hadapsar,Ananya A.,Tandoori Nights,North Indian|Mughlai,Butter Chicken|Paneer Tikka|Dal Makhani,Non-Veg,4,1120,,0,UPI,30,4,"Hot and tasty, loved it!",4.3,11200
FD49258,04-04-2024,Thursday,7,Breakfast,Delhi,Connaught Place,Karan K.,Chai & Snacks,Beverages|Snacks,Masala Chai|Samosa,Veg,2,55,,0,Cash,32,4,Portion size was great.,4.1,3900
FD49257,04-04-2024,Thursday,1,Late Night,Bengaluru,Whitefield,Rahul K.,Burger Barn,Fast Food|American,Cheese Burger,Non-Veg,3,480,,0,Cash,33,,,3.9,15100
FD49256,03-04-2024,Wednesday,22,Dinner,Pune,Kothrud,Meera A.,Tandoori Nights,North Indian|Mughlai,Butter Chicken|Paneer Tikka|Dal Makhani|Garlic Naan,Non-Veg,6,1500,,0,Wallet,35,4,"Hot and tasty, loved it!",4.3,11200
FD49255,03-04-2024,Wednesday,21,Dinner,Bengaluru,MG Road,Diya S.,Dosa Delight,South Indian,Masala Dosa|Idli Sambar,Veg,2,180,,0,Cash,26,4,Perfect for a late-night craving.,4.5,12800
FD49254,03-04-2024,Wednesday,21,Dinner,Mumbai,Andheri,Aisha A.,Pav Bhaji Point,Street Food|Maharashtrian,Pav Bhaji|Masala Chaas,Veg,2,180,,0,Wallet,28,5,,4.3,9600
FD49253,03-04-2024,Wednesday,21,Dinner,Pune,Viman Nagar,Diya A.,Wok & Roll,Chinese|Thai,Veg Manchurian,Non-Veg,2,320,,0,Wallet,33,4,,4,6400
FD49252,03-04-2024,Wednesday,20,Dinner,Pune,Shivajinagar,Nidhi S.,Pav Bhaji Point,Street Food|Maharashtrian,Pav Bhaji|Misal Pav|Masala Chaas|Vada Pav,Veg,4,320,FEAST20,64,Card,19,4,"Hot and tasty, loved it!",4.3,9600
FD49251,03-04-2024,Wednesday,19,Dinner,Pune,Shivajinagar,Vihaan K.,Wok & Roll,Chinese|Thai,Chilli Chicken|Hakka Noodles|Fried Rice|Veg Manchurian,Non-Veg,6,1180,,0,UPI,22,5,Portion size was great.,4,6400
FD49250,03-04-2024,Wednesday,17,Snacks,Mumbai,Thane,Aisha A.,Pav Bhaji Point,Street Food|Maharashtrian,Pav Bhaji|Masala Chaas|Vada Pav,Veg,5,490,,0,UPI,25,4,,4.3,9600
FD49249,03-04-2024,Wednesday,14,Lunch,Mumbai,Powai,Aditya A.,Tandoori Nights,North Indian|Mughlai,Butter Chicken|Paneer Tikka|Dal Makhani,Non-Veg,4,1120,WELCOME50,150,UPI,26,4,,4.3,11200
FD49248,03-04-2024,Wednesday,14,Lunch,Mumbai,Powai,Gauri K.,Biryani Junction,Biryani|Hyderabadi|Mughlai,Raita,Non-Veg,2,80,,0,Card,34,,,4.4,18400
FD49247,03-04-2024,Wednesday,13,Lunch,Mumbai,Andheri,Sneha K.,Pav Bhaji Point,Street Food|Maharashtrian,Pav Bhaji|Masala Chaas|Vada Pav,Veg,5,490,FEAST20,98,Card,43,,,4.3,9600
FD49246,03-04-2024,Wednesday,13,Lunch,Mumbai,Colaba,Rahul S.,Dosa Delight,South Indian,Idli Sambar,Veg,2,140,WELCOME50,70,UPI,34,5,,4.5,12800
FD49245,03-04-2024,Wednesday,12,Lunch,Bengaluru,Koramangala,Yash A.,Biryani Junction,Biryani|Hyderabadi|Mughlai,Veg Biryani|Raita,Non-Veg,4,670,FEAST20,134,Cash,33,4,"Hot and tasty, loved it!",4.4,18400
FD49244,03-04-2024,Wednesday,7,Breakfast,Pune,Hadapsar,Rahul K.,Pav Bhaji Point,Street Food|Maharashtrian,Misal Pav|Vada Pav,Veg,2,140,FEAST20,28,Wallet,19,5,,4.3,9600
FD49243,03-04-2024,Wednesday,7,Breakfast,Mumbai,Powai,Rahul S.,Wok & Roll,Chinese|Thai,Chilli Chicken|Hakka Noodles|Fried Rice,Non-Veg,4,790,,0,Card,33,4,,4,6400
FD49242,02-04-2024,Tuesday,20,Dinner,Pune,Shivajinagar,Siddharth A.,Pav Bhaji Point,Street Food|Maharashtrian,Masala Chaas,Veg,3,120,,0,UPI,40,4,,4.3,9600
FD49241,02-04-2024,Tuesday,17,Snacks,Pune,Shivajinagar,Pranav S.,Shawarma Street,Lebanese|Street Food,Falafel Wrap|Chicken Shawarma,Non-Veg,4,590,FEAST20,118,Card,30,,,4.2,5300
FD49240,02-04-2024,Tuesday,16,Snacks,Hyderabad,Gachibowli,Sneha K.,Shawarma Street,Lebanese|Street Food,Falafel Wrap|Chicken Shawarma,Non-Veg,2,290,,0,Cash,30,5,Worth every rupee.,4.2,5300
FD49239,02-04-2024,Tuesday,14,Lunch,Mumbai,Powai,Aisha S.,Wok & Roll,Chinese|Thai,Chilli Chicken|Hakka Noodles|Fried Rice|Veg Manchurian,Non-Veg,6,1180,,0,Card,32,,,4,6400
FD49238,02-04-2024,Tuesday,0,Late Night,Bengaluru,MG Road,Varun A.,Dosa Delight,South Indian,Masala Dosa|Medu Vada|Idli Sambar|Filter Coffee,Veg,4,290,,0,Card,32,4,,4.5,12800
FD49237,01-04-2024,Monday,19,Dinner,Pune,Viman Nagar,Meera K.,Pav Bhaji Point,Street Food|Maharashtrian,Pav Bhaji|Misal Pav|Masala Chaas|Vada Pav,Veg,6,600,,0,UPI,30,4,,4.3,9600
FD49236,01-04-2024,Monday,19,Dinner,Bengaluru,Whitefield,Harsh S.,Pizza Plaza,Pizza|Italian|Fast Food,Farmhouse Pizza|Margherita Pizza|Garlic Bread|Choco Lava Cake,Veg,6,1674,FEAST20,150,Card,37,3,,4,16800
FD49235,01-04-2024,Monday,18,Snacks,Pune,Kothrud,Riya S.,Pav Bhaji Point,Street Food|Maharashtrian,Pav Bhaji|Misal Pav|Masala Chaas|Vada Pav,Veg,5,460,,0,UPI,28,5,,4.3,9600
FD49234,01-04-2024,Monday,18,Snacks,Bengaluru,Electronic City,Arjun S.,Momo Mania,Tibetan|Chinese,Thukpa|Fried Momos|Steamed Momos,Non-Veg,3,420,,0,Wallet,38,,,4.1,7200
FD49233,01-04-2024,Monday,16,Snacks,Bengaluru,MG Road,Rahul A.,Momo Mania,Tibetan|Chinese,Tandoori Momos|Thukpa|Fried Momos,Non-Veg,3,470,,0,Cash,26,4,,4.1,7200
FD49232,01-04-2024,Monday,16,Snacks,Delhi,Connaught Place,Aditya A.,Momo Mania,Tibetan|Chinese,Fried Momos|Steamed Momos,Non-Veg,3,400,,0,Cash,30,,,4.1,7200
FD49231,01-04-2024,Monday,16,Snacks,Pune,Kothrud,Riya A.,Pav Bhaji Point,Street Food|Maharashtrian,Pav Bhaji|Misal Pav|Masala Chaas|Vada Pav,Veg,5,460,,0,Wallet,24,5,,4.3,9600
FD49230,01-04-2024,Monday,14,Lunch,Mumbai,Dadar,Omkar S.,Pav Bhaji Point,Street Food|Maharashtrian,Pav Bhaji|Misal Pav|Masala Chaas,Veg,5,570,,0,UPI,35,5,,4.3,9600
FD49229,01-04-2024,Monday,14,Lunch,Pune,Baner,Yash A.,Biryani Junction,Biryani|Hyderabadi|Mughlai,Mutton Biryani|Chicken Biryani|Double Ka Meetha|Raita,Non-Veg,4,770,,0,UPI,36,4,,4.4,18400
FD49228,01-04-2024,Monday,12,Lunch,Mumbai,Bandra,Tanvi A.,Dosa Delight,South Indian,Masala Dosa|Medu Vada|Idli Sambar|Filter Coffee,Veg,4,290,,0,Card,31,3,Missing one item.,4.5,12800
FD49227,01-04-2024,Monday,12,Lunch,Mumbai,Powai,Yash S.,Pav Bhaji Point,Street Food|Maharashtrian,Pav Bhaji|Misal Pav,Veg,2,250,,0,Card,34,4,,4.3,9600
FD49226,01-04-2024,Monday,12,Lunch,Delhi,Noida Sec 18,Karan S.,Tandoori Nights,North Indian|Mughlai,Butter Chicken|Paneer Tikka|Dal Makhani,Non-Veg,3,800,,0,Card,37,5,,4.3,11200
FD49225,01-04-2024,Monday,12,Lunch,Bengaluru,Electronic City,Nikhil S.,Dosa Delight,South Indian,Masala Dosa|Idli Sambar|Filter Coffee,Veg,5,440,WELCOME50,150,UPI,40,5,,4.5,12800
FD49224,01-04-2024,Monday,8,Breakfast,Delhi,Karol Bagh,Varun K.,Paratha Paradise,North Indian|Breakfast,Lassi,Veg,1,70,,0,UPI,20,4,,4.4,6100
FD49223,01-04-2024,Monday,7,Breakfast,Pune,Viman Nagar,Aisha K.,The Healthy Bowl,Healthy Food|Salads,Protein Bowl|Quinoa Salad|Fruit Smoothie,Veg,4,1050,,0,Card,14,5,,3.8,2100
FD49222,31-03-2024,Sunday,22,Dinner,Delhi,Noida Sec 18,Sana K.,Pizza Plaza,Pizza|Italian|Fast Food,Garlic Bread|Choco Lava Cake,Veg,2,228,BIRYANI30,68,UPI,39,4,,4,16800
FD49221,31-03-2024,Sunday,22,Dinner,Mumbai,Dadar,Tanvi S.,Burger Barn,Fast Food|American,Chicken Burger|Cheese Burger|Cold Coffee|French Fries,Non-Veg,6,949,,0,UPI,28,,,3.9,15100
FD49220,31-03-2024,Sunday,21,Dinner,Hyderabad,Kukatpally,Karan S.,Biryani Junction,Biryani|Hyderabadi|Mughlai,Mutton Biryani|Chicken Biryani|Raita,Non-Veg,3,680,,0,UPI,23,5,,4.4,18400
FD49219,31-03-2024,Sunday,21,Dinner,Bengaluru,Indiranagar,Pooja K.,Biryani Junction,Biryani|Hyderabadi|Mughlai,Double Ka Meetha,Non-Veg,3,270,,0,UPI,40,5,"Hot and tasty, loved it!",4.4,18400
FD49218,31-03-2024,Sunday,21,Dinner,Pune,Baner,Rahul S.,Pav Bhaji Point,Street Food|Maharashtrian,Pav Bhaji|Vada Pav,Veg,3,310,,0,UPI,50,4,Portion size was great.,4.3,9600
FD49217,31-03-2024,Sunday,14,Lunch,Pune,Kothrud,Aisha A.,Biryani Junction,Biryani|Hyderabadi|Mughlai,Mutton Biryani|Chicken Biryani|Veg Biryani|Double Ka Meetha,Non-Veg,4,940,WELCOME50,150,UPI,37,3,,4.4,18400
FD49216,31-03-2024,Sunday,13,Lunch,Bengaluru,Electronic City,Nikhil K.,Cake Corner,Desserts|Bakery,Red Velvet Pastry|Brownie|Cupcake,Veg,3,280,,0,Cash,36,4,,4.6,8900
FD49215,31-03-2024,Sunday,12,Lunch,Hyderabad,Gachibowli,Yash A.,Dosa Delight,South Indian,Medu Vada,Veg,1,70,WEEKEND15,10,UPI,36,5,,4.5,12800
FD49214,31-03-2024,Sunday,12,Lunch,Pune,Baner,Kabir S.,Pav Bhaji Point,Street Food|Maharashtrian,Pav Bhaji|Misal Pav|Masala Chaas,Veg,3,290,WEEKEND15,43,Cash,34,,,4.3,9600
FD49213,31-03-2024,Sunday,8,Breakfast,Pune,Kothrud,Gauri S.,Pav Bhaji Point,Street Food|Maharashtrian,Pav Bhaji|Misal Pav,Veg,2,250,,0,UPI,50,2,,4.3,9600
FD49212,31-03-2024,Sunday,0,Late Night,Mumbai,Powai,Siddharth S.,Pizza Plaza,Pizza|Italian|Fast Food,Garlic Bread,Veg,1,129,WEEKEND15,19,Card,46,5,,4,16800
FD49211,31-03-2024,Sunday,0,Late Night,Bengaluru,Koramangala,Varun A.,Pizza Plaza,Pizza|Italian|Fast Food,Margherita Pizza|Garlic Bread,Veg,4,876,,0,Card,50,5,Worth every rupee.,4,16800
FD49210,30-03-2024,Saturday,22,Dinner,Delhi,Noida Sec 18,Yash S.,Wok & Roll,Chinese|Thai,Hakka Noodles|Veg Manchurian|Fried Rice,Non-Veg,3,490,,0,UPI,28,5,Perfect for a late-night craving.,4,6400
FD49209,30-03-2024,Saturday,20,Dinner,Delhi,Saket,Sneha S.,Wok & Roll,Chinese|Thai,Chilli Chicken|Hakka Noodles|Veg Manchurian|Fried Rice,Non-Veg,6,1180,FEAST20,150,UPI,20,4,"Hot and tasty, loved it!",4,6400
FD49208,30-03-2024,Saturday,19,Dinner,Pune,Shivajinagar,Karan K.,Pav Bhaji Point,Street Food|Maharashtrian,Misal Pav,Veg,3,330,,0,Wallet,29,5,Portion size was great.,4.3,9600
FD49207,30-03-2024,Saturday,19,Dinner,Bengaluru,Indiranagar,Aisha S.,Dosa Delight,South Indian,Masala Dosa|Medu Vada|Idli Sambar|Filter Coffee,Veg,4,290,,0,UPI,33,4,,4.5,12800
FD49206,30-03-2024,Saturday,17,Snacks,Delhi,Connaught Place,Kabir K.,Paratha Paradise,North Indian|Breakfast,Aloo Paratha|Lassi,Veg,2,160,,0,UPI,38,5,,4.4,6100
FD49205,30-03-2024,Saturday,16,Snacks,Pune,Baner,Siddharth S.,Momo Mania,Tibetan|Chinese,Steamed Momos,Non-Veg,1,120,,0,UPI,41,3,,4.1,7200
FD49204,30-03-2024,Saturday,14,Lunch,Bengaluru,Electronic City,Kabir K.,Dosa Delight,South Indian,Filter Coffee,Veg,3,120,,0,UPI,31,4,,4.5,12800
FD49203,30-03-2024,Saturday,14,Lunch,Mumbai,Colaba,Nidhi S.,Tandoori Nights,North Indian|Mughlai,Butter Chicken|Dal Makhani,Non-Veg,3,860,,0,Cash,41,4,"Hot and tasty, loved it!",4.3,11200
FD49202,30-03-2024,Saturday,12,Lunch,Pune,Viman Nagar,Karan S.,The Healthy Bowl,Healthy Food|Salads,Protein Bowl|Quinoa Salad|Fruit Smoothie,Veg,4,1050,WELCOME50,150,Card,37,5,,3.8,2100
FD49201,30-03-2024,Saturday,9,Breakfast,Delhi,Karol Bagh,Aisha A.,Chai & Snacks,Beverages|Snacks,Kanda Bhaji|Masala Chai|Samosa,Veg,3,115,WEEKEND15,17,Card,24,4,,4.1,3900
FD49200,29-03-2024,Friday,23,Late Night,Delhi,Karol Bagh,Nikhil A.,Pizza Plaza,Pizza|Italian|Fast Food,Farmhouse Pizza|Margherita Pizza|Garlic Bread|Choco Lava Cake,Veg,6,1674,,0,Card,40,,,4,16800
FD49199,29-03-2024,Friday,21,Dinner,Bengaluru,Koramangala,Yash S.,Burger Barn,Fast Food|American,Chicken Burger|Cheese Burger|Cold Coffee|French Fries,Non-Veg,6,949,FEAST20,150,Cash,43,5,,3.9,15100
FD49198,29-03-2024,Friday,21,Dinner,Bengaluru,HSR Layout,Diya S.,Cake Corner,Desserts|Bakery,Chocolate Truffle Cake|Red Velvet Pastry|Brownie|Cupcake,Veg,4,830,,0,Cash,34,3,Food arrived cold.,4.6,8900
FD49197,29-03-2024,Friday,20,Dinner,Mumbai,Powai,Siddharth K.,Pav Bhaji Point,Street Food|Maharashtrian,Pav Bhaji|Masala Chaas|Vada Pav,Veg,3,210,,0,Card,34,5,Perfect for a late-night craving.,4.3,9600
FD49196,29-03-2024,Friday,20,Dinner,Mumbai,Bandra,Arjun A.,Burger Barn,Fast Food|American,Cheese Burger|French Fries,Non-Veg,2,259,,0,UPI,31,5,,3.9,15100
FD49195,29-03-2024,Friday,14,Lunch,Mumbai,Thane,Gauri A.,Pav Bhaji Point,Street Food|Maharashtrian,Pav Bhaji|Masala Chaas,Veg,2,180,FEAST20,36,UPI,27,5,,4.3,9600
FD49194,29-03-2024,Friday,14,Lunch,Hyderabad,Ameerpet,Aarav S.,Biryani Junction,Biryani|Hyderabadi|Mughlai,Mutton Biryani|Chicken Biryani|Veg Biryani|Raita,Non-Veg,4,890,,0,UPI,35,,,4.4,18400
FD49193,29-03-2024,Friday,14,Lunch,Pune,Viman Nagar,Riya K.,Biryani Junction,Biryani|Hyderabadi|Mughlai,Chicken Biryani,Non-Veg,1,280,,0,UPI,19,,,4.4,18400
FD49192,29-03-2024,Friday,14,Lunch,Hyderabad,Kukatpally,Omkar K.,Biryani Junction,Biryani|Hyderabadi|Mughlai,Mutton Biryani|Chicken Biryani|Veg Biryani,Non-Veg,4,1210,,0,UPI,32,4,,4.4,18400
FD49191,29-03-2024,Friday,12,Lunch,Mumbai,Colaba,Omkar S.,Dosa Delight,South Indian,Masala Dosa|Filter Coffee,Veg,4,370,,0,Card,29,5,Portion size was great.,4.5,12800
FD49190,29-03-2024,Friday,12,Lunch,Bengaluru,Koramangala,Varun S.,Dosa Delight,South Indian,Masala Dosa|Medu Vada|Idli Sambar|Filter Coffee,Veg,5,400,,0,UPI,33,4,,4.5,12800
FD49189,29-03-2024,Friday,1,Late Night,Hyderabad,Ameerpet,Vihaan K.,Biryani Junction,Biryani|Hyderabadi|Mughlai,Chicken Biryani|Double Ka Meetha|Raita,Non-Veg,5,970,WELCOME50,150,UPI,37,4,,4.4,18400
FD49188,28-03-2024,Thursday,20,Dinner,Pune,Kothrud,Pranav A.,Tandoori Nights,North Indian|Mughlai,Paneer Tikka|Garlic Naan,Non-Veg,2,320,,0,Wallet,22,4,Perfect for a late-night craving.,4.3,11200
FD49187,28-03-2024,Thursday,18,Snacks,Delhi,Noida Sec 18,Nidhi A.,Momo Mania,Tibetan|Chinese,Tandoori Momos,Non-Veg,3,510,FEAST20,102,UPI,40,4,,4.1,7200
FD49186,28-03-2024,Thursday,17,Snacks,Delhi,Dwarka,Nidhi A.,Paratha Paradise,North Indian|Breakfast,Paneer Paratha|Aloo Paratha|Lassi,Veg,5,520,,0,UPI,37,5,,4.4,6100
FD49185,28-03-2024,Thursday,14,Lunch,Bengaluru,Koramangala,Vihaan A.,Dosa Delight,South Indian,Masala Dosa|Idli Sambar,Veg,2,180,,0,UPI,18,5,"Hot and tasty, loved it!",4.5,12800
FD49184,28-03-2024,Thursday,9,Breakfast,Mumbai,Thane,Kavya A.,The Healthy Bowl,Healthy Food|Salads,Protein Bowl|Quinoa Salad|Fruit Smoothie,Veg,5,1370,BIRYANI30,150,UPI,20,5,,3.8,2100
FD49183,28-03-2024,Thursday,1,Late Night,Pune,Hadapsar,Omkar S.,Pizza Plaza,Pizza|Italian|Fast Food,Farmhouse Pizza|Margherita Pizza,Veg,2,648,,0,Card,29,5,,4,16800
FD49182,28-03-2024,Thursday,1,Late Night,Bengaluru,MG Road,Pooja S.,Biryani Junction,Biryani|Hyderabadi|Mughlai,Chicken Biryani|Raita,Non-Veg,2,320,BIRYANI30,96,UPI,35,4,Perfect for a late-night craving.,4.4,18400
FD49181,28-03-2024,Thursday,0,Late Night,Pune,Kothrud,Harsh K.,Pizza Plaza,Pizza|Italian|Fast Food,Farmhouse Pizza,Veg,2,798,,0,UPI,31,,,4,16800
FD49180,27-03-2024,Wednesday,22,Dinner,Pune,Hadapsar,Aarav A.,Wok & Roll,Chinese|Thai,Chilli Chicken|Hakka Noodles|Fried Rice|Veg Manchurian,Non-Veg,4,720,,0,UPI,47,4,"Hot and tasty, loved it!",4,6400
FD49179,27-03-2024,Wednesday,22,Dinner,Hyderabad,Gachibowli,Arjun S.,Biryani Junction,Biryani|Hyderabadi|Mughlai,Chicken Biryani|Veg Biryani|Raita,Non-Veg,3,530,,0,UPI,33,,,4.4,18400
FD49178,27-03-2024,Wednesday,21,Dinner,Bengaluru,HSR Layout,Isha A.,Biryani Junction,Biryani|Hyderabadi|Mughlai,Mutton Biryani|Chicken Biryani|Veg Biryani|Double Ka Meetha,Non-Veg,4,940,BIRYANI30,150,UPI,35,5,,4.4,18400
FD49177,27-03-2024,Wednesday,18,Snacks,Bengaluru,HSR Layout,Neha A.,Dosa Delight,South Indian,Masala Dosa|Medu Vada,Veg,4,400,,0,Cash,28,5,Worth every rupee.,4.5,12800
FD49176,27-03-2024,Wednesday,16,Snacks,Delhi,Lajpat Nagar,Arjun A.,Tandoori Nights,North Indian|Mughlai,Butter Chicken|Paneer Tikka|Garlic Naan,Non-Veg,3,640,,0,Wallet,22,4,,4.3,11200
FD49175,27-03-2024,Wednesday,12,Lunch,Pune,Kothrud,Sana S.,Thali Express,North Indian|Gujarati,Veg Thali|Jalebi,Veg,4,780,,0,UPI,30,5,,4.2,4700
FD49174,27-03-2024,Wednesday,8,Breakfast,Hyderabad,Kukatpally,Tanvi S.,Chai & Snacks,Beverages|Snacks,Kanda Bhaji|Masala Chai|Samosa,Veg,3,115,,0,Cash,33,4,,4.1,3900
FD49173,26-03-2024,Tuesday,23,Late Night,Pune,Hinjewadi,Omkar A.,Momo Mania,Tibetan|Chinese,Tandoori Momos|Thukpa|Steamed Momos,Non-Veg,3,450,,0,Card,39,4,,4.1,7200
FD49172,26-03-2024,Tuesday,20,Dinner,Delhi,Saket,Rahul K.,Paratha Paradise,North Indian|Breakfast,Lassi,Veg,2,140,,0,Card,44,3,,4.4,6100
FD49171,26-03-2024,Tuesday,20,Dinner,Pune,Hinjewadi,Arjun S.,Pav Bhaji Point,Street Food|Maharashtrian,Pav Bhaji|Misal Pav,Veg,2,250,,0,Cash,41,3,,4.3,9600
FD49170,26-03-2024,Tuesday,16,Snacks,Mumbai,Powai,Priya A.,Pav Bhaji Point,Street Food|Maharashtrian,Misal Pav,Veg,3,330,BIRYANI30,99,UPI,28,5,,4.3,9600
FD49169,26-03-2024,Tuesday,14,Lunch,Bengaluru,Koramangala,Vihaan A.,Biryani Junction,Biryani|Hyderabadi|Mughlai,Chicken Biryani|Double Ka Meetha,Non-Veg,4,930,,0,UPI,37,4,,4.4,18400
FD49168,26-03-2024,Tuesday,13,Lunch,Mumbai,Dadar,Varun A.,Biryani Junction,Biryani|Hyderabadi|Mughlai,Mutton Biryani|Chicken Biryani|Raita,Non-Veg,4,1040,,0,UPI,39,5,Worth every rupee.,4.4,18400
FD49167,26-03-2024,Tuesday,12,Lunch,Pune,Baner,Isha S.,Biryani Junction,Biryani|Hyderabadi|Mughlai,Chicken Biryani|Double Ka Meetha|Raita,Non-Veg,3,410,,0,Cash,38,5,,4.4,18400
FD49166,25-03-2024,Monday,19,Dinner,Bengaluru,MG Road,Nidhi S.,Pizza Plaza,Pizza|Italian|Fast Food,Margherita Pizza,Veg,3,747,,0,UPI,47,3,Too spicy for me.,4,16800
FD49165,25-03-2024,Monday,14,Lunch,Pune,Shivajinagar,Kabir K.,Pav Bhaji Point,Street Food|Maharashtrian,Misal Pav,Veg,3,330,,0,Card,41,5,"Hot and tasty, loved it!",4.3,9600
FD49164,25-03-2024,Monday,13,Lunch,Mumbai,Powai,Harsh S.,Pav Bhaji Point,Street Food|Maharashtrian,Pav Bhaji,Veg,3,420,,0,Card,30,,,4.3,9600
FD49163,25-03-2024,Monday,13,Lunch,Pune,Kothrud,Pooja S.,Thali Express,North Indian|Gujarati,Gujarati Thali|Veg Thali|Jalebi,Veg,4,860,,0,UPI,35,4,,4.2,4700
FD49162,25-03-2024,Monday,13,Lunch,Mumbai,Thane,Aditya K.,Thali Express,North Indian|Gujarati,Gujarati Thali|Veg Thali|Jalebi,Veg,3,580,,0,Cash,50,,,4.2,4700
FD49161,25-03-2024,Monday,13,Lunch,Pune,Baner,Rahul A.,Shawarma Street,Lebanese|Street Food,Hummus Platter|Falafel Wrap|Chicken Shawarma,Non-Veg,3,480,WELCOME50,150,UPI,35,5,Worth every rupee.,4.2,5300
FD49160,25-03-2024,Monday,12,Lunch,Mumbai,Powai,Pooja K.,Pav Bhaji Point,Street Food|Maharashtrian,Pav Bhaji|Misal Pav|Masala Chaas,Veg,5,570,WELCOME50,150,UPI,30,4,Delivered super fast.,4.3,9600
FD49159,25-03-2024,Monday,8,Breakfast,Bengaluru,Koramangala,Priya K.,The Healthy Bowl,Healthy Food|Salads,Protein Bowl|Quinoa Salad,Veg,4,1220,,0,Card,19,4,,3.8,2100
FD49158,24-03-2024,Sunday,23,Late Night,Delhi,Dwarka,Kavya K.,Burger Barn,Fast Food|American,Chicken Burger,Non-Veg,1,190,BIRYANI30,57,Card,43,4,"Hot and tasty, loved it!",3.9,15100
FD49157,24-03-2024,Sunday,22,Dinner,Mumbai,Powai,Nikhil S.,Biryani Junction,Biryani|Hyderabadi|Mughlai,Chicken Biryani|Double Ka Meetha|Raita,Non-Veg,3,410,,0,Wallet,31,5,,4.4,18400
FD49156,24-03-2024,Sunday,20,Dinner,Pune,Baner,Meera S.,Pav Bhaji Point,Street Food|Maharashtrian,Pav Bhaji|Misal Pav|Masala Chaas|Vada Pav,Veg,6,600,WELCOME50,150,UPI,29,5,"Hot and tasty, loved it!",4.3,9600
FD49155,24-03-2024,Sunday,17,Snacks,Hyderabad,Banjara Hills,Pranav K.,Shawarma Street,Lebanese|Street Food,Hummus Platter|Chicken Shawarma,Non-Veg,4,710,,0,Cash,25,5,Portion size was great.,4.2,5300
FD49154,24-03-2024,Sunday,13,Lunch,Hyderabad,Gachibowli,Harsh S.,Biryani Junction,Biryani|Hyderabadi|Mughlai,Mutton Biryani|Chicken Biryani,Non-Veg,3,1000,,0,UPI,34,5,Perfect for a late-night craving.,4.4,18400
FD49153,24-03-2024,Sunday,12,Lunch,Mumbai,Bandra,Nidhi A.,Pav Bhaji Point,Street Food|Maharashtrian,Pav Bhaji|Misal Pav|Masala Chaas|Vada Pav,Veg,4,320,FEAST20,64,Card,18,5,Portion size was great.,4.3,9600
FD49152,23-03-2024,Saturday,19,Dinner,Mumbai,Bandra,Nidhi K.,Pav Bhaji Point,Street Food|Maharashtrian,Vada Pav,Veg,1,30,,0,UPI,44,4,"Hot and tasty, loved it!",4.3,9600
FD49151,23-03-2024,Saturday,17,Snacks,Hyderabad,Ameerpet,Kabir A.,Biryani Junction,Biryani|Hyderabadi|Mughlai,Mutton Biryani|Chicken Biryani|Veg Biryani|Double Ka Meetha,Non-Veg,4,940,WELCOME50,150,UPI,29,5,,4.4,18400
FD49150,23-03-2024,Saturday,16,Snacks,Bengaluru,HSR Layout,Yash A.,Dosa Delight,South Indian,Masala Dosa|Idli Sambar|Medu Vada|Filter Coffee,Veg,6,510,WEEKEND15,76,UPI,41,3,,4.5,12800
FD49149,23-03-2024,Saturday,12,Lunch,Pune,Hinjewadi,Sana K.,The Healthy Bowl,Healthy Food|Salads,Protein Bowl,Veg,2,640,,0,Card,47,,,3.8,2100
FD49148,23-03-2024,Saturday,7,Breakfast,Bengaluru,Indiranagar,Varun S.,Dosa Delight,South Indian,Masala Dosa|Idli Sambar|Medu Vada,Veg,5,470,,0,Card,33,3,Packaging was leaking.,4.5,12800
FD49147,23-03-2024,Saturday,0,Late Night,Mumbai,Bandra,Meera A.,Cake Corner,Desserts|Bakery,Chocolate Truffle Cake|Brownie,Veg,2,640,,0,UPI,26,,,4.6,8900
FD49146,22-03-2024,Friday,22,Dinner,Bengaluru,Koramangala,Vihaan A.,Wok & Roll,Chinese|Thai,Chilli Chicken|Hakka Noodles|Fried Rice,Non-Veg,3,560,,0,UPI,36,5,Portion size was great.,4,6400
FD49145,22-03-2024,Friday,21,Dinner,Mumbai,Colaba,Aisha A.,Wok & Roll,Chinese|Thai,Hakka Noodles,Non-Veg,1,170,,0,UPI,28,4,,4,6400
FD49144,22-03-2024,Friday,21,Dinner,Pune,Kothrud,Isha A.,Pav Bhaji Point,Street Food|Maharashtrian,Pav Bhaji|Masala Chaas|Vada Pav,Veg,4,350,FEAST20,70,Cash,31,5,,4.3,9600
FD49143,22-03-2024,Friday,20,Dinner,Mumbai,Powai,Sneha S.,Wok & Roll,Chinese|Thai,Chilli Chicken|Hakka Noodles|Veg Manchurian,Non-Veg,3,560,,0,UPI,41,4,,4,6400
FD49142,22-03-2024,Friday,14,Lunch,Mumbai,Thane,Vihaan K.,Pav Bhaji Point,Street Food|Maharashtrian,Pav Bhaji|Misal Pav|Masala Chaas,Veg,4,430,,0,Wallet,37,4,,4.3,9600
FD49141,22-03-2024,Friday,7,Breakfast,Pune,Baner,Tanvi A.,Chai & Snacks,Beverages|Snacks,Kanda Bhaji|Masala Chai|Samosa,Veg,3,115,,0,Cash,42,4,,4.1,3900
FD49140,21-03-2024,Thursday,23,Late Night,Mumbai,Dadar,Arjun S.,Biryani Junction,Biryani|Hyderabadi|Mughlai,Mutton Biryani|Double Ka Meetha,Non-Veg,2,450,,0,UPI,42,5,,4.4,18400
FD49139,21-03-2024,Thursday,21,Dinner,Mumbai,Bandra,Rahul A.,The Healthy Bowl,Healthy Food|Salads,Quinoa Salad,Veg,2,520,,0,Card,36,3,,3.8,2100
FD49138,21-03-2024,Thursday,19,Dinner,Bengaluru,Koramangala,Diya S.,Wok & Roll,Chinese|Thai,Chilli Chicken|Hakka Noodles|Fried Rice,Non-Veg,5,1020,FEAST20,150,Card,40,,,4,6400
FD49137,21-03-2024,Thursday,17,Snacks,Pune,Shivajinagar,Tanvi K.,Cake Corner,Desserts|Bakery,Chocolate Truffle Cake|Red Velvet Pastry|Brownie|Cupcake,Veg,6,1930,,0,Cash,34,4,,4.6,8900
FD49136,21-03-2024,Thursday,16,Snacks,Pune,Hinjewadi,Arjun K.,Chai & Snacks,Beverages|Snacks,Kanda Bhaji|Bun Maska|Masala Chai,Veg,3,130,,0,Card,46,3,Too spicy for me.,4.1,3900
FD49135,21-03-2024,Thursday,14,Lunch,Pune,Shivajinagar,Aisha A.,Biryani Junction,Biryani|Hyderabadi|Mughlai,Mutton Biryani|Chicken Biryani|Veg Biryani|Raita,Non-Veg,5,1250,,0,Cash,43,3,,4.4,18400
FD49134,21-03-2024,Thursday,14,Lunch,Bengaluru,HSR Layout,Pranav K.,Dosa Delight,South Indian,Idli Sambar,Veg,3,210,FEAST20,42,UPI,40,4,,4.5,12800
FD49133,21-03-2024,Thursday,9,Breakfast,Pune,Kothrud,Rohan A.,Pav Bhaji Point,Street Food|Maharashtrian,Pav Bhaji|Masala Chaas|Vada Pav,Veg,5,490,,0,Card,26,,,4.3,9600
FD49132,21-03-2024,Thursday,8,Breakfast,Hyderabad,Ameerpet,Nidhi K.,Pizza Plaza,Pizza|Italian|Fast Food,Margherita Pizza|Choco Lava Cake,Veg,2,348,FEAST20,69,UPI,32,5,Perfect for a late-night craving.,4,16800
FD49131,21-03-2024,Thursday,7,Breakfast,Pune,Hadapsar,Karan A.,Chai & Snacks,Beverages|Snacks,Samosa,Veg,1,25,,0,Card,39,4,,4.1,3900
FD49130,20-03-2024,Wednesday,22,Dinner,Hyderabad,Kukatpally,Pranav A.,Biryani Junction,Biryani|Hyderabadi|Mughlai,Mutton Biryani|Chicken Biryani|Double Ka Meetha,Non-Veg,5,1450,FEAST20,150,Card,37,2,,4.4,18400
FD49129,20-03-2024,Wednesday,19,Dinner,Pune,Baner,Rahul S.,Wok & Roll,Chinese|Thai,Chilli Chicken|Hakka Noodles|Veg Manchurian|Fried Rice,Non-Veg,5,950,,0,UPI,45,5,,4,6400
FD49128,20-03-2024,Wednesday,19,Dinner,Pune,Kothrud,Karan S.,Pav Bhaji Point,Street Food|Maharashtrian,Pav Bhaji|Misal Pav|Masala Chaas,Veg,5,570,,0,UPI,20,4,,4.3,9600
FD49127,20-03-2024,Wednesday,17,Snacks,Delhi,Lajpat Nagar,Pranav K.,Paratha Paradise,North Indian|Breakfast,Paneer Paratha|Aloo Paratha|Lassi,Veg,3,280,FEAST20,56,UPI,21,,,4.4,6100
FD49126,20-03-2024,Wednesday,17,Snacks,Pune,Kothrud,Siddharth A.,Pav Bhaji Point,Street Food|Maharashtrian,Pav Bhaji|Misal Pav|Masala Chaas|Vada Pav,Veg,5,460,,0,Cash,28,4,"Hot and tasty, loved it!",4.3,9600
FD49125,20-03-2024,Wednesday,17,Snacks,Mumbai,Powai,Diya A.,Pav Bhaji Point,Street Food|Maharashtrian,Pav Bhaji|Misal Pav,Veg,2,250,,0,UPI,45,3,Missing one item.,4.3,9600
FD49124,20-03-2024,Wednesday,14,Lunch,Bengaluru,Whitefield,Rohan S.,Burger Barn,Fast Food|American,Chicken Burger|Cheese Burger|Cold Coffee|French Fries,Non-Veg,4,569,,0,Cash,38,3,,3.9,15100
FD49123,20-03-2024,Wednesday,12,Lunch,Mumbai,Thane,Harsh K.,Dosa Delight,South Indian,Masala Dosa|Medu Vada|Filter Coffee,Veg,3,220,,0,UPI,36,4,,4.5,12800
FD49122,20-03-2024,Wednesday,8,Breakfast,Bengaluru,Electronic City,Rohan A.,Dosa Delight,South Indian,Masala Dosa|Medu Vada,Veg,4,400,,0,Card,41,3,Missing one item.,4.5,12800
FD49121,20-03-2024,Wednesday,1,Late Night,Bengaluru,Whitefield,Yash K.,Burger Barn,Fast Food|American,Chicken Burger|Cheese Burger|Cold Coffee|French Fries,Non-Veg,4,569,BIRYANI30,150,UPI,41,,,3.9,15100
FD49120,19-03-2024,Tuesday,22,Dinner,Bengaluru,Electronic City,Arjun S.,Pizza Plaza,Pizza|Italian|Fast Food,Farmhouse Pizza|Margherita Pizza|Garlic Bread,Veg,3,777,,0,Wallet,30,5,Perfect for a late-night craving.,4,16800
FD49119,19-03-2024,Tuesday,22,Dinner,Pune,Shivajinagar,Rahul K.,Pav Bhaji Point,Street Food|Maharashtrian,Pav Bhaji|Misal Pav,Veg,2,250,FEAST20,50,UPI,27,5,,4.3,9600
FD49118,19-03-2024,Tuesday,19,Dinner,Bengaluru,Whitefield,Kabir A.,Pizza Plaza,Pizza|Italian|Fast Food,Garlic Bread|Choco Lava Cake,Veg,2,228,,0,Card,25,5,,4,16800
FD49117,19-03-2024,Tuesday,17,Snacks,Mumbai,Thane,Pranav A.,Pav Bhaji Point,Street Food|Maharashtrian,Pav Bhaji|Misal Pav|Masala Chaas|Vada Pav,Veg,5,460,,0,Cash,20,4,,4.3,9600
FD49116,19-03-2024,Tuesday,17,Snacks,Hyderabad,Ameerpet,Aditya K.,Biryani Junction,Biryani|Hyderabadi|Mughlai,Chicken Biryani|Double Ka Meetha|Raita,Non-Veg,5,970,FEAST20,150,Wallet,26,4,,4.4,18400
FD49115,19-03-2024,Tuesday,17,Snacks,Pune,Hinjewadi,Diya K.,Thali Express,North Indian|Gujarati,Gujarati Thali|Veg Thali|Jalebi,Veg,3,580,,0,UPI,33,5,,4.2,4700
FD49114,19-03-2024,Tuesday,16,Snacks,Pune,Hinjewadi,Kabir S.,Pav Bhaji Point,Street Food|Maharashtrian,Pav Bhaji|Misal Pav,Veg,2,250,,0,UPI,24,5,,4.3,9600
FD49113,19-03-2024,Tuesday,12,Lunch,Mumbai,Thane,Harsh S.,Thali Express,North Indian|Gujarati,Jalebi,Veg,3,180,,0,UPI,37,4,,4.2,4700
FD49112,18-03-2024,Monday,22,Dinner,Delhi,Lajpat Nagar,Diya K.,Tandoori Nights,North Indian|Mughlai,Butter Chicken|Paneer Tikka|Dal Makhani|Garlic Naan,Non-Veg,4,860,,0,Card,31,4,"Hot and tasty, loved it!",4.3,11200
FD49111,18-03-2024,Monday,21,Dinner,Hyderabad,Secunderabad,Vihaan K.,Cake Corner,Desserts|Bakery,Red Velvet Pastry|Cupcake,Veg,2,190,,0,Cash,28,4,,4.6,8900
FD49110,18-03-2024,Monday,18,Snacks,Hyderabad,Gachibowli,Pranav K.,Cake Corner,Desserts|Bakery,Chocolate Truffle Cake,Veg,2,1100,,0,Card,38,5,,4.6,8900
FD49109,18-03-2024,Monday,18,Snacks,Bengaluru,Whitefield,Pooja K.,Dosa Delight,South Indian,Filter Coffee,Veg,1,40,FEAST20,8,Wallet,23,5,Delivered super fast.,4.5,12800
FD49108,18-03-2024,Monday,14,Lunch,Bengaluru,Indiranagar,Pooja S.,Biryani Junction,Biryani|Hyderabadi|Mughlai,Chicken Biryani|Raita,Non-Veg,3,600,FEAST20,120,UPI,28,5,,4.4,18400
FD49107,18-03-2024,Monday,13,Lunch,Hyderabad,Banjara Hills,Kabir A.,Biryani Junction,Biryani|Hyderabadi|Mughlai,Mutton Biryani|Veg Biryani|Raita,Non-Veg,3,610,FEAST20,122,Card,39,4,,4.4,18400
FD49106,18-03-2024,Monday,12,Lunch,Pune,Kothrud,Aditya A.,Thali Express,North Indian|Gujarati,Veg Thali|Jalebi,Veg,4,780,,0,Cash,41,3,,4.2,4700
FD49105,18-03-2024,Monday,0,Late Night,Pune,Viman Nagar,Aisha S.,Cake Corner,Desserts|Bakery,Chocolate Truffle Cake|Red Velvet Pastry|Brownie|Cupcake,Veg,4,830,,0,UPI,37,4,"Hot and tasty, loved it!",4.6,8900
FD49104,17-03-2024,Sunday,22,Dinner,Bengaluru,Whitefield,Gauri S.,Biryani Junction,Biryani|Hyderabadi|Mughlai,Mutton Biryani|Chicken Biryani|Veg Biryani|Double Ka Meetha,Non-Veg,4,940,,0,Cash,30,4,,4.4,18400
FD49103,17-03-2024,Sunday,21,Dinner,Bengaluru,HSR Layout,Priya A.,Dosa Delight,South Indian,Masala Dosa|Medu Vada|Filter Coffee,Veg,5,440,,0,UPI,32,4,Perfect for a late-night craving.,4.5,12800
FD49103,17-03-2024,Sunday,21,Dinner,Bengaluru,HSR Layout,Priya A.,Dosa Delight,South Indian,Masala Dosa|Medu Vada|Filter Coffee,Veg,5,440,,0,UPI,32,4,Perfect for a late-night craving.,4.5,12800
FD49102,17-03-2024,Sunday,21,Dinner,Delhi,Karol Bagh,Rohan S.,Paratha Paradise,North Indian|Breakfast,Paneer Paratha|Aloo Paratha|Lassi,Veg,3,280,,0,UPI,35,5,Delivered super fast.,4.4,6100
FD49101,17-03-2024,Sunday,19,Dinner,Mumbai,Bandra,Tanvi K.,Biryani Junction,Biryani|Hyderabadi|Mughlai,Mutton Biryani|Chicken Biryani,Non-Veg,2,640,,0,UPI,30,,,4.4,18400
FD49100,17-03-2024,Sunday,14,Lunch,Mumbai,Dadar,Gauri K.,Cake Corner,Desserts|Bakery,Chocolate Truffle Cake|Red Velvet Pastry|Brownie|Cupcake,Veg,5,1380,,0,UPI,33,4,,4.6,8900
FD49099,17-03-2024,Sunday,14,Lunch,Mumbai,Bandra,Rahul S.,Dosa Delight,South Indian,Medu Vada,Veg,1,70,,0,UPI,38,5,,4.5,12800
FD49098,17-03-2024,Sunday,14,Lunch,Pune,Hadapsar,Sneha K.,Biryani Junction,Biryani|Hyderabadi|Mughlai,Mutton Biryani|Veg Biryani|Double Ka Meetha,Non-Veg,5,1380,FEAST20,150,UPI,38,5,,4.4,18400
FD49097,17-03-2024,Sunday,12,Lunch,Pune,Kothrud,Harsh K.,Pav Bhaji Point,Street Food|Maharashtrian,Masala Chaas|Vada Pav,Veg,2,70,,0,Cash,37,5,,4.3,9600
FD49096,17-03-2024,Sunday,9,Breakfast,Delhi,Lajpat Nagar,Ananya A.,Paratha Paradise,North Indian|Breakfast,Aloo Paratha|Lassi,Veg,3,250,WEEKEND15,37,Card,31,4,,4.4,6100
FD49095,17-03-2024,Sunday,8,Breakfast,Pune,Shivajinagar,Rohan S.,Wok & Roll,Chinese|Thai,Hakka Noodles|Fried Rice|Veg Manchurian,Non-Veg,4,660,,0,Wallet,41,,,4,6400
FD49094,16-03-2024,Saturday,22,Dinner,Mumbai,Dadar,Neha S.,Biryani Junction,Biryani|Hyderabadi|Mughlai,Chicken Biryani|Veg Biryani|Double Ka Meetha|Raita,Non-Veg,6,1180,,0,Card,39,5,,4.4,18400
FD49093,16-03-2024,Saturday,22,Dinner,Pune,Baner,Rohan S.,Pizza Plaza,Pizza|Italian|Fast Food,Farmhouse Pizza|Margherita Pizza|Garlic Bread|Choco Lava Cake,Veg,6,1674,,0,UPI,31,4,"Hot and tasty, loved it!",4,16800
FD49092,16-03-2024,Saturday,20,Dinner,Mumbai,Colaba,Varun S.,Pav Bhaji Point,Street Food|Maharashtrian,Pav Bhaji,Veg,1,140,FEAST20,28,UPI,32,4,,4.3,9600
FD49091,16-03-2024,Saturday,12,Lunch,Mumbai,Bandra,Karan A.,Tandoori Nights,North Indian|Mughlai,Dal Makhani|Garlic Naan,Non-Veg,4,720,,0,UPI,39,5,,4.3,11200
FD49090,16-03-2024,Saturday,9,Breakfast,Pune,Hadapsar,Rohan S.,Pizza Plaza,Pizza|Italian|Fast Food,Margherita Pizza|Choco Lava Cake,Veg,3,597,BIRYANI30,150,UPI,36,5,,4,16800
FD49089,16-03-2024,Saturday,8,Breakfast,Bengaluru,Koramangala,Isha S.,The Healthy Bowl,Healthy Food|Salads,Protein Bowl|Quinoa Salad,Veg,2,580,,0,UPI,44,4,,3.8,2100
FD49088,16-03-2024,Saturday,7,Breakfast,Mumbai,Dadar,Meera A.,Chai & Snacks,Beverages|Snacks,Samosa,Veg,1,25,,0,Card,31,4,,4.1,3900
FD49087,15-03-2024,Friday,22,Dinner,Delhi,Lajpat Nagar,Ananya A.,Momo Mania,Tibetan|Chinese,Steamed Momos,Non-Veg,1,120,,0,Cash,44,,,4.1,7200
FD49086,15-03-2024,Friday,19,Dinner,Pune,Hadapsar,Nidhi K.,Pav Bhaji Point,Street Food|Maharashtrian,Pav Bhaji|Misal Pav|Masala Chaas|Vada Pav,Veg,6,600,,0,Cash,28,4,,4.3,9600
FD49085,15-03-2024,Friday,18,Snacks,Bengaluru,Electronic City,Siddharth K.,Shawarma Street,Lebanese|Street Food,Falafel Wrap|Chicken Shawarma,Non-Veg,2,290,,0,UPI,31,4,,4.2,5300
FD49084,15-03-2024,Friday,17,Snacks,Delhi,Noida Sec 18,Yash S.,Chai & Snacks,Beverages|Snacks,Kanda Bhaji|Masala Chai|Samosa,Veg,5,235,,0,UPI,32,4,,4.1,3900
FD49083,15-03-2024,Friday,14,Lunch,Bengaluru,MG Road,Harsh K.,Biryani Junction,Biryani|Hyderabadi|Mughlai,Mutton Biryani|Chicken Biryani|Veg Biryani|Raita,Non-Veg,6,1610,,0,UPI,31,4,,4.4,18400
FD49082,15-03-2024,Friday,12,Lunch,Mumbai,Dadar,Priya K.,Biryani Junction,Biryani|Hyderabadi|Mughlai,Mutton Biryani|Chicken Biryani|Double Ka Meetha,Non-Veg,4,1090,,0,UPI,41,5,,4.4,18400
FD49081,15-03-2024,Friday,7,Breakfast,Mumbai,Colaba,Karan S.,Chai & Snacks,Beverages|Snacks,Masala Chai|Samosa,Veg,4,115,BIRYANI30,34,Cash,33,4,Worth every rupee.,4.1,3900
FD49080,14-03-2024,Thursday,22,Dinner,Bengaluru,Whitefield,Ananya S.,Dosa Delight,South Indian,Filter Coffee,Veg,1,40,BIRYANI30,12,UPI,39,3,,4.5,12800
FD49079,14-03-2024,Thursday,18,Snacks,Mumbai,Thane,Diya K.,Thali Express,North Indian|Gujarati,Gujarati Thali|Veg Thali|Jalebi,Veg,5,1140,FEAST20,150,UPI,24,,,4.2,4700
FD49078,14-03-2024,Thursday,13,Lunch,Mumbai,Andheri,Gauri S.,Biryani Junction,Biryani|Hyderabadi|Mughlai,Mutton Biryani|Chicken Biryani|Veg Biryani,Non-Veg,3,850,,0,Cash,37,4,Best biryani in town!,4.4,18400
FD49077,14-03-2024,Thursday,8,Breakfast,Mumbai,Powai,Gauri A.,Pav Bhaji Point,Street Food|Maharashtrian,Masala Chaas,Veg,2,80,,0,UPI,23,5,,4.3,9600
FD49076,14-03-2024,Thursday,8,Breakfast,Delhi,Karol Bagh,Nikhil S.,Tandoori Nights,North Indian|Mughlai,Paneer Tikka,Non-Veg,2,520,,0,UPI,12,4,,4.3,11200
FD49075,14-03-2024,Thursday,8,Breakfast,Pune,Baner,Sneha A.,Pav Bhaji Point,Street Food|Maharashtrian,Pav Bhaji|Vada Pav,Veg,2,170,,0,UPI,30,5,,4.3,9600
FD49074,13-03-2024,Wednesday,22,Dinner,Pune,Viman Nagar,Meera A.,Cake Corner,Desserts|Bakery,Chocolate Truffle Cake|Red Velvet Pastry|Brownie|Cupcake,Veg,5,1380,,0,UPI,28,5,,4.6,8900
FD49073,13-03-2024,Wednesday,22,Dinner,Pune,Shivajinagar,Gauri A.,Biryani Junction,Biryani|Hyderabadi|Mughlai,Chicken Biryani|Raita,Non-Veg,3,600,,0,Card,38,5,,4.4,18400
FD49072,13-03-2024,Wednesday,21,Dinner,Delhi,Noida Sec 18,Nidhi K.,Burger Barn,Fast Food|American,Cold Coffee,Non-Veg,2,240,,0,Cash,38,,,3.9,15100
FD49071,13-03-2024,Wednesday,19,Dinner,Pune,Kothrud,Ananya A.,Cake Corner,Desserts|Bakery,Brownie,Veg,3,270,,0,UPI,37,4,,4.6,8900
FD49070,13-03-2024,Wednesday,13,Lunch,Delhi,Dwarka,Aditya A.,Tandoori Nights,North Indian|Mughlai,Butter Chicken|Dal Makhani|Garlic Naan,Non-Veg,3,600,,0,Cash,50,5,,4.3,11200
FD49069,13-03-2024,Wednesday,12,Lunch,Mumbai,Colaba,Harsh K.,Pav Bhaji Point,Street Food|Maharashtrian,Pav Bhaji|Masala Chaas,Veg,2,180,,0,UPI,41,4,,4.3,9600
FD49068,13-03-2024,Wednesday,1,Late Night,Hyderabad,Ameerpet,Kavya S.,Biryani Junction,Biryani|Hyderabadi|Mughlai,Mutton Biryani|Chicken Biryani,Non-Veg,2,640,,0,UPI,43,2,,4.4,18400
FD49067,12-03-2024,Tuesday,23,Late Night,Hyderabad,Ameerpet,Karan K.,Burger Barn,Fast Food|American,Chicken Burger|Cheese Burger|Cold Coffee|French Fries,Non-Veg,4,569,,0,Card,24,,,3.9,15100
FD49066,12-03-2024,Tuesday,19,Dinner,Bengaluru,Electronic City,Aisha S.,Wok & Roll,Chinese|Thai,Chilli Chicken|Hakka Noodles,Non-Veg,2,400,FEAST20,80,UPI,34,5,,4,6400
FD49065,12-03-2024,Tuesday,18,Snacks,Mumbai,Andheri,Sneha S.,Chai & Snacks,Beverages|Snacks,Samosa,Veg,1,25,BIRYANI30,7,Card,25,5,Delivered super fast.,4.1,3900
FD49064,12-03-2024,Tuesday,16,Snacks,Bengaluru,Indiranagar,Omkar A.,Dosa Delight,South Indian,Masala Dosa|Idli Sambar|Medu Vada|Filter Coffee,Veg,4,290,,0,UPI,42,,,4.5,12800
FD49063,12-03-2024,Tuesday,16,Snacks,Pune,Kothrud,Sneha S.,Momo Mania,Tibetan|Chinese,Fried Momos|Steamed Momos,Non-Veg,3,400,,0,UPI,25,5,,4.1,7200
FD49062,12-03-2024,Tuesday,14,Lunch,Pune,Hinjewadi,Nikhil A.,Pav Bhaji Point,Street Food|Maharashtrian,Pav Bhaji|Misal Pav|Masala Chaas,Veg,3,290,,0,Card,30,5,,4.3,9600
FD49061,12-03-2024,Tuesday,12,Lunch,Bengaluru,Whitefield,Rohan K.,Biryani Junction,Biryani|Hyderabadi|Mughlai,Mutton Biryani,Non-Veg,3,1080,,0,Card,26,,,4.4,18400
FD49060,12-03-2024,Tuesday,7,Breakfast,Delhi,Noida Sec 18,Siddharth S.,Burger Barn,Fast Food|American,Chicken Burger|Cheese Burger|Cold Coffee|French Fries,Non-Veg,4,569,BIRYANI30,150,UPI,34,3,,3.9,15100
FD49059,12-03-2024,Tuesday,7,Breakfast,Mumbai,Powai,Nikhil A.,The Healthy Bowl,Healthy Food|Salads,Fruit Smoothie,Veg,1,150,,0,UPI,28,5,,3.8,2100
FD49058,11-03-2024,Monday,22,Dinner,Mumbai,Colaba,Kavya S.,Tandoori Nights,North Indian|Mughlai,Butter Chicken|Paneer Tikka|Dal Makhani|Garlic Naan,Non-Veg,5,1180,,0,Card,47,4,Perfect for a late-night craving.,4.3,11200
FD49057,11-03-2024,Monday,22,Dinner,Delhi,Karol Bagh,Varun A.,Wok & Roll,Chinese|Thai,Fried Rice,Non-Veg,2,320,,0,Card,15,4,Worth every rupee.,4,6400
FD49056,11-03-2024,Monday,21,Dinner,Pune,Shivajinagar,Aisha A.,Wok & Roll,Chinese|Thai,Chilli Chicken|Hakka Noodles|Fried Rice|Veg Manchurian,Non-Veg,4,720,,0,UPI,24,,,4,6400
FD49055,11-03-2024,Monday,21,Dinner,Bengaluru,HSR Layout,Nidhi A.,Wok & Roll,Chinese|Thai,Chilli Chicken|Hakka Noodles|Veg Manchurian|Fried Rice,Non-Veg,4,720,,0,Card,43,,,4,6400
FD49054,11-03-2024,Monday,18,Snacks,Hyderabad,HITEC City,Gauri A.,Biryani Junction,Biryani|Hyderabadi|Mughlai,Mutton Biryani|Double Ka Meetha,Non-Veg,4,1170,FEAST20,150,UPI,25,,,4.4,18400
FD49053,11-03-2024,Monday,14,Lunch,Bengaluru,MG Road,Ananya K.,Biryani Junction,Biryani|Hyderabadi|Mughlai,Chicken Biryani,Non-Veg,3,840,,0,Wallet,33,4,,4.4,18400
FD49052,11-03-2024,Monday,12,Lunch,Hyderabad,Banjara Hills,Neha S.,Chai & Snacks,Beverages|Snacks,Kanda Bhaji|Masala Chai|Samosa,Veg,4,175,BIRYANI30,52,Cash,22,5,,4.1,3900
FD49051,11-03-2024,Monday,12,Lunch,Delhi,Connaught Place,Arjun A.,Tandoori Nights,North Indian|Mughlai,Butter Chicken,Non-Veg,1,320,WELCOME50,150,UPI,39,4,,4.3,11200
FD49050,11-03-2024,Monday,12,Lunch,Pune,Viman Nagar,Rohan A.,Tandoori Nights,North Indian|Mughlai,Butter Chicken|Dal Makhani|Garlic Naan,Non-Veg,3,600,,0,UPI,47,4,,4.3,11200
FD49049,11-03-2024,Monday,1,Late Night,Pune,Baner,Diya S.,Thali Express,North Indian|Gujarati,Gujarati Thali|Veg Thali|Jalebi,Veg,4,860,,0,UPI,44,,,4.2,4700
FD49048,11-03-2024,Monday,1,Late Night,Mumbai,Powai,Siddharth K.,Pizza Plaza,Pizza|Italian|Fast Food,Farmhouse Pizza,Veg,3,1197,WELCOME50,150,Cash,42,3,,4,16800
FD49047,10-03-2024,Sunday,23,Late Night,Mumbai,Powai,Tanvi A.,Pav Bhaji Point,Street Food|Maharashtrian,Pav Bhaji|Misal Pav|Masala Chaas|Vada Pav,Veg,4,320,FEAST20,64,Wallet,28,5,,4.3,9600
FD49046,10-03-2024,Sunday,23,Late Night,Pune,Shivajinagar,Isha S.,Pizza Plaza,Pizza|Italian|Fast Food,Farmhouse Pizza|Margherita Pizza,Veg,2,648,WELCOME50,150,UPI,50,,,4,16800
FD49045,10-03-2024,Sunday,22,Dinner,Mumbai,Thane,Sneha S.,Pizza Plaza,Pizza|Italian|Fast Food,Margherita Pizza|Garlic Bread,Veg,4,876,,0,UPI,37,5,,4,16800
FD49044,10-03-2024,Sunday,21,Dinner,Bengaluru,Electronic City,Gauri A.,Biryani Junction,Biryani|Hyderabadi|Mughlai,Chicken Biryani|Double Ka Meetha|Raita,Non-Veg,3,410,FEAST20,82,UPI,35,5,Portion size was great.,4.4,18400
FD49043,10-03-2024,Sunday,13,Lunch,Pune,Viman Nagar,Gauri S.,Thali Express,North Indian|Gujarati,Gujarati Thali|Veg Thali|Jalebi,Veg,5,1140,FEAST20,150,UPI,29,5,,4.2,4700
FD49042,10-03-2024,Sunday,9,Breakfast,Pune,Baner,Priya A.,Chai & Snacks,Beverages|Snacks,Masala Chai|Samosa,Veg,3,85,,0,UPI,26,,,4.1,3900
FD49041,10-03-2024,Sunday,9,Breakfast,Pune,Shivajinagar,Pranav A.,Pav Bhaji Point,Street Food|Maharashtrian,Pav Bhaji|Misal Pav|Masala Chaas|Vada Pav,Veg,5,460,,0,UPI,44,5,,4.3,9600
FD49040,10-03-2024,Sunday,7,Breakfast,Delhi,Saket,Meera S.,Chai & Snacks,Beverages|Snacks,Kanda Bhaji|Masala Chai|Samosa,Veg,3,115,,0,UPI,36,5,,4.1,3900
FD49039,09-03-2024,Saturday,21,Dinner,Pune,Hadapsar,Gauri A.,Pav Bhaji Point,Street Food|Maharashtrian,Pav Bhaji,Veg,3,420,,0,UPI,42,5,,4.3,9600
FD49038,09-03-2024,Saturday,21,Dinner,Mumbai,Dadar,Neha A.,Pav Bhaji Point,Street Food|Maharashtrian,Pav Bhaji,Veg,2,280,,0,UPI,26,4,Worth every rupee.,4.3,9600
FD49037,09-03-2024,Saturday,19,Dinner,Mumbai,Powai,Neha K.,Tandoori Nights,North Indian|Mughlai,Garlic Naan,Non-Veg,1,60,WEEKEND15,9,Wallet,37,5,,4.3,11200
FD49036,09-03-2024,Saturday,8,Breakfast,Delhi,Noida Sec 18,Priya A.,Cake Corner,Desserts|Bakery,Chocolate Truffle Cake|Red Velvet Pastry|Cupcake,Veg,4,1290,,0,Wallet,32,4,,4.6,8900
FD49035,08-03-2024,Friday,21,Dinner,Mumbai,Bandra,Aisha S.,Tandoori Nights,North Indian|Mughlai,Butter Chicken|Paneer Tikka|Dal Makhani|Garlic Naan,Non-Veg,5,1180,,0,UPI,39,4,Delivered super fast.,4.3,11200
FD49034,08-03-2024,Friday,21,Dinner,Delhi,Lajpat Nagar,Rahul S.,Wok & Roll,Chinese|Thai,Hakka Noodles,Non-Veg,2,340,,0,Card,34,,,4,6400
FD49033,08-03-2024,Friday,21,Dinner,Pune,Hadapsar,Rohan A.,Wok & Roll,Chinese|Thai,Chilli Chicken|Hakka Noodles|Fried Rice|Veg Manchurian,Non-Veg,6,1180,,0,Cash,40,4,,4,6400
FD49032,08-03-2024,Friday,20,Dinner,Bengaluru,MG Road,Nikhil K.,Wok & Roll,Chinese|Thai,Hakka Noodles|Veg Manchurian|Fried Rice,Non-Veg,3,490,,0,Card,30,4,,4,6400
FD49031,08-03-2024,Friday,19,Dinner,Pune,Shivajinagar,Rahul S.,Wok & Roll,Chinese|Thai,Chilli Chicken|Hakka Noodles|Veg Manchurian|Fried Rice,Non-Veg,4,720,,0,UPI,31,3,,4,6400
FD49030,08-03-2024,Friday,16,Snacks,Pune,Hinjewadi,Neha A.,Pizza Plaza,Pizza|Italian|Fast Food,Margherita Pizza,Veg,2,498,WELCOME50,150,Card,26,5,,4,16800
FD49029,08-03-2024,Friday,14,Lunch,Pune,Hinjewadi,Yash K.,Thali Express,North Indian|Gujarati,Veg Thali,Veg,2,480,,0,Cash,35,5,,4.2,4700
FD49028,08-03-2024,Friday,14,Lunch,Pune,Kothrud,Diya K.,Biryani Junction,Biryani|Hyderabadi|Mughlai,Double Ka Meetha|Raita,Non-Veg,3,220,,0,Card,34,4,,4.4,18400
FD49027,08-03-2024,Friday,8,Breakfast,Bengaluru,Whitefield,Siddharth K.,Dosa Delight,South Indian,Masala Dosa|Idli Sambar|Medu Vada|Filter Coffee,Veg,6,510,WELCOME50,150,Cash,42,4,,4.5,12800
FD49026,08-03-2024,Friday,7,Breakfast,Mumbai,Bandra,Aarav A.,The Healthy Bowl,Healthy Food|Salads,Protein Bowl|Quinoa Salad,Veg,3,900,,0,Card,21,5,Worth every rupee.,3.8,2100
FD49025,08-03-2024,Friday,1,Late Night,Pune,Hadapsar,Siddharth A.,Pav Bhaji Point,Street Food|Maharashtrian,Pav Bhaji,Veg,2,280,,0,UPI,31,,,4.3,9600
FD49024,07-03-2024,Thursday,23,Late Night,Delhi,Lajpat Nagar,Kabir K.,Burger Barn,Fast Food|American,Chicken Burger|Cheese Burger|French Fries,Non-Veg,4,639,FEAST20,127,UPI,38,5,"Hot and tasty, loved it!",3.9,15100
FD49023,07-03-2024,Thursday,20,Dinner,Pune,Hadapsar,Yash S.,Tandoori Nights,North Indian|Mughlai,Butter Chicken|Paneer Tikka,Non-Veg,3,900,,0,UPI,44,,,4.3,11200
FD49022,07-03-2024,Thursday,17,Snacks,Mumbai,Colaba,Nikhil K.,Cake Corner,Desserts|Bakery,Chocolate Truffle Cake|Red Velvet Pastry|Brownie|Cupcake,Veg,5,1380,FEAST20,150,Cash,40,5,,4.6,8900
FD49021,07-03-2024,Thursday,14,Lunch,Mumbai,Powai,Arjun A.,Tandoori Nights,North Indian|Mughlai,Garlic Naan,Non-Veg,1,60,,0,Cash,25,4,,4.3,11200
FD49020,07-03-2024,Thursday,13,Lunch,Bengaluru,Electronic City,Aisha S.,Biryani Junction,Biryani|Hyderabadi|Mughlai,Mutton Biryani|Chicken Biryani|Veg Biryani|Double Ka Meetha,Non-Veg,4,940,,0,UPI,43,4,,4.4,18400
FD49019,07-03-2024,Thursday,13,Lunch,Pune,Hinjewadi,Harsh A.,Tandoori Nights,North Indian|Mughlai,Butter Chicken|Paneer Tikka|Dal Makhani,Non-Veg,3,800,,0,UPI,47,5,"Hot and tasty, loved it!",4.3,11200
FD49018,07-03-2024,Thursday,13,Lunch,Bengaluru,Koramangala,Tanvi S.,Dosa Delight,South Indian,Masala Dosa,Veg,3,330,,0,UPI,17,5,,4.5,12800
FD49017,07-03-2024,Thursday,12,Lunch,Mumbai,Thane,Meera S.,Wok & Roll,Chinese|Thai,Chilli Chicken|Fried Rice,Non-Veg,4,850,,0,UPI,32,5,,4,6400
FD49016,07-03-2024,Thursday,9,Breakfast,Mumbai,Bandra,Yash S.,Cake Corner,Desserts|Bakery,Chocolate Truffle Cake|Red Velvet Pastry|Brownie|Cupcake,Veg,4,830,WELCOME50,150,UPI,24,4,,4.6,8900
FD49015,07-03-2024,Thursday,8,Breakfast,Delhi,Noida Sec 18,Siddharth K.,Paratha Paradise,North Indian|Breakfast,Paneer Paratha|Aloo Paratha|Lassi,Veg,5,520,,0,UPI,27,5,,4.4,6100
FD49014,06-03-2024,Wednesday,21,Dinner,Pune,Viman Nagar,Pooja S.,Pav Bhaji Point,Street Food|Maharashtrian,Vada Pav,Veg,1,30,,0,UPI,32,4,Perfect for a late-night craving.,4.3,9600
FD49013,06-03-2024,Wednesday,19,Dinner,Delhi,Karol Bagh,Sana A.,Wok & Roll,Chinese|Thai,Chilli Chicken,Non-Veg,2,460,,0,UPI,19,5,,4,6400
FD49012,06-03-2024,Wednesday,19,Dinner,Pune,Kothrud,Aarav K.,Pav Bhaji Point,Street Food|Maharashtrian,Misal Pav,Veg,1,110,,0,Wallet,17,4,Delivered super fast.,4.3,9600
FD49011,06-03-2024,Wednesday,8,Breakfast,Delhi,Connaught Place,Nikhil S.,Paratha Paradise,North Indian|Breakfast,Lassi,Veg,1,70,,0,Card,25,,,4.4,6100
FD49010,06-03-2024,Wednesday,7,Breakfast,Delhi,Connaught Place,Sneha A.,Paratha Paradise,North Indian|Breakfast,Paneer Paratha|Aloo Paratha|Lassi,Veg,3,280,,0,UPI,30,5,Portion size was great.,4.4,6100
FD49009,06-03-2024,Wednesday,0,Late Night,Hyderabad,Secunderabad,Sana K.,Burger Barn,Fast Food|American,Cheese Burger,Non-Veg,1,160,,0,Wallet,28,5,Perfect for a late-night craving.,3.9,15100
FD49008,06-03-2024,Wednesday,0,Late Night,Pune,Shivajinagar,Ananya A.,Cake Corner,Desserts|Bakery,Chocolate Truffle Cake|Cupcake,Veg,2,620,,0,Cash,34,4,,4.6,8900
FD49007,05-03-2024,Tuesday,22,Dinner,Pune,Hadapsar,Rohan K.,Pizza Plaza,Pizza|Italian|Fast Food,Farmhouse Pizza|Margherita Pizza|Garlic Bread|Choco Lava Cake,Veg,4,876,,0,UPI,36,5,,4,16800
FD49006,05-03-2024,Tuesday,22,Dinner,Delhi,Lajpat Nagar,Harsh S.,Momo Mania,Tibetan|Chinese,Tandoori Momos|Thukpa|Fried Momos|Steamed Momos,Non-Veg,6,930,FEAST20,150,Cash,25,4,,4.1,7200
FD49005,05-03-2024,Tuesday,19,Dinner,Bengaluru,Koramangala,Siddharth A.,Pizza Plaza,Pizza|Italian|Fast Food,Farmhouse Pizza|Margherita Pizza|Garlic Bread,Veg,3,777,FEAST20,150,UPI,41,4,Worth every rupee.,4,16800
FD49004,05-03-2024,Tuesday,18,Snacks,Mumbai,Thane,Sana A.,Biryani Junction,Biryani|Hyderabadi|Mughlai,Mutton Biryani|Chicken Biryani|Double Ka Meetha|Raita,Non-Veg,5,1130,,0,Card,19,5,"Hot and tasty, loved it!",4.4,18400
FD49003,05-03-2024,Tuesday,18,Snacks,Bengaluru,Electronic City,Rahul K.,Dosa Delight,South Indian,Masala Dosa|Medu Vada|Idli Sambar,Veg,3,250,,0,UPI,33,4,,4.5,12800
FD49002,05-03-2024,Tuesday,18,Snacks,Delhi,Dwarka,Harsh K.,Paratha Paradise,North Indian|Breakfast,Paneer Paratha|Aloo Paratha|Lassi,Veg,3,280,,0,UPI,13,5,,4.4,6100
FD49001,05-03-2024,Tuesday,13,Lunch,Pune,Kothrud,Rohan A.,Thali Express,North Indian|Gujarati,Veg Thali|Jalebi,Veg,3,540,,0,Cash,32,5,"Hot and tasty, loved it!",4.2,4700
FD49000,05-03-2024,Tuesday,9,Breakfast,Mumbai,Dadar,Gauri A.,Pizza Plaza,Pizza|Italian|Fast Food,Margherita Pizza|Choco Lava Cake,Veg,2,348,,0,UPI,24,4,Portion size was great.,4,16800
FD48999,04-03-2024,Monday,22,Dinner,Pune,Viman Nagar,Priya A.,Biryani Junction,Biryani|Hyderabadi|Mughlai,Mutton Biryani|Chicken Biryani|Veg Biryani|Raita,Non-Veg,4,890,,0,Cash,28,5,,4.4,18400
FD48998,04-03-2024,Monday,21,Dinner,Hyderabad,Secunderabad,Tanvi A.,Burger Barn,Fast Food|American,Chicken Burger|Cheese Burger,Non-Veg,2,350,,0,UPI,40,4,,3.9,15100
FD48997,04-03-2024,Monday,21,Dinner,Pune,Kothrud,Nikhil K.,Pav Bhaji Point,Street Food|Maharashtrian,Pav Bhaji|Misal Pav|Masala Chaas|Vada Pav,Veg,5,460,FEAST20,92,UPI,28,5,Perfect for a late-night craving.,4.3,9600
FD48996,04-03-2024,Monday,20,Dinner,Delhi,Karol Bagh,Yash A.,Chai & Snacks,Beverages|Snacks,Kanda Bhaji|Masala Chai,Veg,2,90,,0,UPI,43,,,4.1,3900
FD48995,04-03-2024,Monday,19,Dinner,Hyderabad,Banjara Hills,Sneha A.,Cake Corner,Desserts|Bakery,Brownie,Veg,2,180,,0,UPI,24,5,Perfect for a late-night craving.,4.6,8900
FD48994,04-03-2024,Monday,18,Snacks,Mumbai,Bandra,Harsh A.,Pav Bhaji Point,Street Food|Maharashtrian,Pav Bhaji|Misal Pav,Veg,2,250,,0,Card,25,5,,4.3,9600
FD48993,04-03-2024,Monday,18,Snacks,Hyderabad,Kukatpally,Aarav K.,Cake Corner,Desserts|Bakery,Chocolate Truffle Cake|Red Velvet Pastry|Brownie|Cupcake,Veg,4,830,,0,UPI,26,4,,4.6,8900
FD48992,04-03-2024,Monday,13,Lunch,Bengaluru,MG Road,Tanvi A.,Biryani Junction,Biryani|Hyderabadi|Mughlai,Mutton Biryani|Veg Biryani|Raita,Non-Veg,3,610,,0,UPI,23,4,Perfect for a late-night craving.,4.4,18400
FD48991,04-03-2024,Monday,13,Lunch,Mumbai,Andheri,Aditya K.,Biryani Junction,Biryani|Hyderabadi|Mughlai,Chicken Biryani|Raita,Non-Veg,3,600,,0,Wallet,26,5,,4.4,18400
FD48990,03-03-2024,Sunday,23,Late Night,Pune,Viman Nagar,Yash A.,Pav Bhaji Point,Street Food|Maharashtrian,Pav Bhaji|Misal Pav|Masala Chaas|Vada Pav,Veg,5,460,FEAST20,92,UPI,41,4,,4.3,9600
FD48989,03-03-2024,Sunday,19,Dinner,Bengaluru,Koramangala,Priya K.,Biryani Junction,Biryani|Hyderabadi|Mughlai,Chicken Biryani|Veg Biryani,Non-Veg,2,490,,0,Card,42,4,,4.4,18400
FD48988,03-03-2024,Sunday,19,Dinner,Bengaluru,Koramangala,Priya S.,Biryani Junction,Biryani|Hyderabadi|Mughlai,Mutton Biryani|Chicken Biryani|Veg Biryani|Raita,Non-Veg,6,1610,,0,Cash,44,4,,4.4,18400
FD48987,03-03-2024,Sunday,18,Snacks,Pune,Baner,Diya S.,Pav Bhaji Point,Street Food|Maharashtrian,Pav Bhaji|Misal Pav|Masala Chaas|Vada Pav,Veg,5,460,WEEKEND15,69,UPI,41,4,,4.3,9600
FD48986,02-03-2024,Saturday,22,Dinner,Delhi,Saket,Harsh A.,Pizza Plaza,Pizza|Italian|Fast Food,Farmhouse Pizza,Veg,2,798,,0,Card,20,5,Portion size was great.,4,16800
FD48985,02-03-2024,Saturday,21,Dinner,Pune,Shivajinagar,Aisha S.,Pav Bhaji Point,Street Food|Maharashtrian,Pav Bhaji|Misal Pav|Vada Pav,Veg,4,420,,0,UPI,43,4,,4.3,9600
FD48984,02-03-2024,Saturday,21,Dinner,Pune,Hinjewadi,Yash S.,Momo Mania,Tibetan|Chinese,Tandoori Momos|Fried Momos|Steamed Momos,Non-Veg,4,600,,0,UPI,35,4,,4.1,7200
FD48983,02-03-2024,Saturday,20,Dinner,Mumbai,Andheri,Sneha S.,Pav Bhaji Point,Street Food|Maharashtrian,Pav Bhaji|Misal Pav|Masala Chaas|Vada Pav,Veg,6,600,WELCOME50,150,Wallet,37,4,,4.3,9600
FD48982,02-03-2024,Saturday,20,Dinner,Bengaluru,HSR Layout,Omkar K.,Wok & Roll,Chinese|Thai,Veg Manchurian,Non-Veg,3,480,,0,UPI,35,5,,4,6400
FD48981,02-03-2024,Saturday,19,Dinner,Pune,Shivajinagar,Nikhil A.,Pav Bhaji Point,Street Food|Maharashtrian,Misal Pav,Veg,2,220,,0,Cash,34,3,,4.3,9600
FD48980,02-03-2024,Saturday,16,Snacks,Bengaluru,MG Road,Kabir A.,Cake Corner,Desserts|Bakery,Chocolate Truffle Cake,Veg,1,550,WEEKEND15,82,Cash,42,4,Perfect for a late-night craving.,4.6,8900
FD48979,02-03-2024,Saturday,14,Lunch,Pune,Hinjewadi,Kabir S.,Pav Bhaji Point,Street Food|Maharashtrian,Misal Pav|Masala Chaas,Veg,3,260,,0,UPI,36,5,Delivered super fast.,4.3,9600
FD48978,02-03-2024,Saturday,13,Lunch,Mumbai,Colaba,Tanvi S.,Thali Express,North Indian|Gujarati,Gujarati Thali|Veg Thali,Veg,4,1080,WELCOME50,150,Wallet,33,5,,4.2,4700
FD48977,02-03-2024,Saturday,9,Breakfast,Delhi,Lajpat Nagar,Vihaan A.,Tandoori Nights,North Indian|Mughlai,Butter Chicken|Dal Makhani,Non-Veg,4,1180,BIRYANI30,150,Card,19,5,,4.3,11200
FD48976,01-03-2024,Friday,22,Dinner,Mumbai,Thane,Omkar A.,Burger Barn,Fast Food|American,Cheese Burger|Cold Coffee|French Fries,Non-Veg,5,699,,0,Card,33,5,,3.9,15100
FD48975,01-03-2024,Friday,22,Dinner,Pune,Viman Nagar,Aarav A.,Pizza Plaza,Pizza|Italian|Fast Food,Farmhouse Pizza|Margherita Pizza|Choco Lava Cake,Veg,4,1146,FEAST20,150,UPI,27,,,4,16800
FD48974,01-03-2024,Friday,22,Dinner,Delhi,Saket,Aisha K.,Wok & Roll,Chinese|Thai,Chilli Chicken|Hakka Noodles|Fried Rice|Veg Manchurian,Non-Veg,6,1180,,0,Card,26,5,"Hot and tasty, loved it!",4,6400
FD48973,01-03-2024,Friday,20,Dinner,Pune,Hinjewadi,Aisha A.,Wok & Roll,Chinese|Thai,Chilli Chicken|Hakka Noodles|Fried Rice|Veg Manchurian,Non-Veg,6,1180,,0,Cash,40,5,,4,6400
FD48972,01-03-2024,Friday,20,Dinner,Delhi,Connaught Place,Ananya S.,Paratha Paradise,North Indian|Breakfast,Aloo Paratha,Veg,2,180,,0,UPI,42,3,,4.4,6100
FD48971,01-03-2024,Friday,19,Dinner,Pune,Kothrud,Pranav S.,Wok & Roll,Chinese|Thai,Hakka Noodles|Veg Manchurian,Non-Veg,4,670,,0,Cash,43,4,,4,6400
FD48970,01-03-2024,Friday,18,Snacks,Mumbai,Andheri,Kavya K.,Pav Bhaji Point,Street Food|Maharashtrian,Pav Bhaji|Misal Pav|Vada Pav,Veg,4,420,,0,Cash,33,,,4.3,9600
FD48969,01-03-2024,Friday,18,Snacks,Bengaluru,Indiranagar,Neha S.,Cake Corner,Desserts|Bakery,Chocolate Truffle Cake|Red Velvet Pastry|Brownie|Cupcake,Veg,5,1380,,0,UPI,23,5,,4.6,8900
FD48968,01-03-2024,Friday,13,Lunch,Mumbai,Powai,Sneha S.,Biryani Junction,Biryani|Hyderabadi|Mughlai,Raita,Non-Veg,1,40,,0,Card,34,5,,4.4,18400
FD48967,01-03-2024,Friday,13,Lunch,Bengaluru,Indiranagar,Siddharth K.,Shawarma Street,Lebanese|Street Food,Falafel Wrap,Non-Veg,3,450,,0,UPI,39,5,"Hot and tasty, loved it!",4.2,5300
FD48966,01-03-2024,Friday,12,Lunch,Delhi,Dwarka,Arjun A.,Tandoori Nights,North Indian|Mughlai,Garlic Naan,Non-Veg,3,180,,0,Wallet,45,4,Delivered super fast.,4.3,11200
FD48965,01-03-2024,Friday,12,Lunch,Bengaluru,HSR Layout,Neha K.,Dosa Delight,South Indian,Idli Sambar,Veg,1,70,,0,UPI,33,4,,4.5,12800
FD48964,29-02-2024,Thursday,20,Dinner,Pune,Viman Nagar,Rohan A.,Tandoori Nights,North Indian|Mughlai,Butter Chicken,Non-Veg,2,640,FEAST20,128,UPI,27,5,Delivered super fast.,4.3,11200
FD48963,29-02-2024,Thursday,20,Dinner,Hyderabad,Kukatpally,Varun S.,Burger Barn,Fast Food|American,Cheese Burger,Non-Veg,1,160,,0,Cash,46,3,,3.9,15100
FD48962,29-02-2024,Thursday,16,Snacks,Bengaluru,Indiranagar,Riya S.,Burger Barn,Fast Food|American,Chicken Burger,Non-Veg,2,380,BIRYANI30,114,UPI,12,5,,3.9,15100
FD48961,29-02-2024,Thursday,16,Snacks,Bengaluru,MG Road,Aisha S.,Dosa Delight,South Indian,Medu Vada,Veg,3,210,,0,UPI,27,4,,4.5,12800
FD48960,29-02-2024,Thursday,13,Lunch,Mumbai,Thane,Kabir K.,Pav Bhaji Point,Street Food|Maharashtrian,Misal Pav,Veg,1,110,,0,UPI,41,5,,4.3,9600
FD48959,29-02-2024,Thursday,13,Lunch,Bengaluru,MG Road,Yash A.,Dosa Delight,South Indian,Masala Dosa|Medu Vada|Idli Sambar|Filter Coffee,Veg,6,510,,0,UPI,34,4,,4.5,12800
FD48958,29-02-2024,Thursday,0,Late Night,Delhi,Karol Bagh,Harsh S.,Burger Barn,Fast Food|American,Chicken Burger|Cheese Burger|Cold Coffee|French Fries,Non-Veg,6,949,,0,UPI,44,4,,3.9,15100
FD48957,28-02-2024,Wednesday,22,Dinner,Delhi,Connaught Place,Rohan A.,Tandoori Nights,North Indian|Mughlai,Butter Chicken|Paneer Tikka|Dal Makhani|Garlic Naan,Non-Veg,4,860,,0,UPI,27,5,,4.3,11200
FD48956,28-02-2024,Wednesday,21,Dinner,Delhi,Noida Sec 18,Priya A.,Pizza Plaza,Pizza|Italian|Fast Food,Farmhouse Pizza|Margherita Pizza|Garlic Bread,Veg,4,1176,,0,UPI,41,3,,4,16800
FD48955,28-02-2024,Wednesday,20,Dinner,Mumbai,Andheri,Meera S.,Burger Barn,Fast Food|American,Chicken Burger|Cheese Burger|Cold Coffee|French Fries,Non-Veg,4,569,,0,UPI,42,5,Worth every rupee.,3.9,15100
FD48954,28-02-2024,Wednesday,18,Snacks,Pune,Kothrud,Siddharth S.,Biryani Junction,Biryani|Hyderabadi|Mughlai,Chicken Biryani,Non-Veg,3,840,,0,Card,36,4,Perfect for a late-night craving.,4.4,18400
FD48953,28-02-2024,Wednesday,18,Snacks,Delhi,Noida Sec 18,Diya A.,Chai & Snacks,Beverages|Snacks,Kanda Bhaji|Masala Chai,Veg,4,210,,0,Wallet,24,4,Worth every rupee.,4.1,3900
FD48952,28-02-2024,Wednesday,17,Snacks,Mumbai,Bandra,Aarav S.,Wok & Roll,Chinese|Thai,Chilli Chicken|Hakka Noodles|Veg Manchurian|Fried Rice,Non-Veg,6,1180,,0,Card,30,4,,4,6400
FD48951,28-02-2024,Wednesday,16,Snacks,Hyderabad,Ameerpet,Pranav A.,Biryani Junction,Biryani|Hyderabadi|Mughlai,Chicken Biryani,Non-Veg,1,280,,0,Wallet,19,5,,4.4,18400
FD48950,28-02-2024,Wednesday,13,Lunch,Pune,Hinjewadi,Isha K.,Pav Bhaji Point,Street Food|Maharashtrian,Pav Bhaji,Veg,1,140,,0,Cash,37,4,,4.3,9600
FD48949,28-02-2024,Wednesday,9,Breakfast,Delhi,Saket,Neha S.,Burger Barn,Fast Food|American,Chicken Burger|Cheese Burger|Cold Coffee,Non-Veg,4,660,,0,UPI,31,4,,3.9,15100
FD48948,28-02-2024,Wednesday,8,Breakfast,Pune,Kothrud,Pooja A.,Chai & Snacks,Beverages|Snacks,Kanda Bhaji|Bun Maska|Masala Chai|Samosa,Veg,6,275,,0,Cash,22,5,,4.1,3900
FD48947,27-02-2024,Tuesday,22,Dinner,Pune,Shivajinagar,Aisha A.,Wok & Roll,Chinese|Thai,Hakka Noodles|Fried Rice,Non-Veg,2,330,,0,Card,39,5,,4,6400
FD48946,27-02-2024,Tuesday,19,Dinner,Bengaluru,Whitefield,Nikhil A.,Wok & Roll,Chinese|Thai,Chilli Chicken|Hakka Noodles|Fried Rice,Non-Veg,3,560,,0,UPI,30,5,,4,6400
FD48945,27-02-2024,Tuesday,18,Snacks,Pune,Shivajinagar,Diya A.,Pav Bhaji Point,Street Food|Maharashtrian,Pav Bhaji|Misal Pav|Masala Chaas|Vada Pav,Veg,6,600,,0,Cash,35,4,Worth every rupee.,4.3,9600
FD48944,27-02-2024,Tuesday,17,Snacks,Mumbai,Powai,Vihaan A.,Chai & Snacks,Beverages|Snacks,Kanda Bhaji|Masala Chai|Samosa,Veg,4,175,,0,UPI,31,4,,4.1,3900
FD48943,27-02-2024,Tuesday,14,Lunch,Mumbai,Powai,Neha K.,Pav Bhaji Point,Street Food|Maharashtrian,Misal Pav,Veg,3,330,,0,UPI,44,4,Portion size was great.,4.3,9600
FD48942,27-02-2024,Tuesday,9,Breakfast,Hyderabad,Banjara Hills,Isha K.,Chai & Snacks,Beverages|Snacks,Masala Chai,Veg,2,60,,0,UPI,28,,,4.1,3900
FD48941,27-02-2024,Tuesday,7,Breakfast,Mumbai,Thane,Pranav K.,Dosa Delight,South Indian,Medu Vada,Veg,3,210,,0,UPI,35,5,"Hot and tasty, loved it!",4.5,12800
FD48940,27-02-2024,Tuesday,7,Breakfast,Mumbai,Colaba,Aarav K.,Chai & Snacks,Beverages|Snacks,Kanda Bhaji|Bun Maska|Masala Chai|Samosa,Veg,5,215,,0,UPI,24,5,,4.1,3900
FD48939,27-02-2024,Tuesday,0,Late Night,Mumbai,Colaba,Arjun S.,Biryani Junction,Biryani|Hyderabadi|Mughlai,Chicken Biryani|Veg Biryani|Double Ka Meetha,Non-Veg,3,580,,0,Wallet,43,4,Delivered super fast.,4.4,18400
FD48938,26-02-2024,Monday,22,Dinner,Mumbai,Bandra,Omkar S.,Pav Bhaji Point,Street Food|Maharashtrian,Masala Chaas,Veg,3,120,,0,UPI,34,5,,4.3,9600
FD48937,26-02-2024,Monday,21,Dinner,Mumbai,Andheri,Nikhil K.,Pav Bhaji Point,Street Food|Maharashtrian,Pav Bhaji|Misal Pav|Masala Chaas,Veg,3,290,FEAST20,58,Card,41,5,Worth every rupee.,4.3,9600
FD48936,26-02-2024,Monday,20,Dinner,Bengaluru,Electronic City,Varun A.,Burger Barn,Fast Food|American,Chicken Burger|Cheese Burger|Cold Coffee|French Fries,Non-Veg,4,569,,0,UPI,32,4,Delivered super fast.,3.9,15100
FD48935,26-02-2024,Monday,19,Dinner,Pune,Hadapsar,Kavya K.,Biryani Junction,Biryani|Hyderabadi|Mughlai,Chicken Biryani|Raita,Non-Veg,3,600,,0,UPI,45,3,,4.4,18400
FD48934,26-02-2024,Monday,16,Snacks,Delhi,Karol Bagh,Nikhil A.,Cake Corner,Desserts|Bakery,Chocolate Truffle Cake|Cupcake,Veg,2,620,FEAST20,124,UPI,25,5,,4.6,8900
FD48933,26-02-2024,Monday,0,Late Night,Delhi,Connaught Place,Kavya S.,Burger Barn,Fast Food|American,Chicken Burger|Cheese Burger|Cold Coffee,Non-Veg,5,850,,0,Cash,42,4,,3.9,15100
FD48932,25-02-2024,Sunday,21,Dinner,Mumbai,Dadar,Isha A.,Pizza Plaza,Pizza|Italian|Fast Food,Choco Lava Cake,Veg,2,198,FEAST20,39,UPI,38,3,Food arrived cold.,4,16800
FD48931,25-02-2024,Sunday,21,Dinner,Pune,Shivajinagar,Karan S.,Pav Bhaji Point,Street Food|Maharashtrian,Pav Bhaji|Misal Pav|Masala Chaas|Vada Pav,Veg,4,320,,0,Cash,35,4,,4.3,9600
FD48930,25-02-2024,Sunday,21,Dinner,Hyderabad,Gachibowli,Rahul S.,Biryani Junction,Biryani|Hyderabadi|Mughlai,Chicken Biryani,Non-Veg,2,560,FEAST20,112,Cash,27,4,,4.4,18400
FD48929,25-02-2024,Sunday,21,Dinner,Mumbai,Powai,Pooja S.,Pav Bhaji Point,Street Food|Maharashtrian,Pav Bhaji|Misal Pav|Vada Pav,Veg,3,280,,0,UPI,39,,,4.3,9600
FD48928,25-02-2024,Sunday,20,Dinner,Delhi,Saket,Neha S.,Paratha Paradise,North Indian|Breakfast,Aloo Paratha,Veg,1,90,WEEKEND15,13,Cash,48,4,,4.4,6100
FD48927,25-02-2024,Sunday,20,Dinner,Mumbai,Dadar,Harsh S.,Biryani Junction,Biryani|Hyderabadi|Mughlai,Mutton Biryani|Chicken Biryani|Raita,Non-Veg,3,680,FEAST20,136,UPI,23,5,,4.4,18400
FD48926,25-02-2024,Sunday,17,Snacks,Bengaluru,Whitefield,Siddharth S.,Dosa Delight,South Indian,Masala Dosa|Medu Vada|Filter Coffee,Veg,5,440,BIRYANI30,132,UPI,33,4,,4.5,12800
FD48925,25-02-2024,Sunday,16,Snacks,Bengaluru,Whitefield,Isha S.,The Healthy Bowl,Healthy Food|Salads,Protein Bowl|Quinoa Salad|Fruit Smoothie,Veg,4,1050,WELCOME50,150,UPI,34,5,,3.8,2100
FD48924,25-02-2024,Sunday,12,Lunch,Bengaluru,HSR Layout,Diya A.,Biryani Junction,Biryani|Hyderabadi|Mughlai,Chicken Biryani|Double Ka Meetha,Non-Veg,4,930,,0,UPI,49,,,4.4,18400
FD48923,24-02-2024,Saturday,22,Dinner,Pune,Hadapsar,Vihaan A.,Burger Barn,Fast Food|American,Chicken Burger|Cheese Burger|Cold Coffee|French Fries,Non-Veg,6,949,,0,UPI,34,4,,3.9,15100
FD48922,24-02-2024,Saturday,20,Dinner,Mumbai,Bandra,Ananya K.,Wok & Roll,Chinese|Thai,Chilli Chicken|Hakka Noodles,Non-Veg,3,630,WELCOME50,150,UPI,35,,,4,6400
FD48921,24-02-2024,Saturday,19,Dinner,Delhi,Noida Sec 18,Aditya K.,Tandoori Nights,North Indian|Mughlai,Butter Chicken|Garlic Naan,Non-Veg,2,380,,0,Cash,31,4,,4.3,11200
FD48920,24-02-2024,Saturday,19,Dinner,Mumbai,Thane,Yash K.,Tandoori Nights,North Indian|Mughlai,Butter Chicken|Dal Makhani,Non-Veg,2,540,,0,UPI,34,5,Worth every rupee.,4.3,11200
FD48919,24-02-2024,Saturday,17,Snacks,Bengaluru,Indiranagar,Arjun A.,Shawarma Street,Lebanese|Street Food,Hummus Platter|Falafel Wrap,Non-Veg,2,340,FEAST20,68,UPI,33,3,Packaging was leaking.,4.2,5300
FD48918,24-02-2024,Saturday,14,Lunch,Mumbai,Dadar,Neha K.,Pav Bhaji Point,Street Food|Maharashtrian,Pav Bhaji|Misal Pav|Masala Chaas|Vada Pav,Veg,6,600,,0,UPI,34,4,,4.3,9600
FD48917,24-02-2024,Saturday,13,Lunch,Delhi,Noida Sec 18,Pranav S.,Tandoori Nights,North Indian|Mughlai,Dal Makhani,Non-Veg,1,220,WEEKEND15,33,UPI,40,4,,4.3,11200
FD48916,24-02-2024,Saturday,12,Lunch,Delhi,Connaught Place,Neha K.,Burger Barn,Fast Food|American,Cheese Burger|French Fries,Non-Veg,2,259,,0,UPI,26,5,,3.9,15100
FD48915,24-02-2024,Saturday,12,Lunch,Pune,Shivajinagar,Isha A.,Tandoori Nights,North Indian|Mughlai,Paneer Tikka|Dal Makhani,Non-Veg,3,740,WEEKEND15,111,UPI,30,4,,4.3,11200
FD48914,24-02-2024,Saturday,1,Late Night,Pune,Shivajinagar,Harsh A.,Pav Bhaji Point,Street Food|Maharashtrian,Pav Bhaji|Misal Pav|Masala Chaas,Veg,3,290,BIRYANI30,87,Card,42,4,Worth every rupee.,4.3,9600
FD48913,23-02-2024,Friday,22,Dinner,Pune,Hinjewadi,Ananya S.,Pizza Plaza,Pizza|Italian|Fast Food,Margherita Pizza,Veg,3,747,FEAST20,149,UPI,23,,,4,16800
FD48912,23-02-2024,Friday,21,Dinner,Bengaluru,Whitefield,Karan A.,Biryani Junction,Biryani|Hyderabadi|Mughlai,Raita,Non-Veg,1,40,FEAST20,8,UPI,34,5,,4.4,18400
FD48911,23-02-2024,Friday,19,Dinner,Hyderabad,HITEC City,Rahul K.,Burger Barn,Fast Food|American,Chicken Burger|Cheese Burger,Non-Veg,4,730,,0,UPI,26,5,Perfect for a late-night craving.,3.9,15100
FD48910,23-02-2024,Friday,19,Dinner,Bengaluru,Electronic City,Karan S.,Dosa Delight,South Indian,Masala Dosa,Veg,2,220,BIRYANI30,66,UPI,40,,,4.5,12800
FD48909,23-02-2024,Friday,17,Snacks,Bengaluru,HSR Layout,Omkar A.,Dosa Delight,South Indian,Medu Vada|Idli Sambar,Veg,3,210,,0,Card,27,,,4.5,12800
FD48908,23-02-2024,Friday,13,Lunch,Mumbai,Andheri,Priya S.,Thali Express,North Indian|Gujarati,Gujarati Thali|Veg Thali|Jalebi,Veg,3,580,WELCOME50,150,UPI,28,,,4.2,4700
FD48907,23-02-2024,Friday,12,Lunch,Pune,Shivajinagar,Rahul S.,Pav Bhaji Point,Street Food|Maharashtrian,Masala Chaas,Veg,3,120,BIRYANI30,36,Card,39,5,Delivered super fast.,4.3,9600
FD48906,22-02-2024,Thursday,23,Late Night,Pune,Viman Nagar,Arjun A.,Burger Barn,Fast Food|American,Chicken Burger|Cheese Burger|French Fries,Non-Veg,5,829,,0,Card,34,,,3.9,15100
FD48905,22-02-2024,Thursday,22,Dinner,Pune,Baner,Pooja K.,Pizza Plaza,Pizza|Italian|Fast Food,Farmhouse Pizza|Margherita Pizza|Garlic Bread|Choco Lava Cake,Veg,4,876,FEAST20,150,Cash,41,4,Perfect for a late-night craving.,4,16800
FD48904,22-02-2024,Thursday,21,Dinner,Mumbai,Andheri,Sana K.,The Healthy Bowl,Healthy Food|Salads,Protein Bowl|Fruit Smoothie,Veg,3,790,,0,Wallet,36,4,,3.8,2100
FD48903,22-02-2024,Thursday,20,Dinner,Delhi,Lajpat Nagar,Neha A.,Paratha Paradise,North Indian|Breakfast,Aloo Paratha|Lassi,Veg,2,160,,0,UPI,49,4,,4.4,6100
FD48902,22-02-2024,Thursday,19,Dinner,Hyderabad,Secunderabad,Neha A.,Burger Barn,Fast Food|American,Chicken Burger|Cheese Burger|Cold Coffee|French Fries,Non-Veg,6,949,,0,UPI,30,5,,3.9,15100
FD48901,22-02-2024,Thursday,19,Dinner,Delhi,Lajpat Nagar,Priya S.,Tandoori Nights,North Indian|Mughlai,Paneer Tikka,Non-Veg,3,780,,0,Card,21,5,,4.3,11200
FD48900,22-02-2024,Thursday,18,Snacks,Pune,Hadapsar,Pooja S.,Pav Bhaji Point,Street Food|Maharashtrian,Vada Pav,Veg,1,30,BIRYANI30,9,Card,32,4,,4.3,9600
FD48899,22-02-2024,Thursday,18,Snacks,Mumbai,Andheri,Neha K.,Wok & Roll,Chinese|Thai,Hakka Noodles,Non-Veg,2,340,FEAST20,68,UPI,44,4,,4,6400
FD48898,22-02-2024,Thursday,18,Snacks,Pune,Shivajinagar,Karan A.,Pav Bhaji Point,Street Food|Maharashtrian,Vada Pav,Veg,3,90,,0,Cash,26,5,,4.3,9600
FD48897,22-02-2024,Thursday,18,Snacks,Mumbai,Andheri,Vihaan K.,Pav Bhaji Point,Street Food|Maharashtrian,Masala Chaas,Veg,1,40,,0,UPI,29,2,,4.3,9600
FD48896,22-02-2024,Thursday,12,Lunch,Pune,Kothrud,Tanvi S.,Tandoori Nights,North Indian|Mughlai,Butter Chicken,Non-Veg,1,320,,0,UPI,33,,,4.3,11200
FD48895,22-02-2024,Thursday,12,Lunch,Bengaluru,Whitefield,Kavya S.,Dosa Delight,South Indian,Masala Dosa|Filter Coffee,Veg,2,150,,0,Cash,30,5,,4.5,12800
FD48894,22-02-2024,Thursday,0,Late Night,Pune,Shivajinagar,Ananya S.,The Healthy Bowl,Healthy Food|Salads,Protein Bowl|Quinoa Salad|Fruit Smoothie,Veg,4,1050,,0,Card,39,,,3.8,2100
FD48893,21-02-2024,Wednesday,22,Dinner,Mumbai,Andheri,Riya S.,Pav Bhaji Point,Street Food|Maharashtrian,Pav Bhaji|Masala Chaas|Vada Pav,Veg,3,210,,0,UPI,36,4,,4.3,9600
FD48892,21-02-2024,Wednesday,22,Dinner,Mumbai,Andheri,Meera K.,Pav Bhaji Point,Street Food|Maharashtrian,Pav Bhaji|Vada Pav,Veg,4,450,,0,UPI,38,4,,4.3,9600
FD48891,21-02-2024,Wednesday,20,Dinner,Mumbai,Dadar,Riya S.,Burger Barn,Fast Food|American,Chicken Burger|Cheese Burger|Cold Coffee,Non-Veg,3,470,FEAST20,94,UPI,31,4,,3.9,15100
FD48890,21-02-2024,Wednesday,19,Dinner,Pune,Shivajinagar,Karan A.,Wok & Roll,Chinese|Thai,Hakka Noodles,Non-Veg,1,170,,0,UPI,43,4,,4,6400
FD48889,21-02-2024,Wednesday,14,Lunch,Pune,Hadapsar,Pooja K.,Biryani Junction,Biryani|Hyderabadi|Mughlai,Mutton Biryani|Chicken Biryani,Non-Veg,3,1000,,0,Wallet,40,4,,4.4,18400
FD48888,21-02-2024,Wednesday,9,Breakfast,Mumbai,Bandra,Nidhi A.,The Healthy Bowl,Healthy Food|Salads,Quinoa Salad,Veg,2,520,,0,UPI,25,,,3.8,2100
FD48887,20-02-2024,Tuesday,23,Late Night,Mumbai,Andheri,Neha A.,Pav Bhaji Point,Street Food|Maharashtrian,Pav Bhaji|Misal Pav|Vada Pav,Veg,3,280,WELCOME50,140,UPI,43,3,,4.3,9600
FD48886,20-02-2024,Tuesday,21,Dinner,Pune,Kothrud,Karan K.,Tandoori Nights,North Indian|Mughlai,Butter Chicken|Paneer Tikka|Dal Makhani|Garlic Naan,Non-Veg,4,860,,0,Card,31,5,,4.3,11200
FD48885,20-02-2024,Tuesday,20,Dinner,Delhi,Noida Sec 18,Riya S.,Burger Barn,Fast Food|American,Chicken Burger|Cheese Burger|Cold Coffee|French Fries,Non-Veg,4,569,,0,UPI,30,4,,3.9,15100
FD48884,20-02-2024,Tuesday,18,Snacks,Bengaluru,HSR Layout,Harsh S.,Dosa Delight,South Indian,Masala Dosa|Medu Vada|Filter Coffee,Veg,3,220,WELCOME50,110,Card,27,5,,4.5,12800
FD48883,20-02-2024,Tuesday,14,Lunch,Hyderabad,Gachibowli,Neha K.,Dosa Delight,South Indian,Masala Dosa|Idli Sambar,Veg,4,400,BIRYANI30,120,UPI,34,5,,4.5,12800
FD48882,20-02-2024,Tuesday,13,Lunch,Delhi,Lajpat Nagar,Gauri A.,Tandoori Nights,North Indian|Mughlai,Butter Chicken|Paneer Tikka,Non-Veg,2,580,,0,UPI,43,5,Perfect for a late-night craving.,4.3,11200
FD48881,20-02-2024,Tuesday,9,Breakfast,Bengaluru,HSR Layout,Diya A.,The Healthy Bowl,Healthy Food|Salads,Quinoa Salad|Fruit Smoothie,Veg,3,670,,0,Card,33,5,,3.8,2100
FD48880,20-02-2024,Tuesday,8,Breakfast,Pune,Viman Nagar,Sana S.,The Healthy Bowl,Healthy Food|Salads,Protein Bowl|Quinoa Salad|Fruit Smoothie,Veg,4,1050,,0,Cash,20,5,,3.8,2100
FD48879,19-02-2024,Monday,21,Dinner,Bengaluru,Electronic City,Harsh A.,Pizza Plaza,Pizza|Italian|Fast Food,Farmhouse Pizza|Margherita Pizza|Garlic Bread|Choco Lava Cake,Veg,5,1275,,0,UPI,30,4,Perfect for a late-night craving.,4,16800
FD48878,19-02-2024,Monday,21,Dinner,Mumbai,Dadar,Sneha K.,Burger Barn,Fast Food|American,Cheese Burger|Cold Coffee,Non-Veg,4,600,,0,Card,33,4,,3.9,15100
FD48877,19-02-2024,Monday,20,Dinner,Delhi,Noida Sec 18,Kavya K.,Burger Barn,Fast Food|American,Chicken Burger|Cheese Burger|Cold Coffee,Non-Veg,3,470,,0,UPI,47,,,3.9,15100
FD48876,19-02-2024,Monday,19,Dinner,Pune,Shivajinagar,Pranav S.,Pizza Plaza,Pizza|Italian|Fast Food,Margherita Pizza,Veg,1,249,,0,UPI,29,,,4,16800
FD48875,19-02-2024,Monday,17,Snacks,Pune,Hadapsar,Aisha S.,Cake Corner,Desserts|Bakery,Chocolate Truffle Cake,Veg,1,550,,0,Cash,31,,,4.6,8900
FD48874,19-02-2024,Monday,8,Breakfast,Pune,Viman Nagar,Riya S.,Chai & Snacks,Beverages|Snacks,Kanda Bhaji|Masala Chai,Veg,2,90,,0,UPI,24,,,4.1,3900
FD48873,19-02-2024,Monday,1,Late Night,Bengaluru,Whitefield,Aarav A.,Shawarma Street,Lebanese|Street Food,Hummus Platter|Chicken Shawarma,Non-Veg,3,520,,0,UPI,29,4,,4.2,5300
FD48872,18-02-2024,Sunday,21,Dinner,Bengaluru,Indiranagar,Arjun S.,Dosa Delight,South Indian,Masala Dosa|Medu Vada|Idli Sambar|Filter Coffee,Veg,5,400,,0,Wallet,24,4,,4.5,12800
FD48871,18-02-2024,Sunday,20,Dinner,Bengaluru,MG Road,Gauri A.,Dosa Delight,South Indian,Masala Dosa|Idli Sambar|Filter Coffee,Veg,5,440,,0,UPI,35,5,Worth every rupee.,4.5,12800
FD48870,18-02-2024,Sunday,18,Snacks,Mumbai,Bandra,Rahul A.,Pav Bhaji Point,Street Food|Maharashtrian,Pav Bhaji|Misal Pav|Masala Chaas,Veg,3,290,,0,UPI,43,4,,4.3,9600
FD48869,18-02-2024,Sunday,17,Snacks,Hyderabad,Gachibowli,Yash K.,Biryani Junction,Biryani|Hyderabadi|Mughlai,Chicken Biryani,Non-Veg,1,280,,0,UPI,37,4,Delivered super fast.,4.4,18400
FD48868,18-02-2024,Sunday,12,Lunch,Delhi,Karol Bagh,Siddharth A.,Tandoori Nights,North Indian|Mughlai,Butter Chicken|Paneer Tikka|Dal Makhani|Garlic Naan,Non-Veg,5,1180,WEEKEND15,150,Cash,33,5,Perfect for a late-night craving.,4.3,11200
FD48867,17-02-2024,Saturday,17,Snacks,Hyderabad,HITEC City,Omkar A.,Biryani Junction,Biryani|Hyderabadi|Mughlai,Chicken Biryani|Raita,Non-Veg,2,320,,0,UPI,33,4,"Hot and tasty, loved it!",4.4,18400
FD48866,17-02-2024,Saturday,14,Lunch,Mumbai,Thane,Kavya S.,Pav Bhaji Point,Street Food|Maharashtrian,Pav Bhaji|Misal Pav,Veg,4,530,BIRYANI30,150,Cash,36,4,Portion size was great.,4.3,9600
FD48865,17-02-2024,Saturday,13,Lunch,Mumbai,Dadar,Sneha K.,Biryani Junction,Biryani|Hyderabadi|Mughlai,Mutton Biryani|Chicken Biryani,Non-Veg,2,640,WEEKEND15,96,UPI,24,5,Perfect for a late-night craving.,4.4,18400
FD48864,17-02-2024,Saturday,12,Lunch,Bengaluru,HSR Layout,Omkar S.,Dosa Delight,South Indian,Medu Vada,Veg,3,210,WELCOME50,105,UPI,44,4,,4.5,12800
FD48863,17-02-2024,Saturday,12,Lunch,Bengaluru,Electronic City,Sneha S.,Dosa Delight,South Indian,Masala Dosa|Medu Vada,Veg,4,400,WELCOME50,150,Wallet,43,5,"Hot and tasty, loved it!",4.5,12800
FD48862,17-02-2024,Saturday,12,Lunch,Delhi,Dwarka,Omkar K.,Paratha Paradise,North Indian|Breakfast,Paneer Paratha|Aloo Paratha|Lassi,Veg,5,520,,0,UPI,42,,,4.4,6100
FD48861,17-02-2024,Saturday,8,Breakfast,Mumbai,Andheri,Sana S.,Chai & Snacks,Beverages|Snacks,Masala Chai|Samosa,Veg,3,85,FEAST20,17,Card,52,4,,4.1,3900
FD48860,16-02-2024,Friday,20,Dinner,Mumbai,Powai,Yash A.,Burger Barn,Fast Food|American,Cheese Burger|Cold Coffee,Non-Veg,4,600,,0,UPI,33,5,,3.9,15100
FD48859,16-02-2024,Friday,14,Lunch,Bengaluru,Indiranagar,Priya S.,Dosa Delight,South Indian,Masala Dosa|Medu Vada|Idli Sambar|Filter Coffee,Veg,6,510,,0,UPI,35,3,Packaging was leaking.,4.5,12800
FD48858,16-02-2024,Friday,7,Breakfast,Mumbai,Dadar,Priya S.,Dosa Delight,South Indian,Masala Dosa|Idli Sambar|Filter Coffee,Veg,5,440,,0,Card,36,5,Worth every rupee.,4.5,12800
FD48857,15-02-2024,Thursday,23,Late Night,Mumbai,Bandra,Nidhi A.,Cake Corner,Desserts|Bakery,Chocolate Truffle Cake|Red Velvet Pastry|Cupcake,Veg,3,740,,0,UPI,28,4,"Hot and tasty, loved it!",4.6,8900
FD48856,15-02-2024,Thursday,21,Dinner,Mumbai,Thane,Kavya S.,Pav Bhaji Point,Street Food|Maharashtrian,Pav Bhaji|Masala Chaas|Vada Pav,Veg,5,490,,0,UPI,31,4,,4.3,9600
FD48855,15-02-2024,Thursday,21,Dinner,Pune,Viman Nagar,Aarav S.,Pizza Plaza,Pizza|Italian|Fast Food,Margherita Pizza|Garlic Bread|Choco Lava Cake,Veg,3,477,FEAST20,95,UPI,28,4,,4,16800
FD48854,15-02-2024,Thursday,20,Dinner,Mumbai,Andheri,Harsh A.,Pav Bhaji Point,Street Food|Maharashtrian,Pav Bhaji|Vada Pav,Veg,3,310,,0,UPI,33,5,,4.3,9600
FD48853,15-02-2024,Thursday,19,Dinner,Pune,Hadapsar,Sana K.,Biryani Junction,Biryani|Hyderabadi|Mughlai,Chicken Biryani,Non-Veg,2,560,,0,UPI,53,,,4.4,18400
FD48852,15-02-2024,Thursday,19,Dinner,Delhi,Lajpat Nagar,Gauri A.,Paratha Paradise,North Indian|Breakfast,Paneer Paratha|Aloo Paratha,Veg,2,210,,0,UPI,41,4,Delivered super fast.,4.4,6100
FD48851,15-02-2024,Thursday,19,Dinner,Pune,Viman Nagar,Varun S.,Biryani Junction,Biryani|Hyderabadi|Mughlai,Chicken Biryani,Non-Veg,2,560,BIRYANI30,150,Card,33,4,,4.4,18400
FD48850,15-02-2024,Thursday,18,Snacks,Pune,Hadapsar,Diya S.,Pav Bhaji Point,Street Food|Maharashtrian,Pav Bhaji|Masala Chaas|Vada Pav,Veg,5,490,,0,Cash,19,5,Perfect for a late-night craving.,4.3,9600
FD48849,15-02-2024,Thursday,16,Snacks,Mumbai,Thane,Omkar A.,Pav Bhaji Point,Street Food|Maharashtrian,Vada Pav,Veg,1,30,,0,UPI,16,5,,4.3,9600
FD48848,15-02-2024,Thursday,13,Lunch,Delhi,Saket,Harsh S.,Burger Barn,Fast Food|American,Cheese Burger,Non-Veg,2,320,,0,UPI,39,3,,3.9,15100
FD48847,15-02-2024,Thursday,9,Breakfast,Bengaluru,HSR Layout,Yash K.,The Healthy Bowl,Healthy Food|Salads,Protein Bowl|Quinoa Salad|Fruit Smoothie,Veg,4,1050,,0,Card,27,,,3.8,2100
FD48846,15-02-2024,Thursday,0,Late Night,Pune,Shivajinagar,Riya K.,Tandoori Nights,North Indian|Mughlai,Butter Chicken|Dal Makhani|Garlic Naan,Non-Veg,3,600,FEAST20,120,UPI,40,4,,4.3,11200
FD48845,15-02-2024,Thursday,0,Late Night,Bengaluru,Indiranagar,Sneha S.,Dosa Delight,South Indian,Filter Coffee,Veg,3,120,,0,Wallet,41,5,,4.5,12800
FD48844,14-02-2024,Wednesday,23,Late Night,Bengaluru,Indiranagar,Ananya K.,Cake Corner,Desserts|Bakery,Chocolate Truffle Cake|Red Velvet Pastry|Brownie,Veg,5,1860,,0,UPI,44,4,,4.6,8900
FD48843,14-02-2024,Wednesday,22,Dinner,Delhi,Connaught Place,Aisha K.,Burger Barn,Fast Food|American,Chicken Burger,Non-Veg,2,380,,0,UPI,42,5,,3.9,15100
FD48842,14-02-2024,Wednesday,21,Dinner,Mumbai,Powai,Pranav A.,Pav Bhaji Point,Street Food|Maharashtrian,Pav Bhaji|Misal Pav|Masala Chaas,Veg,3,290,,0,UPI,44,3,,4.3,9600
FD48841,14-02-2024,Wednesday,21,Dinner,Delhi,Karol Bagh,Gauri K.,Pizza Plaza,Pizza|Italian|Fast Food,Margherita Pizza|Garlic Bread|Choco Lava Cake,Veg,5,975,,0,Cash,34,4,,4,16800
FD48840,14-02-2024,Wednesday,18,Snacks,Pune,Kothrud,Aarav A.,Chai & Snacks,Beverages|Snacks,Samosa,Veg,3,75,,0,UPI,33,5,,4.1,3900
FD48839,14-02-2024,Wednesday,16,Snacks,Delhi,Lajpat Nagar,Aditya K.,Chai & Snacks,Beverages|Snacks,Kanda Bhaji|Masala Chai,Veg,4,210,,0,UPI,18,5,,4.1,3900
FD48838,14-02-2024,Wednesday,16,Snacks,Mumbai,Colaba,Karan K.,Tandoori Nights,North Indian|Mughlai,Butter Chicken|Paneer Tikka|Dal Makhani|Garlic Naan,Non-Veg,4,860,,0,Cash,12,5,,4.3,11200
FD48837,14-02-2024,Wednesday,16,Snacks,Pune,Hinjewadi,Diya A.,Pav Bhaji Point,Street Food|Maharashtrian,Pav Bhaji|Vada Pav,Veg,2,170,,0,UPI,26,4,"Hot and tasty, loved it!",4.3,9600
FD48836,14-02-2024,Wednesday,13,Lunch,Delhi,Noida Sec 18,Kavya A.,Tandoori Nights,North Indian|Mughlai,Butter Chicken|Paneer Tikka|Dal Makhani,Non-Veg,5,1440,,0,UPI,28,4,,4.3,11200
FD48835,14-02-2024,Wednesday,12,Lunch,Mumbai,Thane,Tanvi S.,Dosa Delight,South Indian,Idli Sambar,Veg,1,70,FEAST20,14,Card,27,4,,4.5,12800
FD48834,13-02-2024,Tuesday,22,Dinner,Pune,Hadapsar,Ananya S.,Burger Barn,Fast Food|American,Chicken Burger|Cheese Burger|Cold Coffee|French Fries,Non-Veg,6,949,,0,Cash,43,,,3.9,15100
FD48833,13-02-2024,Tuesday,20,Dinner,Pune,Baner,Kabir S.,Burger Barn,Fast Food|American,Cold Coffee|French Fries,Non-Veg,2,219,,0,UPI,35,5,,3.9,15100
FD48832,13-02-2024,Tuesday,19,Dinner,Pune,Viman Nagar,Gauri A.,Tandoori Nights,North Indian|Mughlai,Paneer Tikka|Dal Makhani|Garlic Naan,Non-Veg,5,1060,,0,UPI,36,4,Perfect for a late-night craving.,4.3,11200
FD48831,13-02-2024,Tuesday,19,Dinner,Bengaluru,MG Road,Karan K.,Burger Barn,Fast Food|American,Cheese Burger,Non-Veg,2,320,,0,UPI,31,5,,3.9,15100
FD48830,13-02-2024,Tuesday,18,Snacks,Pune,Hinjewadi,Harsh A.,Pav Bhaji Point,Street Food|Maharashtrian,Pav Bhaji|Misal Pav|Vada Pav,Veg,3,280,,0,Cash,37,3,Food arrived cold.,4.3,9600
FD48829,13-02-2024,Tuesday,13,Lunch,Pune,Hinjewadi,Kabir K.,Pav Bhaji Point,Street Food|Maharashtrian,Misal Pav|Masala Chaas|Vada Pav,Veg,3,180,,0,Card,41,4,,4.3,9600
FD48828,13-02-2024,Tuesday,13,Lunch,Mumbai,Colaba,Kavya S.,Thali Express,North Indian|Gujarati,Gujarati Thali|Veg Thali|Jalebi,Veg,3,580,,0,UPI,30,5,,4.2,4700
FD48827,13-02-2024,Tuesday,8,Breakfast,Pune,Kothrud,Riya A.,Pav Bhaji Point,Street Food|Maharashtrian,Pav Bhaji|Misal Pav|Masala Chaas|Vada Pav,Veg,6,600,FEAST20,120,UPI,28,5,"Hot and tasty, loved it!",4.3,9600
FD48826,13-02-2024,Tuesday,7,Breakfast,Hyderabad,Banjara Hills,Aditya K.,Cake Corner,Desserts|Bakery,Cupcake,Veg,1,70,,0,UPI,28,4,"Hot and tasty, loved it!",4.6,8900
FD48825,13-02-2024,Tuesday,1,Late Night,Pune,Hadapsar,Aarav K.,Wok & Roll,Chinese|Thai,Chilli Chicken|Hakka Noodles|Veg Manchurian|Fried Rice,Non-Veg,4,720,FEAST20,144,Card,41,4,Portion size was great.,4,6400
FD48824,12-02-2024,Monday,23,Late Night,Hyderabad,Secunderabad,Rahul S.,Pizza Plaza,Pizza|Italian|Fast Food,Farmhouse Pizza|Margherita Pizza|Garlic Bread|Choco Lava Cake,Veg,6,1674,,0,Card,30,3,,4,16800
FD48823,12-02-2024,Monday,21,Dinner,Delhi,Saket,Meera S.,Paratha Paradise,North Indian|Breakfast,Paneer Paratha|Aloo Paratha|Lassi,Veg,3,280,,0,UPI,41,3,,4.4,6100
FD48822,12-02-2024,Monday,21,Dinner,Pune,Hinjewadi,Karan K.,Wok & Roll,Chinese|Thai,Hakka Noodles,Non-Veg,1,170,FEAST20,34,UPI,36,3,Packaging was leaking.,4,6400
FD48821,12-02-2024,Monday,19,Dinner,Bengaluru,Electronic City,Kavya K.,Pizza Plaza,Pizza|Italian|Fast Food,Farmhouse Pizza|Margherita Pizza|Garlic Bread|Choco Lava Cake,Veg,5,1275,BIRYANI30,150,UPI,45,4,"Hot and tasty, loved it!",4,16800
FD48820,12-02-2024,Monday,19,Dinner,Hyderabad,Kukatpally,Nikhil K.,Cake Corner,Desserts|Bakery,Chocolate Truffle Cake|Red Velvet Pastry|Brownie,Veg,5,1860,,0,UPI,33,4,Worth every rupee.,4.6,8900
FD48819,12-02-2024,Monday,16,Snacks,Pune,Baner,Isha A.,Pav Bhaji Point,Street Food|Maharashtrian,Pav Bhaji|Masala Chaas,Veg,2,180,,0,UPI,17,5,Delivered super fast.,4.3,9600
FD48818,12-02-2024,Monday,14,Lunch,Mumbai,Dadar,Rohan K.,Biryani Junction,Biryani|Hyderabadi|Mughlai,Mutton Biryani|Double Ka Meetha,Non-Veg,3,810,WELCOME50,150,Wallet,44,5,,4.4,18400
FD48817,12-02-2024,Monday,0,Late Night,Pune,Hadapsar,Gauri S.,Pav Bhaji Point,Street Food|Maharashtrian,Pav Bhaji|Misal Pav|Masala Chaas,Veg,4,430,,0,Card,24,5,Perfect for a late-night craving.,4.3,9600
FD48816,11-02-2024,Sunday,23,Late Night,Pune,Hadapsar,Tanvi A.,Burger Barn,Fast Food|American,Chicken Burger|Cheese Burger|Cold Coffee,Non-Veg,5,850,,0,UPI,54,3,Missing one item.,3.9,15100
FD48815,11-02-2024,Sunday,22,Dinner,Bengaluru,MG Road,Kabir K.,Wok & Roll,Chinese|Thai,Chilli Chicken|Hakka Noodles|Fried Rice|Veg Manchurian,Non-Veg,5,950,,0,Wallet,40,,,4,6400
FD48814,11-02-2024,Sunday,21,Dinner,Hyderabad,Gachibowli,Varun S.,Biryani Junction,Biryani|Hyderabadi|Mughlai,Mutton Biryani|Veg Biryani|Double Ka Meetha|Raita,Non-Veg,4,700,FEAST20,140,Cash,40,5,,4.4,18400
FD48813,11-02-2024,Sunday,14,Lunch,Bengaluru,Indiranagar,Isha K.,Biryani Junction,Biryani|Hyderabadi|Mughlai,Chicken Biryani,Non-Veg,1,280,,0,UPI,40,5,,4.4,18400
FD48812,11-02-2024,Sunday,14,Lunch,Pune,Baner,Isha A.,Pav Bhaji Point,Street Food|Maharashtrian,Pav Bhaji|Masala Chaas,Veg,4,460,,0,UPI,44,3,,4.3,9600
FD48811,11-02-2024,Sunday,14,Lunch,Pune,Viman Nagar,Rohan K.,Thali Express,North Indian|Gujarati,Veg Thali|Jalebi,Veg,3,540,,0,UPI,30,5,,4.2,4700
FD48810,10-02-2024,Saturday,21,Dinner,Hyderabad,Banjara Hills,Yash A.,Biryani Junction,Biryani|Hyderabadi|Mughlai,Chicken Biryani,Non-Veg,3,840,,0,UPI,36,3,Too spicy for me.,4.4,18400
FD48809,10-02-2024,Saturday,19,Dinner,Pune,Shivajinagar,Arjun S.,Biryani Junction,Biryani|Hyderabadi|Mughlai,Mutton Biryani|Chicken Biryani|Veg Biryani|Double Ka Meetha,Non-Veg,4,940,,0,Wallet,28,5,Delivered super fast.,4.4,18400
FD48808,10-02-2024,Saturday,18,Snacks,Hyderabad,Kukatpally,Pooja A.,Shawarma Street,Lebanese|Street Food,Hummus Platter|Falafel Wrap|Chicken Shawarma,Non-Veg,5,860,,0,UPI,33,4,,4.2,5300
FD48807,10-02-2024,Saturday,18,Snacks,Mumbai,Bandra,Varun K.,Pav Bhaji Point,Street Food|Maharashtrian,Misal Pav,Veg,1,110,,0,Cash,17,5,,4.3,9600
FD48806,09-02-2024,Friday,21,Dinner,Pune,Hinjewadi,Karan K.,Pav Bhaji Point,Street Food|Maharashtrian,Vada Pav,Veg,2,60,,0,UPI,29,5,Delivered super fast.,4.3,9600
FD48805,09-02-2024,Friday,20,Dinner,Delhi,Dwarka,Diya K.,Pizza Plaza,Pizza|Italian|Fast Food,Garlic Bread,Veg,3,387,,0,Cash,46,3,,4,16800
FD48804,09-02-2024,Friday,19,Dinner,Bengaluru,Indiranagar,Nikhil A.,Burger Barn,Fast Food|American,Chicken Burger|Cheese Burger|Cold Coffee,Non-Veg,4,660,FEAST20,132,Wallet,30,,,3.9,15100
FD48803,09-02-2024,Friday,18,Snacks,Mumbai,Colaba,Riya K.,Pav Bhaji Point,Street Food|Maharashtrian,Masala Chaas,Veg,2,80,FEAST20,16,UPI,23,4,,4.3,9600
FD48802,09-02-2024,Friday,18,Snacks,Bengaluru,HSR Layout,Aditya A.,Momo Mania,Tibetan|Chinese,Steamed Momos,Non-Veg,1,120,FEAST20,24,Card,12,5,,4.1,7200
FD48801,09-02-2024,Friday,12,Lunch,Mumbai,Colaba,Kavya S.,Pav Bhaji Point,Street Food|Maharashtrian,Pav Bhaji|Vada Pav,Veg,4,450,,0,Wallet,26,5,,4.3,9600
FD48800,09-02-2024,Friday,8,Breakfast,Delhi,Connaught Place,Aisha A.,Paratha Paradise,North Indian|Breakfast,Paneer Paratha|Aloo Paratha,Veg,2,210,,0,UPI,25,5,,4.4,6100
FD48799,09-02-2024,Friday,0,Late Night,Delhi,Connaught Place,Gauri A.,Cake Corner,Desserts|Bakery,Chocolate Truffle Cake|Red Velvet Pastry|Brownie|Cupcake,Veg,5,1380,,0,UPI,45,4,Perfect for a late-night craving.,4.6,8900
FD48798,08-02-2024,Thursday,23,Late Night,Mumbai,Thane,Pooja K.,Pav Bhaji Point,Street Food|Maharashtrian,Pav Bhaji|Masala Chaas,Veg,2,180,FEAST20,36,UPI,29,5,,4.3,9600
FD48797,08-02-2024,Thursday,21,Dinner,Delhi,Karol Bagh,Pranav A.,Burger Barn,Fast Food|American,Chicken Burger|Cheese Burger,Non-Veg,4,730,,0,UPI,37,4,,3.9,15100
FD48796,08-02-2024,Thursday,21,Dinner,Mumbai,Powai,Priya K.,Pav Bhaji Point,Street Food|Maharashtrian,Masala Chaas,Veg,3,120,,0,UPI,32,5,Perfect for a late-night craving.,4.3,9600
FD48795,07-02-2024,Wednesday,23,Late Night,Hyderabad,Secunderabad,Neha K.,Burger Barn,Fast Food|American,Chicken Burger|Cheese Burger|Cold Coffee|French Fries,Non-Veg,4,569,,0,Card,33,4,,3.9,15100
FD48794,07-02-2024,Wednesday,21,Dinner,Mumbai,Colaba,Tanvi A.,Tandoori Nights,North Indian|Mughlai,Butter Chicken|Paneer Tikka,Non-Veg,3,900,,0,UPI,45,,,4.3,11200
FD48793,07-02-2024,Wednesday,19,Dinner,Bengaluru,Koramangala,Aarav S.,Wok & Roll,Chinese|Thai,Chilli Chicken|Hakka Noodles|Veg Manchurian,Non-Veg,3,560,,0,Wallet,23,5,,4,6400
FD48792,07-02-2024,Wednesday,16,Snacks,Bengaluru,Electronic City,Pooja S.,Dosa Delight,South Indian,Masala Dosa|Idli Sambar|Medu Vada,Veg,5,470,,0,UPI,40,,,4.5,12800
FD48791,07-02-2024,Wednesday,16,Snacks,Delhi,Karol Bagh,Varun A.,Chai & Snacks,Beverages|Snacks,Kanda Bhaji|Masala Chai|Samosa,Veg,5,235,,0,UPI,18,5,"Hot and tasty, loved it!",4.1,3900
FD48790,07-02-2024,Wednesday,12,Lunch,Delhi,Connaught Place,Aisha A.,Paratha Paradise,North Indian|Breakfast,Aloo Paratha|Lassi,Veg,4,340,,0,UPI,31,4,,4.4,6100
FD48789,07-02-2024,Wednesday,7,Breakfast,Bengaluru,Indiranagar,Nidhi S.,Dosa Delight,South Indian,Masala Dosa|Medu Vada|Filter Coffee,Veg,3,220,FEAST20,44,UPI,15,4,Delivered super fast.,4.5,12800
FD48788,06-02-2024,Tuesday,21,Dinner,Pune,Viman Nagar,Neha K.,Pav Bhaji Point,Street Food|Maharashtrian,Pav Bhaji,Veg,2,280,,0,Wallet,37,4,"Hot and tasty, loved it!",4.3,9600
FD48787,06-02-2024,Tuesday,20,Dinner,Pune,Hinjewadi,Nikhil A.,Wok & Roll,Chinese|Thai,Veg Manchurian,Non-Veg,3,480,,0,UPI,37,4,Perfect for a late-night craving.,4,6400
FD48786,06-02-2024,Tuesday,20,Dinner,Hyderabad,Secunderabad,Meera A.,Pizza Plaza,Pizza|Italian|Fast Food,Choco Lava Cake,Veg,3,297,,0,Card,41,4,,4,16800
FD48785,06-02-2024,Tuesday,19,Dinner,Pune,Viman Nagar,Rahul S.,Burger Barn,Fast Food|American,Chicken Burger|Cheese Burger|Cold Coffee|French Fries,Non-Veg,5,759,,0,UPI,34,4,,3.9,15100
FD48784,06-02-2024,Tuesday,18,Snacks,Hyderabad,Gachibowli,Vihaan S.,Shawarma Street,Lebanese|Street Food,Hummus Platter|Falafel Wrap|Chicken Shawarma,Non-Veg,3,480,,0,UPI,23,5,,4.2,5300
FD48783,06-02-2024,Tuesday,14,Lunch,Hyderabad,Ameerpet,Rohan K.,Dosa Delight,South Indian,Masala Dosa|Medu Vada|Idli Sambar,Veg,3,250,,0,UPI,45,3,Missing one item.,4.5,12800
FD48782,06-02-2024,Tuesday,13,Lunch,Pune,Hinjewadi,Gauri S.,Biryani Junction,Biryani|Hyderabadi|Mughlai,Chicken Biryani|Raita,Non-Veg,3,600,,0,Cash,26,5,Delivered super fast.,4.4,18400
FD48781,06-02-2024,Tuesday,9,Breakfast,Mumbai,Thane,Sneha K.,Dosa Delight,South Indian,Masala Dosa|Idli Sambar,Veg,2,180,,0,UPI,22,5,,4.5,12800
FD48780,06-02-2024,Tuesday,0,Late Night,Pune,Viman Nagar,Aarav K.,Pizza Plaza,Pizza|Italian|Fast Food,Farmhouse Pizza|Margherita Pizza|Garlic Bread|Choco Lava Cake,Veg,4,876,,0,UPI,31,5,,4,16800
FD48779,05-02-2024,Monday,21,Dinner,Mumbai,Bandra,Pranav K.,Biryani Junction,Biryani|Hyderabadi|Mughlai,Chicken Biryani|Veg Biryani|Double Ka Meetha|Raita,Non-Veg,4,620,FEAST20,124,Card,26,5,,4.4,18400
FD48778,05-02-2024,Monday,18,Snacks,Mumbai,Bandra,Arjun S.,Cake Corner,Desserts|Bakery,Chocolate Truffle Cake|Red Velvet Pastry|Brownie|Cupcake,Veg,4,830,,0,UPI,21,5,,4.6,8900
FD48777,05-02-2024,Monday,18,Snacks,Pune,Hadapsar,Isha A.,Pav Bhaji Point,Street Food|Maharashtrian,Pav Bhaji,Veg,2,280,,0,Cash,20,5,,4.3,9600
FD48776,05-02-2024,Monday,13,Lunch,Mumbai,Andheri,Aditya K.,Cake Corner,Desserts|Bakery,Cupcake,Veg,1,70,,0,Wallet,25,4,,4.6,8900
FD48775,05-02-2024,Monday,13,Lunch,Pune,Hinjewadi,Gauri K.,Pav Bhaji Point,Street Food|Maharashtrian,Pav Bhaji|Masala Chaas|Vada Pav,Veg,3,210,,0,UPI,30,5,,4.3,9600
FD48774,05-02-2024,Monday,8,Breakfast,Pune,Hinjewadi,Pooja S.,Pav Bhaji Point,Street Food|Maharashtrian,Pav Bhaji,Veg,2,280,,0,UPI,35,4,,4.3,9600
FD48773,04-02-2024,Sunday,23,Late Night,Mumbai,Powai,Priya K.,Burger Barn,Fast Food|American,Cheese Burger|Cold Coffee,Non-Veg,2,280,BIRYANI30,84,UPI,34,4,,3.9,15100
FD48772,04-02-2024,Sunday,21,Dinner,Mumbai,Colaba,Riya K.,Thali Express,North Indian|Gujarati,Gujarati Thali|Veg Thali|Jalebi,Veg,3,580,WEEKEND15,87,Cash,34,4,"Hot and tasty, loved it!",4.2,4700
FD48771,04-02-2024,Sunday,18,Snacks,Pune,Shivajinagar,Kabir A.,Chai & Snacks,Beverages|Snacks,Masala Chai|Samosa,Veg,2,55,WEEKEND15,8,UPI,40,4,Delivered super fast.,4.1,3900
FD48770,04-02-2024,Sunday,18,Snacks,Pune,Hinjewadi,Isha S.,Pav Bhaji Point,Street Food|Maharashtrian,Masala Chaas|Vada Pav,Veg,2,70,,0,Card,40,3,,4.3,9600
FD48769,04-02-2024,Sunday,17,Snacks,Pune,Hinjewadi,Priya A.,Pav Bhaji Point,Street Food|Maharashtrian,Pav Bhaji|Misal Pav|Vada Pav,Veg,4,420,FEAST20,84,UPI,36,3,,4.3,9600
FD48768,04-02-2024,Sunday,16,Snacks,Pune,Hadapsar,Pranav A.,Pav Bhaji Point,Street Food|Maharashtrian,Pav Bhaji|Misal Pav|Masala Chaas|Vada Pav,Veg,4,320,,0,UPI,34,5,,4.3,9600
FD48767,04-02-2024,Sunday,16,Snacks,Mumbai,Bandra,Aarav K.,Cake Corner,Desserts|Bakery,Chocolate Truffle Cake|Red Velvet Pastry|Brownie|Cupcake,Veg,6,1930,,0,Cash,34,5,,4.6,8900
FD48766,04-02-2024,Sunday,14,Lunch,Mumbai,Thane,Priya A.,Dosa Delight,South Indian,Masala Dosa|Medu Vada,Veg,4,400,,0,UPI,35,4,,4.5,12800
FD48765,04-02-2024,Sunday,13,Lunch,Bengaluru,Whitefield,Nidhi K.,Dosa Delight,South Indian,Masala Dosa|Medu Vada,Veg,3,290,WEEKEND15,43,Card,15,4,,4.5,12800
FD48764,04-02-2024,Sunday,8,Breakfast,Pune,Kothrud,Riya K.,Chai & Snacks,Beverages|Snacks,Kanda Bhaji|Bun Maska|Masala Chai|Samosa,Veg,5,215,,0,Card,34,5,Worth every rupee.,4.1,3900
FD48763,04-02-2024,Sunday,7,Breakfast,Pune,Kothrud,Kabir S.,Chai & Snacks,Beverages|Snacks,Bun Maska|Masala Chai,Veg,3,110,,0,UPI,38,4,Delivered super fast.,4.1,3900
FD48762,04-02-2024,Sunday,0,Late Night,Bengaluru,MG Road,Nikhil S.,Dosa Delight,South Indian,Masala Dosa|Idli Sambar|Filter Coffee,Veg,4,330,,0,Cash,53,,,4.5,12800
FD48761,03-02-2024,Saturday,21,Dinner,Hyderabad,Ameerpet,Varun K.,Pizza Plaza,Pizza|Italian|Fast Food,Farmhouse Pizza|Choco Lava Cake,Veg,3,897,,0,UPI,34,5,Perfect for a late-night craving.,4,16800
FD48760,03-02-2024,Saturday,16,Snacks,Delhi,Connaught Place,Riya A.,Chai & Snacks,Beverages|Snacks,Kanda Bhaji|Bun Maska|Masala Chai|Samosa,Veg,6,275,,0,UPI,33,4,"Hot and tasty, loved it!",4.1,3900
FD48759,03-02-2024,Saturday,16,Snacks,Delhi,Dwarka,Isha A.,Wok & Roll,Chinese|Thai,Hakka Noodles|Veg Manchurian|Fried Rice,Non-Veg,3,490,WELCOME50,150,UPI,27,5,,4,6400
FD48758,03-02-2024,Saturday,12,Lunch,Delhi,Noida Sec 18,Rahul K.,Tandoori Nights,North Indian|Mughlai,Butter Chicken|Garlic Naan,Non-Veg,4,1020,,0,UPI,31,5,,4.3,11200
FD48757,03-02-2024,Saturday,0,Late Night,Bengaluru,Whitefield,Riya S.,Biryani Junction,Biryani|Hyderabadi|Mughlai,Veg Biryani,Non-Veg,3,630,WELCOME50,150,UPI,53,3,,4.4,18400
FD48756,02-02-2024,Friday,23,Late Night,Bengaluru,HSR Layout,Tanvi K.,Cake Corner,Desserts|Bakery,Chocolate Truffle Cake|Brownie,Veg,2,640,,0,UPI,31,4,,4.6,8900
FD48755,02-02-2024,Friday,22,Dinner,Pune,Viman Nagar,Varun K.,Pizza Plaza,Pizza|Italian|Fast Food,Farmhouse Pizza|Margherita Pizza|Garlic Bread,Veg,3,777,,0,Cash,38,5,,4,16800
FD48754,02-02-2024,Friday,22,Dinner,Pune,Viman Nagar,Nikhil A.,Pav Bhaji Point,Street Food|Maharashtrian,Pav Bhaji|Masala Chaas|Vada Pav,Veg,5,490,,0,Cash,39,4,,4.3,9600
FD48753,02-02-2024,Friday,21,Dinner,Mumbai,Powai,Karan A.,Pav Bhaji Point,Street Food|Maharashtrian,Masala Chaas,Veg,1,40,,0,UPI,32,5,,4.3,9600
FD48752,02-02-2024,Friday,17,Snacks,Hyderabad,HITEC City,Ananya S.,Biryani Junction,Biryani|Hyderabadi|Mughlai,Mutton Biryani|Chicken Biryani|Veg Biryani,Non-Veg,3,850,,0,Card,20,5,Best biryani in town!,4.4,18400
FD48751,02-02-2024,Friday,14,Lunch,Pune,Baner,Rahul A.,Tandoori Nights,North Indian|Mughlai,Butter Chicken,Non-Veg,1,320,,0,UPI,35,5,,4.3,11200
FD48750,02-02-2024,Friday,12,Lunch,Pune,Shivajinagar,Harsh S.,Thali Express,North Indian|Gujarati,Veg Thali,Veg,3,720,FEAST20,144,UPI,46,,,4.2,4700
FD48749,02-02-2024,Friday,0,Late Night,Bengaluru,Electronic City,Siddharth S.,Dosa Delight,South Indian,Masala Dosa,Veg,2,220,,0,UPI,36,4,Delivered super fast.,4.5,12800
FD48748,01-02-2024,Thursday,22,Dinner,Bengaluru,MG Road,Arjun A.,Dosa Delight,South Indian,Masala Dosa|Idli Sambar|Filter Coffee,Veg,3,220,,0,UPI,30,5,Perfect for a late-night craving.,4.5,12800
FD48747,01-02-2024,Thursday,19,Dinner,Pune,Shivajinagar,Aisha K.,Wok & Roll,Chinese|Thai,Hakka Noodles|Veg Manchurian|Fried Rice,Non-Veg,5,830,,0,UPI,40,5,,4,6400
FD48746,01-02-2024,Thursday,19,Dinner,Bengaluru,HSR Layout,Isha K.,Wok & Roll,Chinese|Thai,Hakka Noodles|Veg Manchurian|Fried Rice,Non-Veg,4,660,BIRYANI30,150,Cash,41,4,,4,6400
FD48745,01-02-2024,Thursday,19,Dinner,Bengaluru,Whitefield,Harsh A.,Burger Barn,Fast Food|American,Chicken Burger|Cheese Burger|Cold Coffee|French Fries,Non-Veg,5,759,,0,Cash,47,3,,3.9,15100
FD48744,01-02-2024,Thursday,12,Lunch,Mumbai,Bandra,Siddharth A.,Biryani Junction,Biryani|Hyderabadi|Mughlai,Chicken Biryani|Veg Biryani|Double Ka Meetha|Raita,Non-Veg,5,900,,0,UPI,42,3,,4.4,18400
FD48743,31-01-2024,Wednesday,19,Dinner,Hyderabad,Gachibowli,Tanvi A.,Burger Barn,Fast Food|American,Chicken Burger|Cheese Burger|Cold Coffee|French Fries,Non-Veg,5,759,,0,Cash,20,5,Perfect for a late-night craving.,3.9,15100
FD48742,31-01-2024,Wednesday,17,Snacks,Pune,Shivajinagar,Riya A.,Momo Mania,Tibetan|Chinese,Tandoori Momos|Thukpa|Fried Momos,Non-Veg,3,470,,0,Card,31,4,,4.1,7200
FD48741,31-01-2024,Wednesday,14,Lunch,Hyderabad,Secunderabad,Sana K.,Cake Corner,Desserts|Bakery,Chocolate Truffle Cake|Cupcake,Veg,3,1170,,0,Card,30,4,,4.6,8900
FD48740,31-01-2024,Wednesday,12,Lunch,Pune,Hinjewadi,Sneha A.,Thali Express,North Indian|Gujarati,Gujarati Thali|Veg Thali|Jalebi,Veg,3,580,,0,UPI,38,4,Perfect for a late-night craving.,4.2,4700
FD48739,31-01-2024,Wednesday,9,Breakfast,Pune,Shivajinagar,Tanvi K.,The Healthy Bowl,Healthy Food|Salads,Quinoa Salad,Veg,3,780,,0,UPI,27,5,Worth every rupee.,3.8,2100
FD48738,30-01-2024,Tuesday,21,Dinner,Mumbai,Bandra,Tanvi K.,Pav Bhaji Point,Street Food|Maharashtrian,Pav Bhaji|Masala Chaas|Vada Pav,Veg,3,210,,0,UPI,37,4,,4.3,9600
FD48737,30-01-2024,Tuesday,20,Dinner,Mumbai,Thane,Kavya A.,Burger Barn,Fast Food|American,French Fries,Non-Veg,1,99,,0,Cash,32,4,"Hot and tasty, loved it!",3.9,15100
FD48736,30-01-2024,Tuesday,13,Lunch,Mumbai,Dadar,Pooja S.,Thali Express,North Indian|Gujarati,Veg Thali,Veg,1,240,,0,Wallet,28,4,Portion size was great.,4.2,4700
FD48735,30-01-2024,Tuesday,12,Lunch,Hyderabad,Banjara Hills,Aarav S.,Dosa Delight,South Indian,Masala Dosa|Medu Vada|Idli Sambar|Filter Coffee,Veg,4,290,,0,UPI,45,4,Perfect for a late-night craving.,4.5,12800
FD48734,30-01-2024,Tuesday,12,Lunch,Delhi,Dwarka,Isha K.,Paratha Paradise,North Indian|Breakfast,Aloo Paratha,Veg,1,90,,0,Wallet,25,4,Worth every rupee.,4.4,6100
FD48733,29-01-2024,Monday,20,Dinner,Bengaluru,HSR Layout,Sneha K.,Wok & Roll,Chinese|Thai,Chilli Chicken|Hakka Noodles|Fried Rice|Veg Manchurian,Non-Veg,4,720,FEAST20,144,UPI,44,4,Delivered super fast.,4,6400
FD48732,29-01-2024,Monday,20,Dinner,Pune,Kothrud,Nidhi A.,Thali Express,North Indian|Gujarati,Veg Thali,Veg,3,720,,0,UPI,21,5,,4.2,4700
FD48731,29-01-2024,Monday,20,Dinner,Pune,Viman Nagar,Aarav S.,Biryani Junction,Biryani|Hyderabadi|Mughlai,Mutton Biryani|Chicken Biryani|Raita,Non-Veg,5,1400,,0,UPI,28,4,,4.4,18400
FD48730,29-01-2024,Monday,19,Dinner,Pune,Kothrud,Riya K.,Burger Barn,Fast Food|American,Cheese Burger|Cold Coffee|French Fries,Non-Veg,3,379,FEAST20,75,Wallet,33,4,,3.9,15100
FD48729,29-01-2024,Monday,17,Snacks,Hyderabad,HITEC City,Aisha A.,Cake Corner,Desserts|Bakery,Chocolate Truffle Cake|Red Velvet Pastry|Cupcake,Veg,3,740,,0,Card,17,4,,4.6,8900
FD48728,29-01-2024,Monday,14,Lunch,Pune,Hinjewadi,Isha K.,Biryani Junction,Biryani|Hyderabadi|Mughlai,Chicken Biryani|Raita,Non-Veg,3,600,,0,Card,46,5,"Hot and tasty, loved it!",4.4,18400
FD48727,29-01-2024,Monday,14,Lunch,Mumbai,Colaba,Aarav S.,Chai & Snacks,Beverages|Snacks,Kanda Bhaji|Samosa,Veg,4,205,FEAST20,41,Cash,42,5,,4.1,3900
FD48726,29-01-2024,Monday,12,Lunch,Pune,Kothrud,Varun K.,Tandoori Nights,North Indian|Mughlai,Butter Chicken|Dal Makhani|Garlic Naan,Non-Veg,5,1240,BIRYANI30,150,UPI,37,4,,4.3,11200
FD48725,29-01-2024,Monday,12,Lunch,Mumbai,Powai,Pooja K.,Biryani Junction,Biryani|Hyderabadi|Mughlai,Double Ka Meetha|Raita,Non-Veg,2,130,,0,Card,30,4,,4.4,18400
FD48724,29-01-2024,Monday,8,Breakfast,Delhi,Dwarka,Isha A.,Chai & Snacks,Beverages|Snacks,Masala Chai,Veg,3,90,,0,UPI,36,,,4.1,3900
FD48723,28-01-2024,Sunday,23,Late Night,Delhi,Dwarka,Meera A.,Paratha Paradise,North Indian|Breakfast,Paneer Paratha|Aloo Paratha,Veg,3,330,WELCOME50,150,Card,40,5,Perfect for a late-night craving.,4.4,6100
FD48722,28-01-2024,Sunday,23,Late Night,Pune,Hadapsar,Meera A.,Cake Corner,Desserts|Bakery,Chocolate Truffle Cake|Red Velvet Pastry|Brownie|Cupcake,Veg,5,1380,,0,UPI,61,2,,4.6,8900
FD48721,28-01-2024,Sunday,22,Dinner,Bengaluru,Whitefield,Nikhil S.,Pizza Plaza,Pizza|Italian|Fast Food,Margherita Pizza|Garlic Bread|Choco Lava Cake,Veg,3,477,WEEKEND15,71,Card,37,5,,4,16800
FD48720,28-01-2024,Sunday,22,Dinner,Pune,Hinjewadi,Omkar S.,Momo Mania,Tibetan|Chinese,Fried Momos|Steamed Momos,Non-Veg,2,260,,0,UPI,44,,,4.1,7200
FD48719,28-01-2024,Sunday,19,Dinner,Pune,Kothrud,Yash A.,Pav Bhaji Point,Street Food|Maharashtrian,Pav Bhaji|Masala Chaas|Vada Pav,Veg,4,350,,0,UPI,20,5,,4.3,9600
FD48718,28-01-2024,Sunday,14,Lunch,Bengaluru,Electronic City,Harsh K.,Biryani Junction,Biryani|Hyderabadi|Mughlai,Double Ka Meetha|Raita,Non-Veg,2,130,WELCOME50,65,Cash,43,4,,4.4,18400
FD48717,28-01-2024,Sunday,13,Lunch,Pune,Viman Nagar,Pooja K.,Pav Bhaji Point,Street Food|Maharashtrian,Pav Bhaji|Misal Pav|Masala Chaas,Veg,5,570,,0,UPI,23,5,,4.3,9600
FD48716,28-01-2024,Sunday,9,Breakfast,Hyderabad,Gachibowli,Neha K.,Biryani Junction,Biryani|Hyderabadi|Mughlai,Chicken Biryani|Raita,Non-Veg,2,320,,0,Cash,42,3,,4.4,18400
FD48715,28-01-2024,Sunday,9,Breakfast,Mumbai,Andheri,Aarav K.,Pav Bhaji Point,Street Food|Maharashtrian,Masala Chaas,Veg,1,40,,0,UPI,40,5,,4.3,9600
FD48714,28-01-2024,Sunday,8,Breakfast,Mumbai,Colaba,Harsh A.,Chai & Snacks,Beverages|Snacks,Kanda Bhaji|Bun Maska|Masala Chai,Veg,3,130,FEAST20,26,Wallet,30,5,,4.1,3900
FD48713,27-01-2024,Saturday,23,Late Night,Bengaluru,HSR Layout,Ananya K.,Burger Barn,Fast Food|American,Chicken Burger|Cheese Burger|Cold Coffee|French Fries,Non-Veg,6,949,,0,Card,46,4,,3.9,15100
FD48712,27-01-2024,Saturday,23,Late Night,Mumbai,Powai,Meera K.,Pav Bhaji Point,Street Food|Maharashtrian,Misal Pav,Veg,1,110,,0,UPI,48,4,,4.3,9600
FD48711,27-01-2024,Saturday,23,Late Night,Mumbai,Andheri,Sneha K.,Burger Barn,Fast Food|American,Chicken Burger|Cheese Burger|Cold Coffee|French Fries,Non-Veg,4,569,,0,Card,48,2,,3.9,15100
FD48710,27-01-2024,Saturday,19,Dinner,Bengaluru,MG Road,Yash A.,Dosa Delight,South Indian,Masala Dosa|Medu Vada|Filter Coffee,Veg,3,220,,0,Card,32,5,,4.5,12800
FD48709,27-01-2024,Saturday,18,Snacks,Bengaluru,Whitefield,Siddharth A.,Dosa Delight,South Indian,Masala Dosa|Filter Coffee,Veg,3,260,,0,Card,37,4,,4.5,12800
FD48708,27-01-2024,Saturday,14,Lunch,Mumbai,Colaba,Pooja A.,Thali Express,North Indian|Gujarati,Gujarati Thali|Veg Thali,Veg,2,520,,0,UPI,28,4,Perfect for a late-night craving.,4.2,4700
FD48707,27-01-2024,Saturday,14,Lunch,Delhi,Saket,Omkar S.,Chai & Snacks,Beverages|Snacks,Kanda Bhaji,Veg,3,180,WELCOME50,90,Wallet,24,5,Worth every rupee.,4.1,3900
FD48706,27-01-2024,Saturday,13,Lunch,Bengaluru,Koramangala,Meera A.,Dosa Delight,South Indian,Filter Coffee,Veg,3,120,,0,Cash,28,4,Delivered super fast.,4.5,12800
FD48705,27-01-2024,Saturday,12,Lunch,Pune,Hadapsar,Siddharth S.,Biryani Junction,Biryani|Hyderabadi|Mughlai,Chicken Biryani|Veg Biryani|Double Ka Meetha|Raita,Non-Veg,4,620,,0,UPI,19,5,,4.4,18400
FD48704,27-01-2024,Saturday,12,Lunch,Mumbai,Colaba,Sneha K.,Dosa Delight,South Indian,Masala Dosa|Medu Vada|Idli Sambar,Veg,3,250,,0,Card,42,4,"Hot and tasty, loved it!",4.5,12800
FD48703,26-01-2024,Friday,23,Late Night,Pune,Baner,Varun K.,Chai & Snacks,Beverages|Snacks,Kanda Bhaji|Bun Maska|Masala Chai|Samosa,Veg,4,155,WELCOME50,77,Cash,24,,,4.1,3900
FD48702,26-01-2024,Friday,22,Dinner,Delhi,Lajpat Nagar,Meera A.,Wok & Roll,Chinese|Thai,Hakka Noodles,Non-Veg,1,170,,0,UPI,30,5,Delivered super fast.,4,6400
FD48701,26-01-2024,Friday,20,Dinner,Pune,Hadapsar,Omkar K.,Pizza Plaza,Pizza|Italian|Fast Food,Farmhouse Pizza|Margherita Pizza|Garlic Bread|Choco Lava Cake,Veg,6,1674,FEAST20,150,Card,36,4,,4,16800
FD48700,26-01-2024,Friday,19,Dinner,Delhi,Karol Bagh,Arjun S.,Paratha Paradise,North Indian|Breakfast,Paneer Paratha|Lassi,Veg,2,190,BIRYANI30,57,UPI,47,4,"Hot and tasty, loved it!",4.4,6100
FD48699,26-01-2024,Friday,14,Lunch,Mumbai,Powai,Riya S.,Chai & Snacks,Beverages|Snacks,Bun Maska,Veg,1,40,,0,UPI,38,5,,4.1,3900
FD48698,26-01-2024,Friday,14,Lunch,Pune,Viman Nagar,Priya K.,Thali Express,North Indian|Gujarati,Veg Thali,Veg,2,480,,0,Card,33,5,Worth every rupee.,4.2,4700
FD48697,26-01-2024,Friday,12,Lunch,Mumbai,Colaba,Karan S.,Thali Express,North Indian|Gujarati,Gujarati Thali|Veg Thali|Jalebi,Veg,4,860,,0,UPI,32,4,Delivered super fast.,4.2,4700
FD48696,26-01-2024,Friday,1,Late Night,Bengaluru,Whitefield,Ananya K.,Wok & Roll,Chinese|Thai,Chilli Chicken|Hakka Noodles,Non-Veg,3,630,,0,Card,34,5,Worth every rupee.,4,6400
FD48695,25-01-2024,Thursday,22,Dinner,Mumbai,Thane,Aditya S.,Wok & Roll,Chinese|Thai,Hakka Noodles,Non-Veg,2,340,,0,UPI,23,,,4,6400
FD48694,25-01-2024,Thursday,21,Dinner,Bengaluru,Indiranagar,Arjun K.,Burger Barn,Fast Food|American,Chicken Burger|Cheese Burger|Cold Coffee,Non-Veg,4,660,FEAST20,132,Wallet,26,5,Worth every rupee.,3.9,15100
FD48693,25-01-2024,Thursday,21,Dinner,Bengaluru,MG Road,Siddharth S.,Wok & Roll,Chinese|Thai,Hakka Noodles|Fried Rice|Veg Manchurian,Non-Veg,3,490,,0,UPI,35,,,4,6400
FD48692,25-01-2024,Thursday,20,Dinner,Pune,Hinjewadi,Harsh A.,Burger Barn,Fast Food|American,Cheese Burger|Cold Coffee|French Fries,Non-Veg,4,539,,0,UPI,27,5,"Hot and tasty, loved it!",3.9,15100
FD48691,25-01-2024,Thursday,19,Dinner,Mumbai,Dadar,Arjun A.,Pizza Plaza,Pizza|Italian|Fast Food,Farmhouse Pizza|Margherita Pizza,Veg,3,1047,,0,Card,31,,,4,16800
FD48690,25-01-2024,Thursday,18,Snacks,Hyderabad,Banjara Hills,Ananya A.,Chai & Snacks,Beverages|Snacks,Kanda Bhaji|Bun Maska|Masala Chai|Samosa,Veg,5,215,,0,Cash,26,4,,4.1,3900
FD48689,25-01-2024,Thursday,14,Lunch,Delhi,Noida Sec 18,Varun A.,Paratha Paradise,North Indian|Breakfast,Paneer Paratha|Aloo Paratha|Lassi,Veg,5,520,,0,Cash,36,5,,4.4,6100
FD48688,25-01-2024,Thursday,13,Lunch,Mumbai,Powai,Kabir S.,Dosa Delight,South Indian,Masala Dosa|Medu Vada|Idli Sambar|Filter Coffee,Veg,6,510,,0,UPI,22,5,Perfect for a late-night craving.,4.5,12800
FD48687,25-01-2024,Thursday,12,Lunch,Pune,Viman Nagar,Harsh S.,Shawarma Street,Lebanese|Street Food,Hummus Platter|Chicken Shawarma,Non-Veg,2,330,,0,Card,35,4,"Hot and tasty, loved it!",4.2,5300
FD48686,25-01-2024,Thursday,12,Lunch,Pune,Shivajinagar,Riya S.,Tandoori Nights,North Indian|Mughlai,Butter Chicken|Paneer Tikka|Dal Makhani,Non-Veg,3,800,,0,UPI,29,,,4.3,11200
FD48685,25-01-2024,Thursday,9,Breakfast,Mumbai,Bandra,Sneha K.,Dosa Delight,South Indian,Medu Vada|Filter Coffee,Veg,3,180,,0,Cash,19,5,,4.5,12800
FD48684,25-01-2024,Thursday,8,Breakfast,Delhi,Dwarka,Diya K.,Chai & Snacks,Beverages|Snacks,Kanda Bhaji|Bun Maska|Masala Chai|Samosa,Veg,5,215,FEAST20,43,UPI,41,4,,4.1,3900
FD48683,25-01-2024,Thursday,0,Late Night,Pune,Shivajinagar,Varun A.,Pav Bhaji Point,Street Food|Maharashtrian,Pav Bhaji|Misal Pav|Masala Chaas|Vada Pav,Veg,6,600,,0,Card,21,5,,4.3,9600
FD48682,24-01-2024,Wednesday,18,Snacks,Mumbai,Powai,Aarav K.,Chai & Snacks,Beverages|Snacks,Kanda Bhaji|Bun Maska|Masala Chai,Veg,3,130,,0,UPI,27,5,,4.1,3900
FD48681,24-01-2024,Wednesday,17,Snacks,Pune,Hadapsar,Sneha A.,Shawarma Street,Lebanese|Street Food,Hummus Platter,Non-Veg,1,190,,0,UPI,25,5,,4.2,5300
FD48680,24-01-2024,Wednesday,16,Snacks,Pune,Hinjewadi,Aisha K.,Wok & Roll,Chinese|Thai,Hakka Noodles|Veg Manchurian|Fried Rice,Non-Veg,3,490,,0,UPI,44,5,,4,6400
FD48679,24-01-2024,Wednesday,14,Lunch,Mumbai,Colaba,Nikhil K.,Pav Bhaji Point,Street Food|Maharashtrian,Pav Bhaji|Masala Chaas|Vada Pav,Veg,3,210,,0,UPI,36,4,,4.3,9600
FD48678,24-01-2024,Wednesday,14,Lunch,Bengaluru,Indiranagar,Arjun S.,Dosa Delight,South Indian,Filter Coffee,Veg,3,120,,0,UPI,37,3,Missing one item.,4.5,12800
FD48677,24-01-2024,Wednesday,13,Lunch,Mumbai,Bandra,Aisha S.,Pav Bhaji Point,Street Food|Maharashtrian,Pav Bhaji|Misal Pav|Masala Chaas,Veg,3,290,,0,UPI,43,4,"Hot and tasty, loved it!",4.3,9600
FD48676,23-01-2024,Tuesday,21,Dinner,Hyderabad,Gachibowli,Rahul A.,Pizza Plaza,Pizza|Italian|Fast Food,Margherita Pizza,Veg,2,498,FEAST20,99,UPI,43,3,,4,16800
FD48675,23-01-2024,Tuesday,16,Snacks,Mumbai,Bandra,Vihaan S.,Chai & Snacks,Beverages|Snacks,Kanda Bhaji|Bun Maska|Masala Chai,Veg,3,130,BIRYANI30,39,Cash,29,5,,4.1,3900
FD48674,23-01-2024,Tuesday,16,Snacks,Pune,Viman Nagar,Ananya S.,Shawarma Street,Lebanese|Street Food,Hummus Platter|Falafel Wrap|Chicken Shawarma,Non-Veg,5,860,,0,Card,28,,,4.2,5300
FD48673,23-01-2024,Tuesday,14,Lunch,Delhi,Saket,Pooja A.,Pizza Plaza,Pizza|Italian|Fast Food,Farmhouse Pizza,Veg,2,798,,0,Cash,26,4,,4,16800
FD48672,22-01-2024,Monday,22,Dinner,Delhi,Saket,Rahul A.,Tandoori Nights,North Indian|Mughlai,Butter Chicken|Paneer Tikka|Dal Makhani|Garlic Naan,Non-Veg,5,1180,,0,UPI,31,,,4.3,11200
FD48671,22-01-2024,Monday,22,Dinner,Pune,Shivajinagar,Aisha K.,Pav Bhaji Point,Street Food|Maharashtrian,Masala Chaas,Veg,1,40,,0,Wallet,48,3,Food arrived cold.,4.3,9600
FD48670,22-01-2024,Monday,21,Dinner,Pune,Shivajinagar,Rohan K.,Pav Bhaji Point,Street Food|Maharashtrian,Pav Bhaji|Misal Pav|Masala Chaas|Vada Pav,Veg,5,460,FEAST20,92,Cash,45,4,,4.3,9600
FD48669,22-01-2024,Monday,20,Dinner,Delhi,Dwarka,Isha K.,Wok & Roll,Chinese|Thai,Chilli Chicken|Hakka Noodles|Fried Rice|Veg Manchurian,Non-Veg,4,720,,0,UPI,43,3,Food arrived cold.,4,6400
FD48668,22-01-2024,Monday,19,Dinner,Pune,Baner,Isha A.,Pav Bhaji Point,Street Food|Maharashtrian,Pav Bhaji,Veg,1,140,WELCOME50,70,UPI,39,3,Too spicy for me.,4.3,9600
FD48667,22-01-2024,Monday,16,Snacks,Delhi,Connaught Place,Diya S.,Momo Mania,Tibetan|Chinese,Thukpa|Fried Momos|Steamed Momos,Non-Veg,3,420,,0,UPI,27,4,,4.1,7200
FD48666,22-01-2024,Monday,16,Snacks,Delhi,Karol Bagh,Aditya S.,Cake Corner,Desserts|Bakery,Chocolate Truffle Cake|Red Velvet Pastry|Brownie,Veg,5,1860,,0,UPI,24,4,,4.6,8900
FD48665,22-01-2024,Monday,7,Breakfast,Delhi,Dwarka,Rahul S.,Chai & Snacks,Beverages|Snacks,Kanda Bhaji|Bun Maska|Masala Chai|Samosa,Veg,5,215,,0,Card,38,5,,4.1,3900
FD48664,22-01-2024,Monday,1,Late Night,Pune,Hadapsar,Pranav K.,Pav Bhaji Point,Street Food|Maharashtrian,Pav Bhaji|Misal Pav,Veg,4,530,,0,UPI,22,4,Portion size was great.,4.3,9600
FD48663,21-01-2024,Sunday,23,Late Night,Pune,Viman Nagar,Omkar S.,Burger Barn,Fast Food|American,Chicken Burger|Cheese Burger|Cold Coffee|French Fries,Non-Veg,4,569,BIRYANI30,150,Wallet,49,5,,3.9,15100
FD48662,21-01-2024,Sunday,23,Late Night,Delhi,Connaught Place,Aditya A.,Cake Corner,Desserts|Bakery,Chocolate Truffle Cake|Red Velvet Pastry|Brownie|Cupcake,Veg,6,1930,FEAST20,150,Card,44,3,Food arrived cold.,4.6,8900
FD48661,21-01-2024,Sunday,22,Dinner,Pune,Viman Nagar,Aarav S.,Pav Bhaji Point,Street Food|Maharashtrian,Pav Bhaji,Veg,1,140,WEEKEND15,21,UPI,45,3,,4.3,9600
FD48660,21-01-2024,Sunday,22,Dinner,Bengaluru,Whitefield,Rohan A.,Pizza Plaza,Pizza|Italian|Fast Food,Choco Lava Cake,Veg,2,198,WEEKEND15,29,UPI,36,4,,4,16800
FD48659,21-01-2024,Sunday,21,Dinner,Pune,Hinjewadi,Riya A.,Pizza Plaza,Pizza|Italian|Fast Food,Farmhouse Pizza|Margherita Pizza|Garlic Bread|Choco Lava Cake,Veg,6,1674,,0,UPI,49,3,Delivery took too long.,4,16800
FD48658,21-01-2024,Sunday,17,Snacks,Pune,Shivajinagar,Yash A.,Momo Mania,Tibetan|Chinese,Tandoori Momos|Thukpa|Fried Momos|Steamed Momos,Non-Veg,4,590,WELCOME50,150,Card,45,4,,4.1,7200
FD48657,21-01-2024,Sunday,12,Lunch,Pune,Baner,Rahul S.,Tandoori Nights,North Indian|Mughlai,Paneer Tikka,Non-Veg,1,260,,0,UPI,57,2,,4.3,11200
FD48656,21-01-2024,Sunday,7,Breakfast,Delhi,Connaught Place,Harsh S.,Paratha Paradise,North Indian|Breakfast,Paneer Paratha,Veg,2,240,,0,Card,50,3,,4.4,6100
FD48655,20-01-2024,Saturday,22,Dinner,Hyderabad,Banjara Hills,Diya A.,Dosa Delight,South Indian,Masala Dosa|Filter Coffee,Veg,4,370,,0,UPI,39,4,,4.5,12800
FD48654,20-01-2024,Saturday,22,Dinner,Mumbai,Thane,Yash S.,Cake Corner,Desserts|Bakery,Chocolate Truffle Cake|Red Velvet Pastry,Veg,4,1770,,0,Card,37,5,,4.6,8900
FD48653,20-01-2024,Saturday,21,Dinner,Hyderabad,Banjara Hills,Diya A.,Biryani Junction,Biryani|Hyderabadi|Mughlai,Chicken Biryani|Veg Biryani,Non-Veg,4,1050,WELCOME50,150,Card,26,,,4.4,18400
FD48652,20-01-2024,Saturday,20,Dinner,Mumbai,Powai,Kabir A.,Pizza Plaza,Pizza|Italian|Fast Food,Farmhouse Pizza|Margherita Pizza|Garlic Bread|Choco Lava Cake,Veg,6,1674,,0,UPI,37,5,Worth every rupee.,4,16800
FD48651,20-01-2024,Saturday,18,Snacks,Pune,Viman Nagar,Gauri K.,Pav Bhaji Point,Street Food|Maharashtrian,Pav Bhaji|Misal Pav|Vada Pav,Veg,3,280,,0,UPI,30,5,,4.3,9600
FD48650,20-01-2024,Saturday,12,Lunch,Pune,Kothrud,Omkar S.,Cake Corner,Desserts|Bakery,Chocolate Truffle Cake,Veg,3,1650,,0,Card,33,,,4.6,8900
FD48649,20-01-2024,Saturday,12,Lunch,Bengaluru,Indiranagar,Meera A.,Biryani Junction,Biryani|Hyderabadi|Mughlai,Mutton Biryani|Chicken Biryani,Non-Veg,4,1360,,0,UPI,24,5,Delivered super fast.,4.4,18400
FD48648,19-01-2024,Friday,23,Late Night,Bengaluru,HSR Layout,Aditya S.,Shawarma Street,Lebanese|Street Food,Falafel Wrap|Chicken Shawarma,Non-Veg,2,290,,0,UPI,39,4,,4.2,5300
FD48647,19-01-2024,Friday,20,Dinner,Mumbai,Dadar,Harsh S.,Biryani Junction,Biryani|Hyderabadi|Mughlai,Veg Biryani,Non-Veg,2,420,,0,Wallet,39,3,,4.4,18400
FD48646,19-01-2024,Friday,12,Lunch,Hyderabad,Gachibowli,Pooja A.,Pizza Plaza,Pizza|Italian|Fast Food,Farmhouse Pizza|Garlic Bread|Choco Lava Cake,Veg,3,627,,0,UPI,33,5,"Hot and tasty, loved it!",4,16800
FD48645,19-01-2024,Friday,12,Lunch,Pune,Hadapsar,Aisha S.,Thali Express,North Indian|Gujarati,Gujarati Thali,Veg,1,280,,0,UPI,30,5,,4.2,4700
FD48644,19-01-2024,Friday,7,Breakfast,Mumbai,Thane,Arjun A.,Wok & Roll,Chinese|Thai,Chilli Chicken|Hakka Noodles|Veg Manchurian|Fried Rice,Non-Veg,5,950,,0,Card,18,5,,4,6400
FD48643,18-01-2024,Thursday,23,Late Night,Mumbai,Powai,Riya A.,Thali Express,North Indian|Gujarati,Gujarati Thali,Veg,3,840,,0,UPI,30,5,,4.2,4700
FD48642,18-01-2024,Thursday,21,Dinner,Delhi,Connaught Place,Priya K.,Tandoori Nights,North Indian|Mughlai,Butter Chicken|Paneer Tikka|Dal Makhani,Non-Veg,3,800,BIRYANI30,150,UPI,37,4,,4.3,11200
FD48641,18-01-2024,Thursday,20,Dinner,Pune,Kothrud,Pranav S.,Biryani Junction,Biryani|Hyderabadi|Mughlai,Veg Biryani|Double Ka Meetha|Raita,Non-Veg,4,550,,0,UPI,39,4,,4.4,18400
FD48640,18-01-2024,Thursday,12,Lunch,Pune,Hinjewadi,Priya S.,Tandoori Nights,North Indian|Mughlai,Butter Chicken|Garlic Naan,Non-Veg,4,1020,,0,UPI,34,5,Perfect for a late-night craving.,4.3,11200
FD48639,18-01-2024,Thursday,0,Late Night,Delhi,Lajpat Nagar,Pooja S.,Cake Corner,Desserts|Bakery,Chocolate Truffle Cake|Red Velvet Pastry|Brownie|Cupcake,Veg,4,830,,0,UPI,29,5,,4.6,8900
FD48638,17-01-2024,Wednesday,22,Dinner,Bengaluru,Electronic City,Diya A.,Burger Barn,Fast Food|American,Chicken Burger|Cheese Burger,Non-Veg,3,540,BIRYANI30,150,Card,23,5,,3.9,15100
FD48637,17-01-2024,Wednesday,19,Dinner,Bengaluru,MG Road,Ananya K.,Biryani Junction,Biryani|Hyderabadi|Mughlai,Mutton Biryani,Non-Veg,3,1080,WELCOME50,150,Card,45,4,,4.4,18400
FD48636,17-01-2024,Wednesday,19,Dinner,Bengaluru,Whitefield,Aditya K.,Wok & Roll,Chinese|Thai,Chilli Chicken|Hakka Noodles,Non-Veg,4,860,BIRYANI30,150,Wallet,34,4,,4,6400
FD48635,17-01-2024,Wednesday,18,Snacks,Pune,Hinjewadi,Aditya A.,Pav Bhaji Point,Street Food|Maharashtrian,Pav Bhaji|Masala Chaas,Veg,4,460,,0,Card,22,5,,4.3,9600
FD48634,17-01-2024,Wednesday,16,Snacks,Pune,Viman Nagar,Meera K.,Pav Bhaji Point,Street Food|Maharashtrian,Pav Bhaji|Misal Pav|Masala Chaas|Vada Pav,Veg,6,600,,0,UPI,34,4,Portion size was great.,4.3,9600
FD48633,17-01-2024,Wednesday,14,Lunch,Bengaluru,Indiranagar,Pooja S.,Momo Mania,Tibetan|Chinese,Tandoori Momos|Thukpa|Fried Momos|Steamed Momos,Non-Veg,4,590,,0,UPI,24,5,Worth every rupee.,4.1,7200
FD48632,17-01-2024,Wednesday,9,Breakfast,Delhi,Saket,Meera S.,Chai & Snacks,Beverages|Snacks,Masala Chai,Veg,1,30,,0,UPI,32,5,,4.1,3900
FD48631,17-01-2024,Wednesday,8,Breakfast,Bengaluru,Koramangala,Diya S.,Dosa Delight,South Indian,Masala Dosa|Medu Vada|Idli Sambar|Filter Coffee,Veg,4,290,,0,UPI,30,5,,4.5,12800
FD48630,17-01-2024,Wednesday,1,Late Night,Bengaluru,Indiranagar,Pranav S.,Pizza Plaza,Pizza|Italian|Fast Food,Choco Lava Cake,Veg,1,99,,0,UPI,37,,,4,16800
FD48629,17-01-2024,Wednesday,0,Late Night,Hyderabad,HITEC City,Gauri A.,Biryani Junction,Biryani|Hyderabadi|Mughlai,Chicken Biryani,Non-Veg,1,280,,0,UPI,36,4,,4.4,18400
FD48628,16-01-2024,Tuesday,22,Dinner,Pune,Shivajinagar,Vihaan S.,Pav Bhaji Point,Street Food|Maharashtrian,Pav Bhaji|Masala Chaas,Veg,4,460,,0,Card,42,,,4.3,9600
FD48627,16-01-2024,Tuesday,17,Snacks,Mumbai,Colaba,Diya S.,Pizza Plaza,Pizza|Italian|Fast Food,Farmhouse Pizza|Margherita Pizza|Garlic Bread|Choco Lava Cake,Veg,6,1674,,0,UPI,23,5,,4,16800
FD48626,16-01-2024,Tuesday,16,Snacks,Bengaluru,Electronic City,Karan S.,Momo Mania,Tibetan|Chinese,Fried Momos,Non-Veg,2,280,FEAST20,56,Cash,28,5,,4.1,7200
FD48625,16-01-2024,Tuesday,14,Lunch,Mumbai,Powai,Kavya K.,Tandoori Nights,North Indian|Mughlai,Butter Chicken|Garlic Naan,Non-Veg,3,700,,0,Cash,33,5,,4.3,11200
FD48624,16-01-2024,Tuesday,14,Lunch,Pune,Baner,Arjun K.,Pav Bhaji Point,Street Food|Maharashtrian,Pav Bhaji|Misal Pav|Masala Chaas|Vada Pav,Veg,5,460,,0,Card,29,5,,4.3,9600
FD48623,16-01-2024,Tuesday,14,Lunch,Delhi,Karol Bagh,Sana K.,Tandoori Nights,North Indian|Mughlai,Butter Chicken|Paneer Tikka|Dal Makhani,Non-Veg,5,1440,,0,UPI,46,4,,4.3,11200
FD48622,16-01-2024,Tuesday,13,Lunch,Mumbai,Colaba,Yash S.,Chai & Snacks,Beverages|Snacks,Kanda Bhaji|Bun Maska|Masala Chai|Samosa,Veg,6,275,,0,UPI,30,5,Worth every rupee.,4.1,3900
FD48621,16-01-2024,Tuesday,13,Lunch,Mumbai,Powai,Meera A.,Pav Bhaji Point,Street Food|Maharashtrian,Pav Bhaji|Misal Pav|Masala Chaas,Veg,3,290,,0,UPI,37,5,Delivered super fast.,4.3,9600
FD48620,16-01-2024,Tuesday,7,Breakfast,Mumbai,Andheri,Yash S.,Thali Express,North Indian|Gujarati,Gujarati Thali|Veg Thali,Veg,2,520,,0,Cash,42,4,,4.2,4700
FD48619,16-01-2024,Tuesday,7,Breakfast,Bengaluru,Whitefield,Rahul K.,The Healthy Bowl,Healthy Food|Salads,Protein Bowl|Quinoa Salad|Fruit Smoothie,Veg,4,1050,BIRYANI30,150,UPI,23,5,Perfect for a late-night craving.,3.8,2100
FD48618,16-01-2024,Tuesday,1,Late Night,Bengaluru,Whitefield,Sana S.,Dosa Delight,South Indian,Masala Dosa|Idli Sambar|Medu Vada|Filter Coffee,Veg,5,400,FEAST20,80,Cash,34,3,,4.5,12800
FD48617,15-01-2024,Monday,22,Dinner,Hyderabad,Banjara Hills,Neha K.,Pizza Plaza,Pizza|Italian|Fast Food,Margherita Pizza,Veg,1,249,,0,Card,34,5,"Hot and tasty, loved it!",4,16800
FD48616,15-01-2024,Monday,21,Dinner,Delhi,Karol Bagh,Ananya S.,Wok & Roll,Chinese|Thai,Veg Manchurian,Non-Veg,2,320,,0,Card,27,,,4,6400
FD48615,15-01-2024,Monday,16,Snacks,Bengaluru,Electronic City,Pooja K.,Momo Mania,Tibetan|Chinese,Steamed Momos,Non-Veg,1,120,,0,UPI,43,5,Delivered super fast.,4.1,7200
FD48614,15-01-2024,Monday,14,Lunch,Hyderabad,Banjara Hills,Kabir K.,Shawarma Street,Lebanese|Street Food,Hummus Platter|Falafel Wrap|Chicken Shawarma,Non-Veg,3,480,,0,Cash,39,5,Worth every rupee.,4.2,5300
FD48613,15-01-2024,Monday,12,Lunch,Pune,Hinjewadi,Rohan A.,Thali Express,North Indian|Gujarati,Veg Thali,Veg,2,480,,0,UPI,46,4,,4.2,4700
FD48612,15-01-2024,Monday,7,Breakfast,Delhi,Karol Bagh,Sneha A.,Paratha Paradise,North Indian|Breakfast,Paneer Paratha|Aloo Paratha|Lassi,Veg,4,400,,0,UPI,29,4,"Hot and tasty, loved it!",4.4,6100
FD48611,15-01-2024,Monday,0,Late Night,Pune,Viman Nagar,Ananya K.,Pav Bhaji Point,Street Food|Maharashtrian,Pav Bhaji|Vada Pav,Veg,4,450,,0,UPI,38,4,,4.3,9600
FD48610,14-01-2024,Sunday,23,Late Night,Hyderabad,Banjara Hills,Diya K.,Biryani Junction,Biryani|Hyderabadi|Mughlai,Chicken Biryani|Veg Biryani|Double Ka Meetha|Raita,Non-Veg,6,1180,WEEKEND15,150,UPI,44,,,4.4,18400
FD48609,14-01-2024,Sunday,22,Dinner,Pune,Shivajinagar,Kavya K.,Burger Barn,Fast Food|American,Cheese Burger|Cold Coffee|French Fries,Non-Veg,4,539,,0,UPI,45,5,,3.9,15100
FD48608,14-01-2024,Sunday,21,Dinner,Pune,Hinjewadi,Sana A.,Pav Bhaji Point,Street Food|Maharashtrian,Pav Bhaji|Misal Pav|Masala Chaas|Vada Pav,Veg,5,460,,0,Card,36,4,,4.3,9600
FD48607,14-01-2024,Sunday,19,Dinner,Bengaluru,Indiranagar,Meera K.,Dosa Delight,South Indian,Masala Dosa|Medu Vada|Idli Sambar|Filter Coffee,Veg,4,290,,0,Wallet,29,5,Worth every rupee.,4.5,12800
FD48606,14-01-2024,Sunday,18,Snacks,Delhi,Noida Sec 18,Rohan S.,Paratha Paradise,North Indian|Breakfast,Aloo Paratha,Veg,2,180,WELCOME50,90,UPI,35,4,Delivered super fast.,4.4,6100
FD48605,14-01-2024,Sunday,16,Snacks,Pune,Shivajinagar,Priya K.,Pav Bhaji Point,Street Food|Maharashtrian,Pav Bhaji|Masala Chaas,Veg,4,460,,0,Cash,28,3,,4.3,9600
FD48604,14-01-2024,Sunday,14,Lunch,Mumbai,Dadar,Sneha S.,Dosa Delight,South Indian,Masala Dosa|Idli Sambar|Medu Vada,Veg,3,250,,0,Wallet,39,4,Worth every rupee.,4.5,12800
FD48603,14-01-2024,Sunday,13,Lunch,Mumbai,Powai,Kabir K.,Thali Express,North Indian|Gujarati,Veg Thali|Jalebi,Veg,4,780,,0,Cash,34,5,,4.2,4700
FD48602,14-01-2024,Sunday,12,Lunch,Hyderabad,Ameerpet,Riya S.,Dosa Delight,South Indian,Filter Coffee,Veg,2,80,,0,UPI,37,3,Packaging was leaking.,4.5,12800
FD48601,14-01-2024,Sunday,1,Late Night,Bengaluru,Indiranagar,Priya A.,Shawarma Street,Lebanese|Street Food,Chicken Shawarma,Non-Veg,1,140,,0,UPI,52,5,,4.2,5300
FD48600,14-01-2024,Sunday,0,Late Night,Delhi,Lajpat Nagar,Isha S.,Cake Corner,Desserts|Bakery,Chocolate Truffle Cake|Brownie,Veg,2,640,,0,Wallet,50,3,Packaging was leaking.,4.6,8900
FD48599,14-01-2024,Sunday,0,Late Night,Pune,Hinjewadi,Karan S.,Burger Barn,Fast Food|American,Chicken Burger|Cheese Burger|Cold Coffee|French Fries,Non-Veg,5,759,,0,Card,35,5,,3.9,15100
FD48598,13-01-2024,Saturday,22,Dinner,Pune,Shivajinagar,Harsh A.,Pav Bhaji Point,Street Food|Maharashtrian,Pav Bhaji|Misal Pav|Vada Pav,Veg,3,280,FEAST20,56,UPI,38,5,,4.3,9600
FD48597,13-01-2024,Saturday,22,Dinner,Bengaluru,Whitefield,Karan A.,Momo Mania,Tibetan|Chinese,Steamed Momos,Non-Veg,2,240,,0,UPI,35,,,4.1,7200
FD48596,13-01-2024,Saturday,22,Dinner,Pune,Hadapsar,Gauri K.,Burger Barn,Fast Food|American,Chicken Burger|Cheese Burger|Cold Coffee|French Fries,Non-Veg,4,569,WELCOME50,150,Card,42,5,,3.9,15100
FD48595,13-01-2024,Saturday,21,Dinner,Hyderabad,Secunderabad,Tanvi A.,Biryani Junction,Biryani|Hyderabadi|Mughlai,Mutton Biryani|Chicken Biryani|Double Ka Meetha,Non-Veg,5,1450,,0,UPI,38,5,"Hot and tasty, loved it!",4.4,18400
FD48594,13-01-2024,Saturday,21,Dinner,Delhi,Saket,Harsh K.,Cake Corner,Desserts|Bakery,Chocolate Truffle Cake,Veg,1,550,,0,UPI,34,,,4.6,8900
FD48593,13-01-2024,Saturday,20,Dinner,Pune,Kothrud,Aditya S.,Pizza Plaza,Pizza|Italian|Fast Food,Farmhouse Pizza|Margherita Pizza|Garlic Bread|Choco Lava Cake,Veg,4,876,,0,Card,31,4,,4,16800
FD48592,13-01-2024,Saturday,19,Dinner,Bengaluru,MG Road,Diya A.,The Healthy Bowl,Healthy Food|Salads,Protein Bowl|Quinoa Salad|Fruit Smoothie,Veg,5,1370,WEEKEND15,150,Card,40,,,3.8,2100
FD48591,13-01-2024,Saturday,19,Dinner,Mumbai,Colaba,Priya A.,Tandoori Nights,North Indian|Mughlai,Butter Chicken|Paneer Tikka|Dal Makhani|Garlic Naan,Non-Veg,4,860,,0,Cash,45,4,,4.3,11200
FD48590,13-01-2024,Saturday,17,Snacks,Mumbai,Thane,Meera A.,Pav Bhaji Point,Street Food|Maharashtrian,Pav Bhaji|Masala Chaas|Vada Pav,Veg,3,210,,0,Wallet,29,4,,4.3,9600
FD48589,13-01-2024,Saturday,14,Lunch,Pune,Shivajinagar,Neha A.,Thali Express,North Indian|Gujarati,Gujarati Thali|Veg Thali|Jalebi,Veg,4,860,,0,UPI,26,5,,4.2,4700
FD48588,13-01-2024,Saturday,14,Lunch,Mumbai,Bandra,Rahul K.,Wok & Roll,Chinese|Thai,Hakka Noodles,Non-Veg,1,170,BIRYANI30,51,UPI,41,4,,4,6400
FD48587,13-01-2024,Saturday,13,Lunch,Bengaluru,Koramangala,Tanvi K.,Biryani Junction,Biryani|Hyderabadi|Mughlai,Mutton Biryani|Veg Biryani|Raita,Non-Veg,3,610,,0,Card,39,4,Worth every rupee.,4.4,18400
FD48586,13-01-2024,Saturday,13,Lunch,Bengaluru,Electronic City,Neha A.,Dosa Delight,South Indian,Masala Dosa|Medu Vada,Veg,2,180,,0,UPI,33,,,4.5,12800
FD48585,13-01-2024,Saturday,0,Late Night,Mumbai,Andheri,Harsh S.,Biryani Junction,Biryani|Hyderabadi|Mughlai,Chicken Biryani,Non-Veg,1,280,WELCOME50,140,Cash,31,4,,4.4,18400
FD48584,12-01-2024,Friday,20,Dinner,Bengaluru,Electronic City,Tanvi S.,Shawarma Street,Lebanese|Street Food,Hummus Platter|Falafel Wrap|Chicken Shawarma,Non-Veg,4,670,,0,UPI,32,,,4.2,5300
FD48583,12-01-2024,Friday,19,Dinner,Mumbai,Dadar,Kavya A.,Burger Barn,Fast Food|American,French Fries,Non-Veg,1,99,,0,UPI,41,4,,3.9,15100
FD48582,12-01-2024,Friday,13,Lunch,Hyderabad,Gachibowli,Vihaan S.,Dosa Delight,South Indian,Masala Dosa|Idli Sambar|Medu Vada|Filter Coffee,Veg,4,290,,0,Card,42,4,,4.5,12800
FD48581,12-01-2024,Friday,12,Lunch,Pune,Hadapsar,Rahul A.,Tandoori Nights,North Indian|Mughlai,Dal Makhani,Non-Veg,1,220,,0,UPI,27,5,,4.3,11200
FD48580,11-01-2024,Thursday,23,Late Night,Bengaluru,Whitefield,Neha S.,Burger Barn,Fast Food|American,Chicken Burger|Cheese Burger,Non-Veg,2,350,,0,UPI,25,5,,3.9,15100
FD48579,11-01-2024,Thursday,23,Late Night,Delhi,Noida Sec 18,Rohan K.,Paratha Paradise,North Indian|Breakfast,Paneer Paratha|Aloo Paratha,Veg,3,330,FEAST20,66,UPI,38,4,,4.4,6100
FD48578,11-01-2024,Thursday,19,Dinner,Bengaluru,MG Road,Pranav S.,Wok & Roll,Chinese|Thai,Hakka Noodles|Veg Manchurian,Non-Veg,2,330,,0,UPI,35,4,,4,6400
FD48577,11-01-2024,Thursday,17,Snacks,Pune,Kothrud,Sneha A.,Shawarma Street,Lebanese|Street Food,Falafel Wrap|Chicken Shawarma,Non-Veg,2,290,FEAST20,58,UPI,27,5,,4.2,5300
FD48576,11-01-2024,Thursday,17,Snacks,Bengaluru,HSR Layout,Nidhi S.,Momo Mania,Tibetan|Chinese,Tandoori Momos|Thukpa|Steamed Momos,Non-Veg,5,790,,0,Card,35,,,4.1,7200
FD48575,11-01-2024,Thursday,16,Snacks,Pune,Viman Nagar,Siddharth K.,Chai & Snacks,Beverages|Snacks,Kanda Bhaji|Masala Chai|Samosa,Veg,5,235,WELCOME50,117,UPI,29,,,4.1,3900
FD48574,11-01-2024,Thursday,14,Lunch,Mumbai,Dadar,Ananya K.,Biryani Junction,Biryani|Hyderabadi|Mughlai,Mutton Biryani|Chicken Biryani,Non-Veg,2,640,FEAST20,128,UPI,48,,,4.4,18400
FD48573,11-01-2024,Thursday,14,Lunch,Delhi,Connaught Place,Isha S.,Paratha Paradise,North Indian|Breakfast,Aloo Paratha|Lassi,Veg,2,160,,0,UPI,37,3,Food arrived cold.,4.4,6100
FD48572,11-01-2024,Thursday,12,Lunch,Bengaluru,Indiranagar,Kavya S.,Wok & Roll,Chinese|Thai,Hakka Noodles,Non-Veg,3,510,,0,UPI,38,5,,4,6400
FD48571,11-01-2024,Thursday,12,Lunch,Pune,Viman Nagar,Vihaan A.,Tandoori Nights,North Indian|Mughlai,Butter Chicken|Paneer Tikka|Garlic Naan,Non-Veg,5,1280,,0,UPI,40,5,,4.3,11200
FD48570,11-01-2024,Thursday,12,Lunch,Pune,Viman Nagar,Aarav A.,Tandoori Nights,North Indian|Mughlai,Butter Chicken|Dal Makhani|Garlic Naan,Non-Veg,3,600,,0,UPI,37,5,,4.3,11200
FD48569,11-01-2024,Thursday,12,Lunch,Bengaluru,Whitefield,Aisha S.,Shawarma Street,Lebanese|Street Food,Chicken Shawarma,Non-Veg,2,280,WELCOME50,140,UPI,28,5,Portion size was great.,4.2,5300
FD48568,10-01-2024,Wednesday,22,Dinner,Delhi,Connaught Place,Vihaan K.,Burger Barn,Fast Food|American,Chicken Burger|Cheese Burger|Cold Coffee|French Fries,Non-Veg,4,569,,0,Wallet,27,5,,3.9,15100
FD48567,10-01-2024,Wednesday,20,Dinner,Pune,Shivajinagar,Rahul A.,Pizza Plaza,Pizza|Italian|Fast Food,Margherita Pizza|Choco Lava Cake,Veg,3,597,,0,Wallet,31,4,"Hot and tasty, loved it!",4,16800
FD48566,10-01-2024,Wednesday,17,Snacks,Delhi,Lajpat Nagar,Riya K.,Momo Mania,Tibetan|Chinese,Tandoori Momos|Thukpa,Non-Veg,4,670,,0,Card,36,4,,4.1,7200
FD48565,10-01-2024,Wednesday,17,Snacks,Mumbai,Andheri,Isha S.,Pav Bhaji Point,Street Food|Maharashtrian,Pav Bhaji|Masala Chaas|Vada Pav,Veg,3,210,WELCOME50,105,Cash,38,5,,4.3,9600
FD48564,10-01-2024,Wednesday,14,Lunch,Mumbai,Thane,Pranav A.,Pav Bhaji Point,Street Food|Maharashtrian,Pav Bhaji,Veg,1,140,,0,Wallet,30,,,4.3,9600
FD48563,10-01-2024,Wednesday,8,Breakfast,Delhi,Lajpat Nagar,Aisha A.,Paratha Paradise,North Indian|Breakfast,Aloo Paratha,Veg,3,270,FEAST20,54,UPI,24,4,,4.4,6100
FD48562,10-01-2024,Wednesday,7,Breakfast,Hyderabad,Banjara Hills,Vihaan A.,Chai & Snacks,Beverages|Snacks,Kanda Bhaji,Veg,2,120,,0,Card,31,5,,4.1,3900
FD48561,09-01-2024,Tuesday,21,Dinner,Pune,Hinjewadi,Priya K.,Shawarma Street,Lebanese|Street Food,Hummus Platter|Falafel Wrap|Chicken Shawarma,Non-Veg,3,480,,0,Wallet,35,4,,4.2,5300
FD48560,09-01-2024,Tuesday,18,Snacks,Bengaluru,MG Road,Omkar S.,Momo Mania,Tibetan|Chinese,Tandoori Momos|Thukpa|Fried Momos|Steamed Momos,Non-Veg,6,930,FEAST20,150,Card,38,3,,4.1,7200
FD48559,09-01-2024,Tuesday,14,Lunch,Bengaluru,Indiranagar,Aditya A.,Biryani Junction,Biryani|Hyderabadi|Mughlai,Mutton Biryani|Veg Biryani,Non-Veg,2,570,,0,UPI,30,,,4.4,18400
FD48558,09-01-2024,Tuesday,12,Lunch,Bengaluru,Koramangala,Neha S.,Burger Barn,Fast Food|American,Chicken Burger|Cheese Burger|French Fries,Non-Veg,5,829,,0,Card,37,4,,3.9,15100
FD48557,09-01-2024,Tuesday,1,Late Night,Delhi,Saket,Vihaan K.,Paratha Paradise,North Indian|Breakfast,Aloo Paratha|Lassi,Veg,4,340,BIRYANI30,102,Card,24,5,"Hot and tasty, loved it!",4.4,6100
FD48556,08-01-2024,Monday,20,Dinner,Delhi,Connaught Place,Nidhi S.,Paratha Paradise,North Indian|Breakfast,Paneer Paratha|Aloo Paratha|Lassi,Veg,5,520,,0,UPI,33,5,"Hot and tasty, loved it!",4.4,6100
FD48555,08-01-2024,Monday,17,Snacks,Pune,Viman Nagar,Ananya K.,Pav Bhaji Point,Street Food|Maharashtrian,Pav Bhaji|Misal Pav|Masala Chaas|Vada Pav,Veg,4,320,,0,UPI,28,5,,4.3,9600
FD48554,08-01-2024,Monday,17,Snacks,Mumbai,Dadar,Yash S.,Pav Bhaji Point,Street Food|Maharashtrian,Pav Bhaji|Misal Pav|Vada Pav,Veg,4,420,,0,UPI,21,,,4.3,9600
FD48553,08-01-2024,Monday,7,Breakfast,Bengaluru,HSR Layout,Harsh A.,Burger Barn,Fast Food|American,Chicken Burger|Cheese Burger,Non-Veg,3,540,,0,Card,25,4,"Hot and tasty, loved it!",3.9,15100
FD48552,07-01-2024,Sunday,23,Late Night,Mumbai,Powai,Kavya K.,Pizza Plaza,Pizza|Italian|Fast Food,Choco Lava Cake,Veg,3,297,,0,UPI,39,4,Worth every rupee.,4,16800
FD48551,07-01-2024,Sunday,22,Dinner,Hyderabad,Kukatpally,Aditya S.,Biryani Junction,Biryani|Hyderabadi|Mughlai,Mutton Biryani|Chicken Biryani|Veg Biryani|Raita,Non-Veg,5,1250,,0,UPI,31,4,Portion size was great.,4.4,18400
FD48550,07-01-2024,Sunday,21,Dinner,Bengaluru,HSR Layout,Karan K.,Dosa Delight,South Indian,Masala Dosa|Medu Vada,Veg,4,400,,0,UPI,39,5,,4.5,12800
FD48549,07-01-2024,Sunday,20,Dinner,Delhi,Lajpat Nagar,Kavya K.,Paratha Paradise,North Indian|Breakfast,Paneer Paratha|Aloo Paratha,Veg,4,450,,0,UPI,35,5,Delivered super fast.,4.4,6100
FD48548,07-01-2024,Sunday,19,Dinner,Delhi,Lajpat Nagar,Omkar A.,Pizza Plaza,Pizza|Italian|Fast Food,Margherita Pizza|Garlic Bread|Choco Lava Cake,Veg,3,477,,0,Cash,31,5,Worth every rupee.,4,16800
FD48547,07-01-2024,Sunday,18,Snacks,Delhi,Connaught Place,Isha S.,Paratha Paradise,North Indian|Breakfast,Aloo Paratha,Veg,2,180,FEAST20,36,UPI,31,5,"Hot and tasty, loved it!",4.4,6100
FD48546,07-01-2024,Sunday,16,Snacks,Hyderabad,HITEC City,Sneha K.,Pizza Plaza,Pizza|Italian|Fast Food,Farmhouse Pizza|Margherita Pizza|Choco Lava Cake,Veg,3,747,,0,UPI,35,3,,4,16800
FD48545,07-01-2024,Sunday,13,Lunch,Delhi,Noida Sec 18,Kavya K.,Tandoori Nights,North Indian|Mughlai,Paneer Tikka|Dal Makhani,Non-Veg,2,480,,0,Card,31,,,4.3,11200
FD48544,07-01-2024,Sunday,8,Breakfast,Mumbai,Powai,Tanvi S.,Chai & Snacks,Beverages|Snacks,Kanda Bhaji|Masala Chai|Samosa,Veg,3,115,,0,Cash,34,,,4.1,3900
FD48543,07-01-2024,Sunday,7,Breakfast,Mumbai,Thane,Gauri K.,Pav Bhaji Point,Street Food|Maharashtrian,Pav Bhaji|Misal Pav|Masala Chaas,Veg,4,430,WEEKEND15,64,Cash,33,5,,4.3,9600
FD48542,07-01-2024,Sunday,0,Late Night,Pune,Hadapsar,Pranav K.,Biryani Junction,Biryani|Hyderabadi|Mughlai,Mutton Biryani|Chicken Biryani|Double Ka Meetha|Raita,Non-Veg,5,1130,,0,UPI,38,4,,4.4,18400
FD48541,06-01-2024,Saturday,22,Dinner,Bengaluru,Whitefield,Pranav A.,Dosa Delight,South Indian,Masala Dosa,Veg,3,330,,0,UPI,41,5,Delivered super fast.,4.5,12800
FD48540,06-01-2024,Saturday,22,Dinner,Mumbai,Bandra,Neha S.,Biryani Junction,Biryani|Hyderabadi|Mughlai,Chicken Biryani,Non-Veg,3,840,,0,Wallet,43,4,Delivered super fast.,4.4,18400
FD48539,06-01-2024,Saturday,19,Dinner,Pune,Shivajinagar,Vihaan A.,Tandoori Nights,North Indian|Mughlai,Dal Makhani,Non-Veg,3,660,,0,UPI,35,5,Worth every rupee.,4.3,11200
FD48538,06-01-2024,Saturday,17,Snacks,Mumbai,Andheri,Arjun A.,Tandoori Nights,North Indian|Mughlai,Butter Chicken|Dal Makhani,Non-Veg,4,1180,WELCOME50,150,Cash,40,5,,4.3,11200
FD48537,06-01-2024,Saturday,17,Snacks,Mumbai,Thane,Rahul S.,Chai & Snacks,Beverages|Snacks,Kanda Bhaji|Bun Maska|Masala Chai|Samosa,Veg,4,155,,0,UPI,41,3,Missing one item.,4.1,3900
FD48537,06-01-2024,Saturday,17,Snacks,Mumbai,Thane,Rahul S.,Chai & Snacks,Beverages|Snacks,Kanda Bhaji|Bun Maska|Masala Chai|Samosa,Veg,4,155,,0,UPI,41,3,Missing one item.,4.1,3900
FD48536,06-01-2024,Saturday,17,Snacks,Bengaluru,Koramangala,Sana S.,Dosa Delight,South Indian,Medu Vada,Veg,2,140,,0,Card,37,4,,4.5,12800
FD48535,06-01-2024,Saturday,14,Lunch,Bengaluru,MG Road,Omkar K.,Dosa Delight,South Indian,Filter Coffee,Veg,1,40,,0,Card,33,5,,4.5,12800
FD48534,05-01-2024,Friday,22,Dinner,Bengaluru,Koramangala,Arjun A.,Biryani Junction,Biryani|Hyderabadi|Mughlai,Chicken Biryani,Non-Veg,1,280,,0,UPI,51,3,,4.4,18400
FD48533,05-01-2024,Friday,22,Dinner,Bengaluru,Indiranagar,Pooja A.,Shawarma Street,Lebanese|Street Food,Chicken Shawarma,Non-Veg,2,280,,0,UPI,25,5,,4.2,5300
FD48532,05-01-2024,Friday,14,Lunch,Pune,Baner,Gauri S.,Tandoori Nights,North Indian|Mughlai,Butter Chicken|Paneer Tikka|Dal Makhani|Garlic Naan,Non-Veg,6,1500,BIRYANI30,150,UPI,40,4,"Hot and tasty, loved it!",4.3,11200
FD48531,05-01-2024,Friday,14,Lunch,Pune,Viman Nagar,Neha K.,Thali Express,North Indian|Gujarati,Veg Thali,Veg,1,240,,0,Card,42,3,,4.2,4700
FD48530,05-01-2024,Friday,13,Lunch,Delhi,Saket,Aditya K.,Tandoori Nights,North Indian|Mughlai,Butter Chicken|Paneer Tikka|Dal Makhani|Garlic Naan,Non-Veg,6,1500,,0,UPI,25,5,,4.3,11200
FD48529,05-01-2024,Friday,13,Lunch,Pune,Hinjewadi,Nidhi K.,Thali Express,North Indian|Gujarati,Gujarati Thali|Veg Thali|Jalebi,Veg,3,580,,0,Card,33,,,4.2,4700
FD48528,04-01-2024,Thursday,23,Late Night,Mumbai,Thane,Siddharth K.,Wok & Roll,Chinese|Thai,Chilli Chicken|Hakka Noodles|Veg Manchurian|Fried Rice,Non-Veg,5,950,,0,Cash,37,4,,4,6400
FD48527,04-01-2024,Thursday,22,Dinner,Delhi,Karol Bagh,Priya A.,Tandoori Nights,North Indian|Mughlai,Butter Chicken|Dal Makhani,Non-Veg,2,540,,0,UPI,31,5,,4.3,11200
FD48526,04-01-2024,Thursday,16,Snacks,Bengaluru,MG Road,Riya A.,Shawarma Street,Lebanese|Street Food,Falafel Wrap,Non-Veg,1,150,,0,UPI,29,4,,4.2,5300
FD48525,04-01-2024,Thursday,7,Breakfast,Bengaluru,Whitefield,Aditya A.,Dosa Delight,South Indian,Masala Dosa,Veg,2,220,,0,UPI,19,,,4.5,12800
FD48524,03-01-2024,Wednesday,19,Dinner,Pune,Viman Nagar,Ananya S.,Cake Corner,Desserts|Bakery,Chocolate Truffle Cake|Red Velvet Pastry|Brownie|Cupcake,Veg,4,830,,0,Card,19,5,"Hot and tasty, loved it!",4.6,8900
FD48523,03-01-2024,Wednesday,19,Dinner,Hyderabad,Ameerpet,Rohan K.,Biryani Junction,Biryani|Hyderabadi|Mughlai,Double Ka Meetha|Raita,Non-Veg,4,310,BIRYANI30,93,UPI,32,5,,4.4,18400
FD48522,03-01-2024,Wednesday,16,Snacks,Hyderabad,Gachibowli,Aisha A.,Biryani Junction,Biryani|Hyderabadi|Mughlai,Raita,Non-Veg,2,80,,0,Card,24,,,4.4,18400
FD48521,03-01-2024,Wednesday,16,Snacks,Delhi,Saket,Priya S.,Paratha Paradise,North Indian|Breakfast,Aloo Paratha|Lassi,Veg,2,160,FEAST20,32,Card,29,5,,4.4,6100
FD48520,03-01-2024,Wednesday,14,Lunch,Pune,Kothrud,Ananya A.,Thali Express,North Indian|Gujarati,Gujarati Thali|Veg Thali|Jalebi,Veg,3,580,BIRYANI30,150,UPI,40,,,4.2,4700
FD48519,03-01-2024,Wednesday,7,Breakfast,Pune,Baner,Meera S.,Cake Corner,Desserts|Bakery,Chocolate Truffle Cake|Red Velvet Pastry|Brownie|Cupcake,Veg,4,830,,0,UPI,27,5,,4.6,8900
FD48518,03-01-2024,Wednesday,0,Late Night,Pune,Hadapsar,Diya A.,Tandoori Nights,North Indian|Mughlai,Butter Chicken|Paneer Tikka|Dal Makhani|Garlic Naan,Non-Veg,6,1500,,0,Cash,22,4,,4.3,11200
FD48517,02-01-2024,Tuesday,23,Late Night,Hyderabad,Ameerpet,Rohan K.,Shawarma Street,Lebanese|Street Food,Chicken Shawarma,Non-Veg,1,140,,0,UPI,34,,,4.2,5300
FD48516,02-01-2024,Tuesday,23,Late Night,Bengaluru,MG Road,Vihaan A.,Dosa Delight,South Indian,Masala Dosa|Idli Sambar|Medu Vada|Filter Coffee,Veg,5,400,,0,UPI,26,,,4.5,12800
FD48515,02-01-2024,Tuesday,22,Dinner,Pune,Hinjewadi,Nidhi K.,Pizza Plaza,Pizza|Italian|Fast Food,Margherita Pizza,Veg,2,498,FEAST20,99,UPI,31,4,,4,16800
FD48514,02-01-2024,Tuesday,19,Dinner,Pune,Baner,Riya K.,Biryani Junction,Biryani|Hyderabadi|Mughlai,Double Ka Meetha,Non-Veg,3,270,,0,UPI,38,4,,4.4,18400
FD48513,02-01-2024,Tuesday,19,Dinner,Delhi,Connaught Place,Vihaan S.,Burger Barn,Fast Food|American,Cold Coffee|French Fries,Non-Veg,2,219,BIRYANI30,65,UPI,31,5,"Hot and tasty, loved it!",3.9,15100
FD48512,02-01-2024,Tuesday,19,Dinner,Mumbai,Bandra,Arjun S.,Pizza Plaza,Pizza|Italian|Fast Food,Margherita Pizza|Garlic Bread,Veg,3,627,FEAST20,125,Cash,37,5,,4,16800
FD48511,02-01-2024,Tuesday,19,Dinner,Mumbai,Andheri,Sneha A.,Pav Bhaji Point,Street Food|Maharashtrian,Pav Bhaji,Veg,1,140,BIRYANI30,42,UPI,40,4,,4.3,9600
FD48510,02-01-2024,Tuesday,17,Snacks,Pune,Viman Nagar,Arjun K.,Thali Express,North Indian|Gujarati,Jalebi,Veg,3,180,,0,UPI,26,5,,4.2,4700
FD48509,02-01-2024,Tuesday,14,Lunch,Mumbai,Bandra,Siddharth K.,Cake Corner,Desserts|Bakery,Chocolate Truffle Cake|Brownie|Cupcake,Veg,5,1810,,0,UPI,37,,,4.6,8900
FD48508,02-01-2024,Tuesday,8,Breakfast,Mumbai,Dadar,Nidhi K.,Dosa Delight,South Indian,Masala Dosa|Filter Coffee,Veg,3,260,,0,UPI,29,4,,4.5,12800
FD48507,02-01-2024,Tuesday,1,Late Night,Delhi,Lajpat Nagar,Riya S.,Paratha Paradise,North Indian|Breakfast,Aloo Paratha|Lassi,Veg,4,340,FEAST20,68,Card,29,5,"Hot and tasty, loved it!",4.4,6100
FD48506,02-01-2024,Tuesday,1,Late Night,Bengaluru,HSR Layout,Rahul S.,Burger Barn,Fast Food|American,Chicken Burger,Non-Veg,2,380,,0,UPI,36,5,Portion size was great.,3.9,15100
FD48505,01-01-2024,Monday,23,Late Night,Hyderabad,Gachibowli,Gauri K.,Biryani Junction,Biryani|Hyderabadi|Mughlai,Mutton Biryani|Chicken Biryani|Double Ka Meetha,Non-Veg,3,730,,0,UPI,47,4,"Hot and tasty, loved it!",4.4,18400
FD48504,01-01-2024,Monday,23,Late Night,Mumbai,Thane,Priya S.,Pizza Plaza,Pizza|Italian|Fast Food,Margherita Pizza|Garlic Bread,Veg,2,378,,0,UPI,43,4,,4,16800
FD48503,01-01-2024,Monday,19,Dinner,Bengaluru,HSR Layout,Aarav S.,Wok & Roll,Chinese|Thai,Chilli Chicken|Hakka Noodles|Fried Rice,Non-Veg,3,560,BIRYANI30,150,Card,43,5,,4,6400
FD48502,01-01-2024,Monday,13,Lunch,Bengaluru,Indiranagar,Karan K.,Biryani Junction,Biryani|Hyderabadi|Mughlai,Chicken Biryani,Non-Veg,2,560,,0,Card,45,,,4.4,18400
FD48501,01-01-2024,Monday,8,Breakfast,Pune,Baner,Isha S.,Chai & Snacks,Beverages|Snacks,Samosa,Veg,2,50,,0,Cash,21,5,"Hot and tasty, loved it!",4.1,3900
